RID;NIVEAU;"Hoved
afdeling";KODE;KODE1;Rettelser;NACE_TITEL_DK;NACE_TITEL_ENG;DB25_GENERELLE_NOTER;DB25_OMFATTER;DB25_OMFATTER_OGSÅ;DB25_OMFATTER_IKKE
1001;1;A;A;A;;LANDBRUG, JAGT, SKOVBRUG OG FISKERI;AGRICULTURE, FORESTRY AND FISHING;"Denne hovedafdeling omfatter udnyttelsen af planteressourcer og animalske ressourcer, herunder dyrkning af afgrøder, husdyropdræt og -avl, høst af træer og andre planter, produktion af animalske produkter fra landbrug eller naturlige levesteder.

Hovedafdelingen omfatter også økologisk landbrug, akvakultur, dyrkning af genmodificerede afgrøder og opdræt af genmodificerede dyr.";;;
1002;2;A;01;1;;Plante- og husdyravl, jagt og serviceydelser i forbindelse hermed;Crop and animal production, hunting and related service activities;"Denne hovedgruppe omfatter to grundlæggende aktiviteter, nemlig produktion af vegetabilske produkter og produktion af animalske produkter.

Blandet landbrugsdrift (gruppe 01.5) bryder med de sædvanlige principper til identifikation af hovedaktivitet. Den tager højde for, at mange landbrug har et rimeligt balanceret forhold mellem plante- og husdyravl, og at en klassifikation i den ene eller anden kategori ville blive tilfældig.

Denne hovedgruppe omfatter jordløs dyrkning af afgrøder, fx ved hjælp af hydrokultur- og akvakulturmetoder. Denne hovedgruppe omfatter også serviceydelser i forbindelse med landbrug og jagt, fældefangst og aktiviteter i forbindelse hermed.

Landbrugsaktiviteter omfatter ikke efterfølgende forarbejdning af landbrugsprodukter, som er klassificeret under hovedgruppe 10 (Fremstilling af fødevarer) og 11 (Fremstilling af drikkevarer) og hovedgruppe 12 (Fremstilling af tobaksvarer) ud over den forarbejdning, der er nødvendig for afsætningen på de primære markeder. Forarbejdning af produkter til de primære markeder er omfattet her.

Denne hovedgruppe omfatter ikke anlæg af marker (fx anlæg af terrasser til dyrkning, dræning eller anlæg af rismarker), som er klassificeret i hovedafdeling F (Bygge- og anlægsaktiviteter), og omfatter heller ikke købere og handelskooperativer, der markedsfører landbrugsprodukter klassificeret i hovedafdeling G. Desuden er landskabspleje, som er klassificereret i undergruppe 81.30, heller ikke omfattet.";;;
1003;3;A;01.1;11;;Dyrkning af etårige afgrøder;Growing of non-perennial crops;Denne gruppe omfatter dyrkning af etårige afgrøder, dvs. planter, der ikke holder mere end to vækstsæsoner. Gruppen omfatter også dyrkning af disse planter til såsæd- og frøproduktion.;;;
1004;4;A;01.11;111;;Dyrkning af korn (undtagen ris), bælgfrugter og olieholdige frø;Growing of cereals, other than rice, leguminous crops and oil seeds;"Denne undergruppe omfatter alle former for dyrkning af korn, bælgfrugter og olieholdige frø på friland. 

Undergruppen omfatter også dyrkning af disse planter til såsæd- og frøproduktion. Dyrkning af disse afgrøder er ofte kombineret inden for landbrugsbedrifter.";;;
1005;5;A;01.11.00;11100;;Dyrkning af korn (undtagen ris), bælgfrugter og olieholdige frø;Growing of cereals, other than rice, leguminous crops and oil seeds;Branchen omfatter dyrkning af alle former for korn (undtagen ris), herunder pseudo-korn (fx quinoa), bælgfrugter og olieholdige frø.;"- dyrkning af kornarter, fx:
• hvede
• kernemajs
• durra
• byg
• rug
• havre
• hirse
- pseudokornarter, frugter eller frø - anvendt som korn, fx:
• quinoa
• amarant
• chia
- dyrkning af bælgfrugter, fx:
• bønner
• hestebønner
• kikærter
• vignabønner
• linser
• lupiner
• ærter
• ærtebønner
- dyrkning af olieholdige frø, fx:
• sojabønner
• jordnødder
• castorbønner
• hørfrø
• sennepsfrø
• nigerfrø
• rapsfrø
• saflorfrø
• sesamfrø
• solsikkefrø";;"- dyrkning af ris, jf. 01.12.00
- dyrkning af sukkermajs, jf. 01.13.00
- dyrkning af majs, lupiner og kål til foder, jf. 01.19.00
- dyrkning af olieholdige frugter, jf. 01.26.00"
1006;4;A;01.12;112;;Dyrkning af ris;Growing of rice;;;;
1007;5;A;01.12.00;11200;;Dyrkning af ris;Growing of rice;Branchen omfatter dyrkning af ris.;- dyrkning af ris;;
1008;4;A;01.13;113;;Dyrkning af grøntsager og meloner, rødder og rodknolde;Growing of vegetables and melons, roots and tubers;;;;
1009;5;A;01.13.00;11300;;Dyrkning af grøntsager og meloner, rødder og rodknolde;Growing of vegetables and melons, roots and tubers;"Branchen omfatter dyrkning af grøntsager og meloner, rødder og rodknolde, fx agurker, tomater, kartofler, maniok og honningmeloner.

Dyrkning af krydderiplanter og aromaplanter henvises til 01.28.00.";"- dyrkning af blad- og stængelgrøntsager, fx:
• artiskokker
• asparges
• kål
• blomkål og broccoli
• salat og julesalat
• spinat
- dyrkning af frugtbærende grøntsager, fx:
• agurker og asier
• auberginer
• tomater
• vandmeloner
- dyrkning af rodfrugter, løg- og knoldgrøntsager, fx:
• gulerødder
• majroer
• hvidløg
• løg (inkl. skalotteløg)
• porrer og andre løgagtige grøntsager
- dyrkning af svampe og trøfler
- dyrkning af grøntsagsfrø, herunder sukkerroefrø, bortset fra andre roefrø
- dyrkning af sukkerroer
- dyrkning af chilipebere, peberfrugter (Capsicum spp.)
- dyrkning af rødder og rodknolde, fx:
• kartofler
• søde kartofler
• kassava
• yams
• kålroer og beder";- dyrkning af sukkermajs;"- dyrkning af krydderiplanter og aromaplanter, jf. 01.28.00
- dyrkning af lægeplanter, jf. 01.28.00
- dyrkning af svampemycelium, jf. 01.30.00"
1010;4;A;01.14;114;;Dyrkning af sukkerrør;Growing of sugar cane;;;;
1011;5;A;01.14.00;11400;;Dyrkning af sukkerrør;Growing of sugar cane;"Branchen omfatter dyrkning af sukkerrør. 

Dyrkning af sukkerroer henvises til 01.13.00.";;;- dyrkning af sukkerroer, jf. 01.13.00
1012;4;A;01.15;115;;Dyrkning af tobak;Growing of tobacco;;;;
1013;5;A;01.15.00;11500;;Dyrkning af tobak;Growing of tobacco;Branchen omfatter dyrkning og den indledende forarbejdning af råtobak.;- dyrkning af råtobak;- indledende forarbejdning af tobak, når det er forbundet med dyrkning af tobak;"- tilberedning af tobaksblade (fx soltørring) af tredjemand, jf. 01.63.00
- fremstilling af tobaksvarer, jf. 12.00.00"
1014;4;A;01.16;116;;Dyrkning af tekstilplanter;Growing of fibre crops;;;;
1015;5;A;01.16.00;11600;;Dyrkning af tekstilplanter;Growing of fibre crops;Branchen omfatter dyrkning af tekstilplanter, fx bomuld, jute, hør og hamp.;"- dyrkning af tekstilplanter, fx:
• bomuld
• jute, kenaf og andre bastfibre
• hør og hamp
• sisal og andre agavefibre
• abaca, ramie og andre tekstilfiberplanter";;
1016;4;A;01.19;119;;Dyrkning af andre etårige afgrøder;Growing of other non-perennial crops;;;;
1017;5;A;01.19.00;11900;;Dyrkning af andre etårige afgrøder;Growing of other non-perennial crops;Branchen omfatter dyrkning af etårige afgrøder, fx foderafgrøder, roefrø og frø fra foderplanter samt dyrkning og fremstilling af blomster, afskårne blomster, blomsterknopper og blomsterfrø.;"- dyrkning af alle andre etårige afgrøder, fx:
• kløver, lucerne, esparsette, fodermajs, lupiner og andre græsser, foderkål og lignende foderplanter
• roefrø og frø af foderplanter
• blomster
• blomsterfrø
- afskæring af blomster og blomsterknopper";- dyrkning af flerårige blomster og andre prydplanter;"- dyrkning af sukkerroefrø, jf. 01.13.00
- dyrkning af etårige krydderiplanter, aromaplanter og lægeplanter, jf. 01.28.00"
1018;3;A;01.2;12;;Dyrkning af flerårige afgrøder;Growing of perennial crops;"Denne gruppe omfatter dyrkning af flerårige afgrøder, dvs. planter, der holder mere end to vækstsæsoner, som enten visner ned efter hver sæson eller vokser kontinuerligt. Gruppen omfatter også dyrkning af disse planter til såsæd- og frøproduktion.

Gruppen omfatter ikke:
- dyrkning af flerårige blomster og andre prydplanter, jf. 01.19.00";;;
1019;4;A;01.21;121;;Dyrkning af druer;Growing of grapes;;;;
1020;5;A;01.21.00;12100;;Dyrkning af druer;Growing of grapes;"Branchen omfatter dyrkning af druer, fx druer til presning og spisning. 

Fremstilling af vin henvises til 11.02.00.";- dyrkning af druer til konsum eller til produktion af vin, saft, eddike og tørret frugt, fx rosiner, korender og sultanaer;;"- fremstilling af saft, jf. 10.32.00
- fremstilling af vin, jf. 11.02.00"
1021;4;A;01.22;122;;Dyrkning af tropiske og subtropiske frugter;Growing of tropical and subtropical fruits;;;;
1022;5;A;01.22.00;12200;;Dyrkning af tropiske og subtropiske frugter;Growing of tropical and subtropical fruits;Branchen omfatter dyrkning af tropiske og subtropiske frugter, fx avocado, ananas, bananer, dadler, figner, mango og papaya.;"- dyrkning af tropiske og subtropiske frugter, fx:
• avocadoer
• bananer og pisanger
• dadler
• figner
• mangoer
• papayaer
• ananas
• rambutaner
• litchi";;
1023;4;A;01.23;123;;Dyrkning af citrusfrugter;Growing of citrus fruits;;;;
1024;5;A;01.23.00;12300;;Dyrkning af citrusfrugter;Growing of citrus fruits;Branchen omfatter dyrkning af citrusfrugter, fx grapefrugt, citron, lime og appelsiner.;"- dyrkning af citrusfrugter, fx:
• grapefrugt og pomelo
• citroner og lime
• appelsiner
• mandariner og klementiner";;
1025;4;A;01.24;124;;Dyrkning af kernefrugter og stenfrugter;Growing of pome fruits and stone fruits;;;;
1026;5;A;01.24.00;12400;;Dyrkning af kernefrugter og stenfrugter;Growing of pome fruits and stone fruits;Branchen omfatter dyrkning af frugter med sten eller kerner som fx æbler, pærer, kvæder, abrikoser, kirsebær, ferskner, blommer og slåen.;"- dyrkning af kernefrugter og stenfrugter, fx:
• æbler
• abrikoser
• kirsebær og surkirsebær
• ferskner og nektariner
• pærer og kvæder
• blommer og slåen";;"- dyrkning af mango, rambutan og litchi, jf. 01.22.00
- dyrkning af oliven, jf. 01.26.00"
1027;4;A;01.25;125;;Dyrkning af andre træfrugter, bær og nødder;Growing of other tree and bush fruits and nuts;;;;
1028;5;A;01.25.00;12500;;Dyrkning af andre træfrugter, bær og nødder;Growing of other tree and bush fruits and nuts;"Branchen omfatter dyrkning af andre træfrugter, bær og nødder, fx blåbær, ribs, solbær, stikkelsbær, hindbær, jordbær og kiwifrugter. 

Branchen omfatter også dyrkning af frugtfrø samt dyrkning af spiselige nødder, bortset fra kokosnødder, som henvises til 01.26.00.";"- dyrkning af bær, fx:
• blåbær
• ribs og solbær
• stikkelsbær
• kiwi
• hindbær
• jordbær
• havtorn
- dyrkning af frugtfrø
- dyrkning af spiselige nødder, fx:
• mandler
• cashewnødder
• kastanjer
• hasselnødder
• pistacienødder
• valnødder
• pinjekerner
- dyrkning af andre træfrugter og bær, fx:
• johannesbrød";;- dyrkning af kokosnødder, jf. 01.26.00
1029;4;A;01.26;126;;Dyrkning af olieholdige frugter;Growing of oleaginous fruits;;;;
1030;5;A;01.26.00;12600;;Dyrkning af olieholdige frugter;Growing of oleaginous fruits;"Branchen omfatter dyrkning af olieholdige frugter, fx kokosnødder, oliven og olieplanter. 

Dyrkning af sojabønner, jordnødder og andre olieholdige frø henvises til 01.11.00.";"- dyrkning af olieholdige frugter, fx:
• kokosnødder
• oliven
• oliepalmer";;"- dyrkning af sojabønner, jordnødder og andre olieholdige frø, jf. 01.11.00
- dyrkning af nødder til olie, fx valnødder, mandler, hasselnødder, pinjekerner og pistacienødder, jf. 01.25.00"
1031;4;A;01.27;127;;Dyrkning af planter til fremstilling af drikkevarer;Growing of beverage crops;;;;
1032;5;A;01.27.00;12700;;Dyrkning af planter til fremstilling af drikkevarer;Growing of beverage crops;Branchen omfatter dyrkning af planter til fremstilling af drikkevarer, fx kaffe og te.;"- dyrkning af planter til fremstilling af drikkevarer, fx:
• kaffe
• te
• maté
• kakao";;"- dyrkning af druer, jf. 01.21.00
- dyrkning af humle, jf. 01.28.00"
1033;4;A;01.28;128;;Dyrkning af krydderiplanter, aromaplanter og lægeplanter;Growing of spices, aromatic, drug and pharmaceutical crops;;;;
1034;5;A;01.28.00;12800;;Dyrkning af krydderiplanter, aromaplanter og lægeplanter;Growing of spices, aromatic, drug and pharmaceutical crops;Branchen omfatter dyrkning af krydderiplanter, aromaplanter og lægeplanter som fx peber, chilipeber, muskatnødder, anis, kartemomme, kanel, ingefær, vanilje og humle.;"- dyrkning af etårige krydderiplanter og aromaplanter:
• peber (Piper spp.)
• muskatnød, muskatblomme og kardemomme
• anisfrø, stjerneanis og fennikel som krydderi- eller aromaplante
• kanel
• kryddernellike
• ingefær
• vanilje
• humle
• kommen
- dyrkning af lægeplanter";- tørring af krydderiplanter, aromaplanter og lægeplanter, der er forbundet med dyrkningen af planterne;- soltørring af krydderiplanter, aromaplanter og lægeplanter foretaget af tredjepart, jf. 01.63.00
1035;4;A;01.29;129;;Dyrkning af andre flerårige afgrøder;Growing of other perennial crops;;;;
1036;5;A;01.29.00;12900;;Dyrkning af andre flerårige afgrøder;Growing of other perennial crops;Branchen omfatter dyrkning af andre flerårige afgrøder, fx juletræer, træer til udvinding af træsaft og plantemateriale til brug for fletning. Branchen omfatter også dyrkning af gummitræer til udvinding af latex.;"- dyrkning af gummitræer til høst af latex
- dyrkning af juletræer
- dyrkning af træer til udtræk af plantesaft
- dyrkning af vegetabilske materialer af den art, der hovedsagelig anvendes til flettearbejde";;"- dyrkning af blomster, produktion af afskårne blomsterknopper og dyrkning af blomsterfrø, jf. 01.19.00
- indsamling af saft eller gummilignende stof fra træer i naturen, jf. 02.30.00"
1037;3;A;01.3;13;;Planteformering;Plant propagation;;;;
1038;4;A;01.30;130;;Planteformering;Plant propagation;Denne undergruppe omfatter produktion af alle vegetative plantematerialer, herunder stiklinger, rod- og sideskud samt kimplanter til direkte planteformering eller til fremstilling af grundstammer til forædling med henblik på podning til endelig udplantning til fremstilling af afgrøder.;;;
1039;5;A;01.30.00;13000;;Planteformering;Plant propagation;Branchen omfatter fremstilling af stiklinger, rodskud, sideskud og kimplanter til direkte planteformering eller med henblik på podning til eventuel udplantning.;"- dyrkning af planter til udplantning
- dyrkning af prydplanter, herunder græs til udlægning
- dyrkning af levende planter til løg, rod- og stængelknolde, stiklinger og aflæggere
- svampemycelium
- drift af træplanteskoler, bortset fra forstplanteskoler";;"- dyrkning af planter til såsæd- og frøproduktion, jf. 01.1 og 01.2
- drift af forstplanteskoler, jf. 02.10"
1040;3;A;01.4;14;;Husdyravl;Animal production;"Denne gruppe omfatter opdræt og avl af alle dyr, bortset fra vandlevende dyr.

Gruppen omfatter ikke:
- husdyrspensioner og pasning af husdyr, jf. 01.62.00
- fremstilling af huder og skind fra slagterier, jf. 10.11.10 og 10.11.90";;;
1041;4;A;01.41;141;;Avl af malkekvæg;Raising of dairy cattle;;;;
1042;5;A;01.41.00;14100;;Avl af malkekvæg;Raising of dairy cattle;"Branchen omfatter opdræt og avl af malkekvæg, fx produktion af råmælk fra køer eller bøfler og produktion af tyresæd af mælkeracer. 

Forarbejdning af mælk henvises til 10.51.00.";"- opdræt og avl af malkekvæg og/eller bøfler
- produktion af råmælk fra køer eller bøfler
- produktion af tyresæd af malkeracer";;- forarbejdning af mælk, jf. 10.51.00
1043;4;A;01.42;142;;Avl af andet kvæg og bøfler;Raising of other cattle and buffaloes;;;;
1044;5;A;01.42.00;14200;;Avl af andet kvæg og bøfler;Raising of other cattle and buffaloes;Branchen omfatter opdræt og avl af andet kvæg og bøfler til kødproduktion samt produktion af tyresæd.;"- opdræt og avl af kvæg og bøfler til kødproduktion
- produktion af tyresæd af kødracer";"- opdræt og avl af kvæg og bøfler som trækdyr
- opdræt og avl af kamptyre";
1045;4;A;01.43;143;;Avl af heste og dyr af hestefamilien;Raising of horses and other equines;;;;
1046;5;A;01.43.00;14300;;Avl af heste og dyr af hestefamilien;Raising of horses and other equines;"Branchen omfatter opdræt og avl af heste og dyr af hestefamilien, fx æsler, muldyr og mulæsler. 

Drift af stalde for væddeløbsheste og rideskoler henvises til 93.19.00.";- opdræt og avl af heste, æsler, muldyr og mulæsler, uanset formål;;- drift af stalde for væddeløbsheste og rideskoler (hvis de ikke har avlsaktiviteter), jf. 93.19.00
1047;4;A;01.44;144;;Avl af kameler og dyr af kamelfamilien;Raising of camels and camelids;;;;
1048;5;A;01.44.00;14400;;Avl af kameler og dyr af kamelfamilien;Raising of camels and camelids;Branchen omfatter opdræt og avl af kameler og dyr af kamelfamilien, fx dromedarer.;- opdræt og avl af kameler (dromedarer) og dyr af kamelfamilien;;
1049;4;A;01.45;145;;Avl af får og geder;Raising of sheep and goats;;;;
1050;5;A;01.45.00;14500;;Avl af får og geder;Raising of sheep and goats;Branchen omfatter opdræt og avl af får og geder samt produktion af rå fåremælk og gedemælk samt råuld.;"- opdræt og avl af får og geder
- produktion af råmælk fra får og geder
- produktion af råuld";;"- fåreklipning, på honorar- eller kontraktbasis, jf. 01.62.00
- produktion af kradsuld, jf. 10.11.90
- forarbejdning af mælk, jf. 10.51.00"
1051;4;A;01.46;146;;Svineavl;Raising of swine and pigs;;;;
1052;5;A;01.46.10;14610;;Avl af smågrise;Breeding of piglets;Branchen omfatter avl af smågrise.;- avl af smågrise;;
1053;5;A;01.46.20;14620;;Produktion af slagtesvin;Production of pigs for slaughter;Branchen omfatter opdræt og avl af slagtesvin.;- opdræt og avl af svin til slagtning;;
1054;4;A;01.47;147;;Fjerkræavl;Raising of poultry;;;;
1055;5;A;01.47.00;14700;;Fjerkræavl;Raising of poultry;"Branchen omfatter opdræt og avl af fjerkræ, fx høns, kalkuner, ænder, gæs og perlehøns. Branchen omfatter også ægproduktion og drift af fjerkrærugerier. 

Produktion af fjer og dun henvises til 10.12.00.";"- opdræt og avl af fjerkræ, fx:
• høns, kalkuner, ænder, gæs, vagtler, strudse eller perlehøns
- ægproduktion fra fjerkræ
- drift af fjerkrærugerier
- automatiseret ægrugning til fjerkræ";;- produktion af fjer og dun, jf. 10.12.00
1056;4;A;01.48;148;;Avl af andre dyr;Raising of other animals;;;;
1057;5;A;01.48.00;14800;;Avl af andre dyr;Raising of other animals;Branchen omfatter opdræt og avl af kæledyr, krybdyr, orme og biavl, bortset fra fisk. Branchen omfatter også produktion af skind fra opdrættede krybdyr eller fugle.;"- opdræt og avl af delvist domesticerede eller andre levende dyr:
• fugle (bortset fra fjerkræ og strudse)
• insekter
• kaniner og andre pelsdyr
• rensdyr
- produktion af skind fra fx opdrættede krybdyr (slanger eller skildpadder) eller fugle (ikke fjerkræ)
- opdræt af krybdyr, bortset fra krokodiller
- drift af ormefarme, bløddyrfarme, sneglefarme mv., på land
- opdræt af silkeorme, produktion af silkeormekokoner
- biavl og produktion af fx honning, bivoks, opformering af bier med henblik på salg, propolis, biforgiftning og vokstavler
- opdræt og avl af kæledyr (bortset fra fisk), fx:
• katte og hunde
• fugle, fx parakitter
• hamstere";;"- fremstilling af huder og skind, der stammer fra jagt og fældefangst, jf. 01.70.00
- opdræt af levende prydfisk, jf. 03.21.00
- drift af frøfarme, krokodillefarme, ormehavbrug, jf. 03.21.00 og 03.22.00
- drift af fiskedambrug, jf. 03.21.00 og 03.22.00
- indlogering og træning af kæledyr, jf. 96.99.00
- drift af dyreinternater for herreløse (kæle)dyr, jf. 96.99.00"
1058;3;A;01.5;15;;Blandet landbrugsdrift;Mixed farming;;;;
1059;4;A;01.50;150;;Blandet landbrugsdrift;Mixed farming;;;;
1060;5;A;01.50.00;15000;;Blandet landbrugsdrift;Mixed farming;Branchen omfatter kombineret produktion af afgrøder og dyr, hvor hverken produktion af afgrøder eller opdræt og avl af dyr er klart dominerende i indtjeningen.;- kombineret produktion af afgrøder og dyr uden specialiseret produktion af afgrøder eller opdræt og avl af dyr;;"- dyrkning af blandede afgrøder, jf. 01.1 og 01.2
- blandet husdyravl, jf. 01.4"
1061;3;A;01.6;16;;Støtteaktiviteter i forbindelse med landbrug og forarbejdning af afgrøder efter høst;Support activities to agriculture and post-harvest crop activities;Denne gruppe omfatter aktiviteter i forbindelse med landbrugsproduktion og landbrugslignende aktiviteter, som ikke foregår med produktionsformål (forstået som høst af landbrugsprodukter), sædvanligvis udført på honorar- eller kontraktbasis. Gruppen omfatter også forarbejdning af afgrøder efter høst med henblik på afsætning af landbrugsprodukter på det primære marked.;;;
1062;4;A;01.61;161;;Støtteaktiviteter i forbindelse med planteavl;Support activities for crop production;;;;
1063;5;A;01.61.00;16100;;Støtteaktiviteter i forbindelse med planteavl;Support activities for crop production;"Branchen omfatter tjenesteydelser på honorar- eller kontraktbasis i forbindelse med planteavl, fx sprøjtning af afgrøder, beskæring af frugttræer, høst, skadedyrsbekæmpelse (herunder kaniner) inden for landbrug, markvandingsudstyr, udlejning af landbrugsmaskiner med betjeningspersonale og mandskab. 

Forarbejdning af afgrøder efter høst henvises til 01.63.00.";"- ydelser på honorar- eller kontraktbasis i forbindelse med produktion af afgrøder:
• forberedelse af marker
• etablering af en afgrøde
• behandling af afgrøder
• sprøjtning af afgrøder, herunder fra luften
• beskæring af frugttræer og vinstokke
• omplantning af ris og udtynding af roer
• høst
• skadedyrsbekæmpelse (herunder kaniner) inden for landbrug
• drift af markvandingsudstyr";"- udlejning af landbrugsmaskiner med betjeningspersonale og mandskab
- vedligeholdelse af egen eller leaset jord, så den holdes i god stand, uden landbrugsproduktion";"- forarbejdning af afgrøder efter høst, jf. 01.63.00
- dræning af landbrugsarealer, jf. 43.12.00
- landskabsarkitektur, jf. 71.11.00
- agronomer og landbrugsøkonomers aktiviteter, jf. 74.99.10
- havearkitektur og beplantning, jf. 81.30.00
- afholdelse af landbrugsudstillinger og -messer, jf. 82.30.00"
1064;4;A;01.62;162;;Støtteaktiviteter i forbindelse med husdyravl;Support activities for animal production;;;;
1065;5;A;01.62.00;16200;;Støtteaktiviteter i forbindelse med husdyravl;Support activities for animal production;Branchen omfatter tjenesteydelser på honoar - eller kontraktbasis i forbindelse med husdyravl, fx beslagsmedes aktiviteter, fåreklipning, opstaldning og pasning af husdyr samt aktiviteter i forbindelse med kunstig inseminering.;"- tjenesteydelser på honorar- eller kontraktbasis i forbindelse med husdyravl
• aktiviteter til fremme af avl, vækst og udbytte af husdyr
• tjenesteydelser til prøvning af besætninger, kvægdrivningstjenester, græsningstjenester, hanekastration, rengøring af hønsehuse mv.
• aktiviteter i forbindelse med kunstig inseminering
• tjenesteydelser til bedækning
• fåreklipning
• opstaldning og pasning af husdyr";- beslagsmedes aktiviteter;"- udlejning af plads udelukkende til opstaldning af husdyr, jf. 68.20.40
- landbrugsforskningsaktiviteter, jf. 72.10.00
- dyrlægeaktiviteter, jf. 75.00.00
- vaccination af husdyr, jf. 75.00.00
- udlejning af husdyr (fx bestande og væddeløbsheste ), jf. 77.39.90
- opstaldning af kæledyr, jf. 96.99.00"
1066;4;A;01.63;163;;Forarbejdning af afgrøder efter høst af frø/sædekorn til udsæd;Post-harvest crop activities and seed processing for propagation;"Denne undergruppe omfatter aktiviteter på honorar- eller kontraktbasis efter høst af afgrøder.

Denne undergruppe omfatter også alle aktiviteter efter høst, der har til formål at forbedre kvaliteten af frø og sædekorn ved at fjerne materiale, som ikke er frø, og for små, mekanisk eller insektbeskadigede og umodne frø samt reducere fugten til et niveau, der tillader sikker opbevaring af frøene.";;;
1067;5;A;01.63.00;16300;;Forarbejdning af afgrøder efter høst af frø/sædekorn til udsæd;Post-harvest crop activities and seed processing for propagation;Branchen omfatter aktiviteter på honorar- eller kontraktbasis i forbindelse med forarbejdning af afgrøder, fx rensning, kunstig modning af frugt som serviceydelse, tørring og voksning af frugt mv.;"- desinficering
- bomuldsegrenering
- forarbejdning af tobaksblade, fx soltørring
- forarbejdning af kakaobønner, fx afskalning
- voksning af frugt
- tørring af frugt, grøntsager, urter, krydderier, lægeurter og tobak
- sortering, rensning og klipning af lægeurter
- korntørring
- aktiviteter efter høst med henblik på at forbedre frøformeringskvaliteten, fx ved fjernelse af ikke-frømaterialer, beskadigede eller umodne frø, samt at reducere frøets fugtighed til et sikkert niveau for opbevaring
- rødning af planter, der bærer tekstilfibre (jute, hør, kokos mv.), som ikke er forbundet med dyrkning af plantetekstilfibre
- kunstig modning af frugt som en serviceydelse, fx modning af bananer";"- tørring, rensning, sortering og behandling af frø og sædekorn frem til det sendes på markedet
- behandling af genetisk modificerede frø og sædekorn";"- producentens bearbejdning af landbrugsprodukter, jf. tilsvarende undergrupper i gruppe 01.1, 01.2 eller 01.3
- dyrkning af frø, jf. 01.1 og 01.2
- bearbejdning af frø til fremstilling af olie, jf. 10.41.00
- stripning og gentørring af tobak, jf. 12.00.00
- kommissionærers og andelsselskabers markedsføringsaktiviteter, jf. hovedgruppe 46
- engroshandel med landbrugsråvarer, jf. 46.2
- forskning med henblik på at udvikle eller modificere nye typer af frø, jf. 72.10.00"
1068;3;A;01.7;17;;Jagt, fældefangst og serviceydelser i forbindelse hermed;Hunting, trapping and related service activities;;;;
1069;4;A;01.70;170;;Jagt, fældefangst og serviceydelser i forbindelse hermed;Hunting, trapping and related service activities;;;;
1070;5;A;01.70.00;17000;;Jagt, fældefangst og serviceydelser i forbindelse hermed;Hunting, trapping and related service activities;"Branchen omfatter jagt og fældefangst på kommerciel basis samt fangst af dyr med henblik på produktion af fødevarer og pelsværk eller til anvendelse inden for forskning, i zoologiske haver eller som kæledyr. 

Branchen omfatter også landbaseret fangst af havpattedyr som fx hvalrosser og sæler.";"- jagt og fældefangst på kommerciel basis
- fangst og indsamling af vilde dyr (døde eller levende) med henblik på i) produktion af fødevarer, pelsværk, skind og ii) anvendelse inden for forskning, i zoologiske haver eller som kæledyr
- produktion af pelsværk og skind af fugle, krybdyr og andre dyr nedlagt ved jagt eller fanget i fælder
- indfangning af frøer og indsamling af snegle i naturen";"- landbaseret fangst af havpattedyr, fx hvalros eller sæl
- jagt af ræve, mink og ulve med henblik på at beskytte husdyr
- jagt med henblik på at regulere vildtbestanden";"- opdræt af vildtdyr på farme, jf. 01.4
- produktion af pelsværk og skind fra opdrættede af krybdyr, fx slanger, skildpadder, eller fugle, jf. 01.48.00
- skadedyrsbekæmpelse (herunder kaniner) inden for landbrug, jf. 01.61.00
- hvalfangst, jf. 03.11.00
- fremstilling af huder og skind, der stammer fra slagterier, jf. 10.11.90
- jagt, som sport eller fritidsinteresse og serviceydelser i forbindelse hermed, jf. 93.19.00
- aktiviteter til fremme af jagt og fældefangst, jf. 94.99.00"
1071;2;A;02;2;;Skovbrug og skovning;Forestry and logging;Denne hovedgruppe omfatter dyrkning af træer og produktion af rundtømmer samt udslæbning og indsamling af vildtvoksende forstmateriale undtagen træer. Foruden produktionen af tømmer fører skovbrugsaktiviteterne også til produkter, som kun udsættes for en smule forarbejdning, fx brænde, trækul og rundtømmer, der bruges i uforarbejdet form (fx pitprops, råtræ). Disse aktiviteter kan udføres i naturlige, seminaturlige eller plantede skove. Undtaget er yderligere forarbejdning af træ begyndende med udsavning og høvling af træ, jf. hovedgruppe 16.;;;
1072;3;A;02.1;21;;Dyrkning af træer og andre skovbrugsaktiviteter;Silviculture and other forestry activities;;;;
1073;4;A;02.10;210;;Dyrkning af træer og andre skovbrugsaktiviteter;Silviculture and other forestry activities;;;;
1074;5;A;02.10.00;21000;;Dyrkning af træer og andre skovbrugsaktiviteter;Silviculture and other forestry activities;"Branchen omfatter dyrkning af træer og andre skovbrugsaktiviteter, fx dyrkning af skovtræer, lavskov og drift af skovplanteskoler. 

Dyrkning af juletræer henvises til 01.29.00 og drift af træplanteskoler, undtagen skovtræer, henvises til 01.30.00.";"- dyrkning af træ på rod: plantning, genplantning, udplantning, udtynding og bevarelse af skove og tømmerområder
- dyrkning af lavskov, råtræ og brænde
- drift af skovplanteskoler
- dyrkning af poppel og pil

Disse aktiviteter kan udføres i naturlige, seminaturlige eller plantede skove.";;"- dyrkning af juletræer, jf. 01.29.00
- drift af træplanteskoler, undtagen skovtræer, jf. 01.30.00
- indsamling af svampe og andet vildtvoksende forstmateriale undtagen træer, jf. 02.30.00
- produktion af flis og spån, som ikke er knyttet til skovbrugsaktiviteter, jf. 16.11.00
- produktion af brændeknuder, som ikke er knyttet til skovbrugsaktiviteter, jf. 16.26.00
- aktiviteter vedrørende pleje af havetræer og planteskoledrift, jf. 81.30.00
- bevaring og vedligeholdelse af nationalparker, naturparker og reservater, jf. 91.42.00"
1075;3;A;02.2;22;;Skovning;Logging;;;;
1076;4;A;02.20;220;;Skovning;Logging;;;;
1077;5;A;02.20.00;22000;;Skovning;Logging;Branchen omfatter produktion af rundtømmer, indsamling og produktion af træ og træhugningsaffald til energi samt fremstilling af trækul i skoven.;"- produktion af rundtømmer til skovbaserede produktionsindustrier
- produktion af rundtømmer, der bruges i uforarbejdet form, fx pitprops, hegnspæle og telefonpæle";"- indsamling og produktion af restprodukter fra skovning, fx kvas, stubbe, flis fra skovning og andet skovaffald til energi
- produktion af trækul i skoven (ved hjælp af traditionelle metoder)";"- dyrkning af juletræer, jf. 01.29.00
- dyrkning af træ på rod: plantning, genplantning, udplantning, udtyndning og bevarelse af skove og tømmerområder, jf. 02.10.00
- indsamling af vildtvoksende forstmateriale, undtagen træer, jf. 02.30.00
- produktion af flis og spån, som ikke er knyttet til skovbrugsaktiviteter, jf. 16.11.00
- produktion af trækul gennem forkulning, jf. 20.14.00"
1078;3;A;02.3;23;;Indsamling af vildtvoksende forstmateriale, undtagen træer;Gathering of wild growing non-wood products;;;;
1079;4;A;02.30;230;;Indsamling af vildtvoksende forstmateriale, undtagen træer;Gathering of wild growing non-wood products;;;;
1080;5;A;02.30.00;23000;;Indsamling af vildtvoksende forstmateriale, undtagen træer;Gathering of wild growing non-wood products;Branchen omfatter indsamling af vildtvoksende forstmateriale, fx bær, svampe, nødder, mos og ålegræs.;"- indsamling af vildtvoksende materiale, fx:
• svampe og trøfler
• bær
• nødder
• balata og andet gummiagtig harpiks
• kork
• lak og harpiks, herunder harpiks fra balsamtræet
• agern og hestekastanjer
• mos og lav
• vegetabilsk krølhår/ålegræs";- høst af vilde urter og tilknyttet naturlig tørring;"- ikke-vildtvoksende af omtalte materiale (undtagen dyrkning af korktræer), jf. hovedgruppe 01
- dyrkning af svampe eller trøfler, jf. 01.13.00
- dyrkning af bær og nødder, jf. 01.25.00
- indsamling af brænde, jf. 02.20.00"
1081;3;A;02.4;24;;Støtteaktiviteter i forbindelse med skovbrug;Support services to forestry;;;;
1082;4;A;02.40;240;;Støtteaktiviteter i forbindelse med skovbrug;Support services to forestry;Denne undergruppe omfatter udførelse af en del af skovbruget på honorar- eller kontraktbasis.;;;
1083;5;A;02.40.00;24000;;Støtteaktiviteter i forbindelse med skovbrug;Support services to forestry;Branchen omfatter serviceydelser til skovbrug, såsom konsulentbistand, skadedyrsbekæmpelse samt transport af træstammer i skoven og udlejning af skovbrugsmaskiner.;"- serviceydelser i forbindelse med skovbrug:
• skovinventeringer
• konsulentydelser i forbindelse med skovforvaltning
• tømmerevaluering
• bekæmpelse og forebyggelse af skovbrande
• skadedyrsbekæmpelse i skove
- serviceydelser i forbindelse med skovning:
• transport af træstammer i skoven";;"- drift af skovplanteskoler, jf. 02.10.00
- dræning af skovarealer, jf. 43.12.00
- rydning af byggepladser, jf. 43.12.00"
1084;2;A;03;3;;Fiskeri og akvakultur;Fishing and aquaculture;"Denne hovedgruppe omfatter vildtfiskeri og akvakultur, som består af indsamling af saltvands-, brakvands- eller ferskvandsfisk, krebsdyr, bløddyr samt andre organismer og produkter (fx vandplanter, perler og havsvampe).
Hovedgruppen omfatter også serviceydelser knyttet til saltvands- eller ferskvandsfiskeri eller akvakultur.

Denne hovedgruppe omfatter ikke:
- forarbejdning af fisk, krebsdyr eller bløddyr, både på landbaserede anlæg eller på fabriksskibe, jf. 10.20.20
- bygning og reparation af skibe og både, jf. 30.11.00, 30.13.00, 33.15.00 og 33.18.00
- sports- eller fritidsfiskeri, jf. 93.19.00";;;
1085;3;A;03.1;31;;Fiskeri;Fishing;"Denne gruppe omfatter ""vildtfiskeri"", dvs. opfiskning og indsamling for at fjerne eller indsamle levende, vilde vandorganismer (primært fisk, bløddyr og krebsdyr), herunder planter fra havet, kystnære eller indre farvande, til direkte konsum og andre formål med hånden eller oftere ved hjælp af forskelligt fiskeudstyr, fx net, fiskesnøre og stationære fælder. Sådanne aktiviteter kan udføres ved tidevandskystlinjer (fx indsamling af bløddyr såsom muslinger og østers), i kystnært vand eller på havet. Disse aktiviteter omfatter også fiskeri i vandområder, hvor der er udsat yngel.";;;
1086;4;A;03.11;311;;Havfiskeri;Marine fishing;;;;
1087;5;A;03.11.00;31100;;Havfiskeri;Marine fishing;Branchen omfatter havfiskeri på kommerciel basis, fx fangst og indsamling af vildtlevende fisk, krebs, hvaler, skildpadder, søpindsvin mv. i hav og kystfarvande.;"- erhvervsfiskeri i have og kystnært vand
- fangst af havkrebsdyr og -bløddyr
- hvalfangst
- fangst af havdyr, fx skildpadder, søpunge, sækdyr og søpindsvin";- indsamling af andre havorganismer og materialer: naturperler, havsvampe, koraller, tang og alger;"- fangst af havpattedyr bortset fra hvaler, fx sæler og hvalrosser, jf. 01.70.00
- forarbejdning af hvaler på fabriksskibe, jf. 10.11.90
- forarbejdning af fisk, krebsdyr og bløddyr på fabriksskibe eller på fabrikker på land, jf. 10.20.20
- leje af lystfartøjer med besætning til hav- og kysttransport (fx til fiskerture), jf. 50.10.00
- fiskeriinspektion, -beskyttelse og -patruljering, jf. 84.24.00
- fiskeri til sport eller fritid samt relaterede ydelser, jf. 93.19.00
- drift af sportsfiskedamme, jf. 93.19.00"
1088;4;A;03.12;312;;Ferskvandsfiskeri;Freshwater fishing;;;;
1089;5;A;03.12.00;31200;;Ferskvandsfiskeri;Freshwater fishing;Branchen omfatter ferskvandsfiskeri på kommerciel basis samt fangst og indsamling af fisk, krebs- og bløddyr samt andre ferskvandslevende organismer i ferskvand.;"- erhvervsfiskeri i indre farvande
- fangst af ferskvandskrebsdyr og -bløddyr
- fangst af ferskvandsdyr";"- indsamling af ferskvandsmaterialer
- indsamling af andre organismer: tang og alger";"- fangst af frøer eller indsamling af snegle i naturen, jf. 01.70.00
- indsamling af vilde planter, fx siv, halvgræs, jf. 02.30.00
- forarbejdning af fisk, krebsdyr og bløddyr på fabriksskibe eller på fabrikker på land, jf. 10.20.20
- fiskeriinspektion, -beskyttelse og -patruljering, jf. 84.24.00
- fiskeri til sport eller fritid samt relaterede ydelser, jf. 93.19.00
- drift af sportsfiskedamme, jf. 93.19.00"
1090;3;A;03.2;32;;Akvakultur;Aquaculture;"Denne gruppe omfatter akvakultur (eller vandbrug), dvs. den produktionsproces, der omfatter dyrkning og opdræt (herunder indsamling) af vandorganismer (fx fisk, bløddyr, krebsdyr, planter og amfibier) ved hjælp af teknikker, som er designet til at øge produktionen af de pågældende organismer ud over miljøets naturlige kapacitet (fx regelmæssig udsættelse af yngel, fodring og beskyttelse mod rovdyr). Akvakultur omfatter også privat-, erhvervs- eller statsejet individuelle organismer i hele opdrætningsfasen op til og inklusive indsamling.

Dyrkning/opdræt betyder opdrætning til deres ungdoms- og/eller voksenfase i fangenskab af ovenstående organismer.

Gruppen omfatter også:
- avl/opdræt af yngel og voksne under kunstige forhold

Gruppen omfatter ikke:
- avl/opdræt af reptiler (herunder slanger og skildpadder), jf. 01.48.00
- produktion af skind fra opdrættede krybdyr, fx slanger og skildpadder, eller fugle, jf. 01.48.00
- opdræt af krybdyr, jf. 01.48.00";;;
1091;4;A;03.21;321;;Havbrug;Marine aquaculture;;;;
1092;5;A;03.21.00;32100;;Havbrug;Marine aquaculture;Branchen omfatter opdræt i saltvand, fx af fisk, skaldyr og bløddyr samt opdræt af yngel og dyrkning af tang. Akvakulturaktiviteter i brakvand er også omfattet.;"- fiskeopdræt i havvand, herunder opdræt af fiskeyngel, småfisk og saltvandsprydfisk
- opdræt af skaldyr, herunder yngel af fx østers, muslinger, krebsdyr, små hummere og rejer i havvand
- dyrkning af tang og alger
- dyrkning af krebsdyr, muslinger, andre bløddyr og andre vanddyr i havvand";"- akvakulturaktiviteter i brakvand
- landbaserede akvakulturaktiviteter i tanke og reservoirer fyldt med saltvand
- drift af havklækningsanlæg og børsteormefarme
- dyrkning af havmikroalger";"- frøopdræt, jf. 03.22.00
- drift af sportsfiskedamme, jf. 93.19.00"
1093;4;A;03.22;322;;Ferskvandsbrug;Freshwater aquaculture;;;;
1094;5;A;03.22.00;32200;;Ferskvandsbrug;Freshwater aquaculture;Branchen omfatter opdræt i ferskvand, fx af fisk, krebs og bløddyr samt fiskeklækkerier og frøopdræt. Dyrkning af tang og alger er også omfattet.;"- fiskeopdræt i ferskvand, herunder opdræt af ferskvandsprydfisk
- opdræt af ferskvandskrebsdyr, muslinger, andre bløddyr og ferskvandsdyr i ferskvand
- drift af fiskeklækningsanlæg (ferskvand)
- frøopdræt
- dyrkning af tang og alger";- dyrkning af ferskvandsmikroalger;"- akvakulturaktiviteter i tanke og reservoirer fyldt med saltvand, jf. 03.21.00
- drift af sportsfiskedamme, jf. 93.19.00"
1095;3;A;03.3;33;;Støtteaktiviteter i forbindelse med fiskeri og akvakultur;Support activities for fishing and aquaculture;"Denne gruppe omfatter serviceydelser knyttet til saltvands- eller ferskvandsfiskeri eller -akvakultur.

Gruppen omfatter ikke:
- fiskeri og akvakulturaktiviteter, jf. 03.1 og 03.2
- forarbejdning af fisk, krebsdyr og bløddyr på fabriksskibe eller på fabrikker på land, jf. 10.20.20
- aktiviteter relateret til servicering af udstyr og/eller fartøjer, jf. hovedgruppe 33
- handel med fiskeprodukter, jf. hovedgruppe 46 og 47";;;
1096;4;A;03.30;330;;Støtteaktiviteter i forbindelse med fiskeri og akvakultur;Support activities for fishing and aquaculture;;;;
1097;5;A;03.30.00;33000;;Støtteaktiviteter i forbindelse med fiskeri og akvakultur;Support activities for fishing and aquaculture;"Branchen omfatter serviceydelser til fiskeri eller akvakultur, fx fiskerikontrol og dykkerydelser til akvakultur. 

Forarbejdning af fisk og andre akvakulturprodukter på fabriksskibe eller på fabrikker på land henvises til 10.20.20.";"- serviceydelser knyttet til saltvands- eller ferskvandsfiskeri eller -akvakultur, fx:
• dykkerydelser i forbindelse med akvakultur
• ydelser til fjernstyret undervandsfartøj til akvakultur
• reparations- og vedligeholdelsesydelser til fiskekar
• andre støtteaktiviteter i forbindelse med fiskeri og akvakultur i.a.n.";- fiskeri- og akvakulturkontrol;"- fiskeri- og akvakulturaktiviteter, jf. 03.1 og 03.2
- forarbejdning af fisk og akvakulturprodukter på fabriksskibe eller på fabrikker på land, jf. 10.20.20
- forarbejdning af fisk, krebsdyr og bløddyr, jf. 10.20.20
- aktiviteter i forbindelse med servicering af udstyr og/eller fartøjer, jf. hovedgruppe 33
- handel og transport af fiske- og akvakulturprodukter, jf. hovedgruppe 46, 47 eller 52
- fiskeri- og akvakulturkontrol, jf. 84.13.00
- fiskeri til sport eller fritid samt relaterede ydelser, jf. 93.19.00
- drift af sportsfiskedamme, jf. 93.19.00"
1098;1;B;B;B;;RÅSTOFINDVINDING;MINING AND QUARRYING;"Denne hovedafdeling omfatter indvinding af naturligt forekommende mineraler som faste materialer (kul eller malme), væsker (råolie) eller gas (naturgas). Indvinding kan opnås gennem forskellige metoder, såsom underjordisk eller overjordisk indvinding, brønddrift og havbundsminedrift mv.

Denne hovedafdeling omfatter også supplerende aktiviteter, der har til formål at forberede råstofferne til afsætning, fx knusning, formaling, rensning, tørring, sortering, koncentrering af malme og likvefaktion af naturgasser.

Råstofindvinding er klassificeret i hovedgrupper, grupper og klasser, på baggrund af hvilket hovedmineral, der produceres. Hovedgrupperne 05 og 06 vedrører råstofindvinding af fossile brændstoffer (kul, brunkul, råolie og gas), mens hovedgrupperne 07 og 08 vedrører metalmalme, forskellige mineraler og stenbrudprodukter.

En del af den tekniske drift i denne hovedafdeling, især i forhold til indvinding af kulbrinter, kan også blive udført for tredjeparter af specialiserede enheder, som en industriel ydelse, hvilket er afspejlet i hovedgruppe 09.

Denne hovedafdeling omfatter ikke:
- yderligere forarbejdning af de indvundne materialer, jf. hovedafdeling C (Fremstilling)
- brug af de indvundne materialer, uden yderligere bearbejdning, til byggematerialer, jf. hovedafdeling F (Byggeri)
- aftapning af naturkilder og mineralvand fra kilder og brønde, jf. 11.07.00
- rensning af udvindingssteder, jf. 39.00.00";;;
1099;2;B;05;5;;Indvinding af kul og brunkul;Mining of coal and lignite;"Denne hovedgruppe omfatter indvinding af faste mineralske olier via underjordisk indvinding eller åbne brud og omfatter aktiviteter (fx sortering, rensning, sammenpresning og andre nødvendige trin for transport), der resulterer i et salgsbart produkt. 

Denne hovedgruppe omfatter ikke: 
- ydelser knyttet til kulminedrift eller brunkulminedrift, jf. 09.90.00
- forkulning, jf. 19.10.00
- fremstilling af briketter, jf. 19.20.00";;;
1100;3;B;05.1;51;;Indvinding af stenkul;Mining of hard coal;;;;
1101;4;B;05.10;510;;Indvinding af stenkul;Mining of hard coal;;;;
1102;5;B;05.10.00;51000;;Indvinding af stenkul;Mining of hard coal;Branchen omfatter under- eller overjordisk indvinding af stenkul.;"- indvinding af stenkul, dvs. underjordisk eller overjordisk indvinding, herunder indvinding via likvefaktionsmetoder
- rensning, kalibrering, sortering, pulverisering, sammenpresning mv. af kul, for at klassificere kul, forbedre kvaliteten eller muliggøre transport eller opbevaring";"- genvinding af stenkul fra ""culm banks""";"- brunkulminedrift, jf. 05.20.00
- tørvegravning, jf. 08.92.00
- støtteaktiviteter til indvinding af stenkul, jf. 09.90.00
- funderingsundersøgelse til kulminedrift, jf. 09.90.00
- koksovne, der fremstiller fast brændsel, jf. 19.10.00
- fremstilling af stenkulsbriketter, briketter og lignende fast stenkulsbrændsel, jf. 19.20.00
- arbejde udført for at udvikle eller forberede anlæg til kulminedrift, jf. 43.12.00"
1103;3;B;05.2;52;;Indvinding af brunkul;Mining of lignite;;;;
1104;4;B;05.20;520;;Indvinding af brunkul;Mining of lignite;;;;
1105;5;B;05.20.00;52000;;Indvinding af brunkul;Mining of lignite;Branchen omfatter indvinding af fast mineralsk brændstof som fx brunkul, herunder også vask, tørring, pulverisering mv. af brunkul med henblik på kvalitetsforbedring, transport eller opbevaring.;"- indvinding af brunkul: underjordisk eller overjordisk indvinding, herunder indvinding via likvefaktionsmetoder 
- vaskning, dehydrering, pulverisering og sammenpresning af brunkul med henblik på kvalitetsforbedring, transport eller opbevaring";;"- indvinding af stenkul, jf. 05.10.00
- tørvegravning, jf. 08.92.00
- støtteaktiviteter til brunkulminedrift, jf. 09.90.00
- funderingsundersøgelse til kulminedrift, jf. 09.90.00
- fremstilling af brunkulsbriketter, briketter og lignende fast brunkulsbrændsel, jf. 19.20.00
- arbejde udført for at udvikle eller forberede anlæg til brunkulminedrift, jf. 43.12.00"
1106;2;B;06;6;;Indvinding af råolie og naturgas;Extraction of crude petroleum and natural gas;"Denne hovedgruppe omfatter produktion af råolie, minedrift og indvinding af olie fra olieskifer og olieholdigt sand samt produktion af naturgas og genvinding af flydende kulbrinter.

Denne hovedgruppe omfatter også driftsaktiviteter og/eller udvikling af olie- og gasfelter. Disse aktiviteter kan omfatte:
- boring, udfærdigelse og forsyning af brønde
- driftsseparatorer, emulsionsbrydere, afsaltningsudstyr og feltsamlingslinjer til råolie
- alle andre aktiviteter i forbindelse med forberedelse af olie og gas frem til afsendelse fra fremstillingsanlægget

Denne hovedgruppe omfatter ikke:
- støtteaktiviteter til olie- og gasfelter, på honorar- eller kontrakbasis, jf. 09.10.00
- efterforskning af olie- og gasbrønde, jf. 09.10.00
- prøveboring og boring i forbindelse med indvinding af råolie eller gas, jf. 09.10.00
- raffinering af råolieprodukter, jf. 19.20.00
- geofysiske, geologiske og seismiske undersøgelsr, jf. 71.12.40";;;
1107;3;B;06.1;61;;Indvinding af råolie;Extraction of crude petroleum;;;;
1108;4;B;06.10;610;;Indvinding af råolie;Extraction of crude petroleum;;;;
1109;5;B;06.10.00;61000;;Indvinding af råolie;Extraction of crude petroleum;"Branchen omfatter indvinding af råolie og produktion af råolie fra asfaltskifer og olieholdigt sand. 

Genvinding af flydende gas i forbindelse med raffinering af råolie henvises til 19.20.00.";- indvinding af råolier;"- indvinding af asfalt- eller olieskifer og oliesand
- produktion af råolie fra asfaltskifer og olieholdigt sand
- processer for at fremstille råolie, fx bundfældning, afsaltning, dehydrering, stabilisering";"- indvinding af kondensater eller naturgasvæsker, jf. 06.20.00
- støtteaktiviteter i forbindelse med indvinding af olie og naturgas, jf. 09.10.00
- efterforskning af olie og gas, jf. 09.10.00
- produktion af naturgasvæsker fra råolie, jf. 19.20.00
- fremstilling af raffinerede mineralolieprodukter, jf. 19.20.00
- genvinding af flydende gas i forbindelse med raffinering af råolie, jf. 19.20.00
- drift af rørtransport, jf. 49.50.00"
1110;3;B;06.2;62;;Indvinding af naturgas;Extraction of natural gas;;;;
1111;4;B;06.20;620;;Indvinding af naturgas;Extraction of natural gas;;;;
1112;5;B;06.20.00;62000;;Indvinding af naturgas;Extraction of natural gas;Branchen omfatter produktion af naturgas og afsvovling af gas.;"- produktion af luftformige rå kulbrinter (naturgas)
- indvinding af kondensater
- dræning og adskillelse af flydende kulbrintefraktioner
- afsvovling af gas
- indvinding af kulminemetan";"- indvinding af flydende kulbrinter fremstillet via likvefaktion eller pyrolyse
- hydrofrakturering for at indvinde metan fra kullejer";"- støtteaktiviteter i forbindelse med indvinding af olie og naturgas, jf. 09.10.00
- efterforskning af olie og gas, jf. 09.10.00
- produktion af naturgasvæsker fra råolie, jf. 19.20.00
- genvinding af flydende gas i forbindelse med raffinering af råolie, jf. 19.20.00
- fremstilling af industrigasser, jf. 20.11.00
- drift af rørtransport, jf. 49.50.00"
1113;2;B;07;7;;Brydning af metalmalme;Mining of metal ores;"Denne hovedgruppe omfatter brydning af metalliske mineraler (malme) udført via underjordisk indvinding eller åbne brud, havbundsminedrift mv.

Denne hovedgruppe omfatter også:
- malmbearbejdning og -berigelse, fx knusning, formaling, vaskning, tørring, sintring, kalcinering eller udludning af malm, tyngdekraftsseparation eller flotation.

Denne hovedgruppe omfatter ikke:
- brænding af svovlkis, jf. 20.13.00
- drift af højovne, jf. hovedgruppe 24
- produktion af aluminiumoxid, jf. 24.42.00";;;
1114;3;B;07.1;71;;Brydning af jernmalm;Mining of iron ores;;;;
1115;4;B;07.10;710;;Brydning af jernmalm;Mining of iron ores;;;;
1116;5;B;07.10.00;71000;;Brydning af jernmalm;Mining of iron ores;"Branchen omfatter brydning af malm, oparbejdning og agglomerering af jernmalm.

Brydning og forarbejdning af svovlkis og pyrrhotit henvises til 08.91.00.";"- brydning af malm, som hovedsageligt er værdsat for sit jernindhold
- berigelse af jernmalm";;"- indvinding og forberedelse af svovlkis og pyrrhotit (undtagen brænding), jf. 08.91.00
- brænding af svovlkis og pyrhotit, jf. 20.13.00"
1117;3;B;07.2;72;;Brydning af ikke-jernholdige metalmalme;Mining of non-ferrous metal ores;Denne gruppe omfatter brydning af ikke-jernholdige metalmalme.;;;
1118;4;B;07.21;721;;Brydning af uran- og thoriummalme;Mining of uranium and thorium ores;;;;
1119;5;B;07.21.00;72100;;Brydning af uran- og thoriummalme;Mining of uranium and thorium ores;"Branchen omfatter brydning af malme, som hovedsageligt indvindes pga. indholdet af uran og thorium. Branchen omfatter også koncentrering af disse malme samt fremstilling af yellow cake. 

Berigelse af uran og thoriummalme henvises til 20.13.00.";"- brydning af malme, som hovedsageligt er værdsat for sit uran- og thoriumindhold, fx begblende mv.
- koncentrering af malme
- fremstilling af uran
- fremstilling af Yellow Cake";;"- berigelse af uran- og thoriummalme, jf. 20.13.00
- produktion af uranmetal fra begblende eller andre malme, jf. 24.46.00
- smeltning og raffinering af uran, jf. 24.46.00"
1120;4;B;07.29;729;;Brydning af andre ikke-jernholdige metalmalme;Mining of other non-ferrous metal ores;;;;
1121;5;B;07.29.00;72900;;Brydning af andre ikke-jernholdige metalmalme;Mining of other non-ferrous metal ores;"Branchen omfatter brydning af andre ikke-jernholdige malme som fx kobber, bly, zink, tin, mangan, krom, nikkel mv., samt ædelmetallerne guld, sølv og platin. 

Produktion af kobbersten henvises til 24.44.00 og produktion af nikkelsten henvises til 24.45.00.";"- brydning og forberedelse af malme, som hovedsageligt er værdsat for sit ikke-jernholdige metalindhold, fx:
• aluminium (bauxit), kobber, bly, zink, tin, mangan, krom, nikkel, cobalt, molybden, tantal, vanadium, litium/spodumen mv.
• ædelmetaller, fx guld, sølv og platin";;"- brydning og forberedelse af uran- og thoriummalme, jf. 07.21.00
- produktion af aluminiumoxid, jf. 24.42.00
- produktion af kobbersten, jf. 24.44.00
- produktion af nikkelsten, jf. 24.45.00"
1122;2;B;08;8;;Anden råstofindvinding;Other mining and quarrying;"Denne hovedgruppe omfatter indvinding fra en mine eller et stenbrud, men også knusning af sten, brug af saltmarsker og fjernelse af aflejret materiale (fx sand, ler). Produkterne anvendes især i byggeri (fx sand, sten), til fremstilling af materialer (fx ler, gips og kalk) og fremstilling af kemikalier mv.

Denne hovedgruppe omfatter ikke:
- forarbejdning (undtagen knusning, formaling, tilhugning, rensning, tørring, sortering og blanding) af indvundne mineraler, jf. hovedafdeling C";;;
1123;3;B;08.1;81;;Brydning af sten og indvinding af sand og ler;Quarrying of stone, sand and clay;;;;
1124;4;B;08.11;811;;Brydning af pyntesten, kalksten, gips, skifer mv.;Quarrying of ornamental stone, limestone, gypsum, slate and other stone;;;;
1125;5;B;08.11.00;81100;;Brydning af pyntesten, kalksten, gips, skifer mv.;Quarrying of ornamental stone, limestone, gypsum, slate and other stone;Branchen omfatter brydning, hugning, knusning og grov tildannelse af monument- og byggesten (granit, sandsten og marmor), kalksten, gips, anhydrit, kridt og ukalcineret dolomit. Branchen omfatter endvidere produktion af granulat, flis og pulver af indvundet sten.;"- brydning, grov tilhugning og kløvning af monument- og byggesten, fx marmor, granit, sandsten mv.
- brydning og knusning af pynte- og byggesten
- brydning og knusning af kalksten
- indvinding af gips og anhydrit
- indvinding af kridt og ukalcineret dolomit
- produktion af granulat, flis og pulver af indvundet sten, uanset om det er varmebehandlet eller ej";;"- indvinding af mineraler til kemiske produkter og gødningsstoffer, jf. 08.91.00
- produktion af brændt dolomit, jf. 23.52.00
- tilhugning, tilskæring og færdigbearbejdning af sten uden for stenbrud, jf. 23.70.00"
1126;4;B;08.12;812;;Grus- og sandgravning og indvinding af ler og kaolin;Operation of gravel and sand pits and mining of clay and kaolin;;;;
1127;5;B;08.12.00;81200;;Grus- og sandgravning og indvinding af ler og kaolin;Operation of gravel and sand pits and mining of clay and kaolin;"Branchen omfatter indvinding og pumpning af industrisand, sand til byggerier og grus samt brydning og knusning af grus. Branchen omfatter også indvinding af ler, sand og kaolin. 

Indvinding af olieholdigt sand henvises til 06.10.00.";"- indvinding og pumpning af industrisand samt sand til byggeri og grus
- brydning og knusning af grus
- indvinding af sand
- indvinding af ler, ildfast ler og kaolin";;- indvinding af olieholdigt sand, jf. 06.10.00
1128;3;B;08.9;89;;Råstofindvinding i.a.n.;Mining and quarrying n.e.c.;;;;
1129;4;B;08.91;891;;Indvinding af mineraler til fremstilling af kemiske produkter og gødningsstoffer;Mining of chemical and fertiliser minerals;;;;
1130;5;B;08.91.00;89100;;Indvinding af mineraler til fremstilling af kemiske produkter og gødningsstoffer;Mining of chemical and fertiliser minerals;Branchen omfatter indvinding af naturlige fosfater, kaliumsalte, frit svovl, naturlige magnesiumsulfater, jordpigmenter mv., som hovedsaglig udnyttes som kilde til kemiske stoffer.;"- indvinding af naturligt forekommende fosfater og kaliumsalt
- indvinding af natursvovl
- indvinding og forberedelse af svovlkis og pyrrhotit, undtagen brænding
- indvinding af naturligt forekommende bariumsulfat og karbonat (baryt og witherit), naturligt forekommende borat og naturligt forekommende magnesiumsulfat (kieserit)
- indvinding af jordfarver, fluorit og andre mineraler, som hovedsageligt er værdsat som en kemikaliekilde";"- indvinding af guano
- indvinding af terapeutisk mudder
- indvindingsprocesser til fremstilling af litium fra saltlage";"- saltindvinding, jf. 08.93.00
- brænding af svovlkis, jf. 20.13.00
- fremstilling af kunstgødning og nitrogenforbindelser, jf. 20.15.00"
1131;4;B;08.92;892;;Indvinding af tørv;Extraction of peat;;;;
1132;5;B;08.92.00;89200;;Indvinding af tørv;Extraction of peat;"Branchen omfatter tørvegravning og forarbejdning for at forbedre kvaliteten, lette transporten eller opbevaringen af tørv. 

Fremstilling af tørveprodukter eller tørvebriketter henvises til hhv. 23.99.90 og 19.20.00.";"- tørvegravning
- forarbejdning af tørv for at forbedre kvaliteten, lette transporten eller opbevaringen";;"- serviceydelser knyttet til tørvegravning, jf. 09.90.00
- fremstilling af tørvebriketter, jf. 19.20.00
- fremstilling af pottejordblandinger af fx tørv, naturjord, sand, ler og gødningsstoffer, jf. 20.15.00
- fremstilling af produkter af tørv, jf. 23.99.90"
1133;4;B;08.93;893;;Saltindvinding;Extraction of salt;;;;
1134;5;B;08.93.00;89300;;Saltindvinding;Extraction of salt;"Branchen omfatter indvinding af salt fra undergrunden ved opløsning og pumpning. Branchen omfatter også knusning, oprensning og raffinering af salt udført af producenten. 

Fremstilling af bordsalt henvises til 10.84.00.";"- indvinding af salt fra undergrunden, herunder via opløsning og pumpning
- produktion af salt via fordampning af havvand eller anden saltvand
- knusning, oprensning og raffinering af salt af producenten";;"- fremstilling af salt til fødevaresalt, fx iodiseret salt, jf. 10.84.00
- produktion af drikkevand via fordampning af saltvand, jf. 36.00.00"
1135;4;B;08.99;899;;Anden råstofindvinding i.a.n.;Other mining and quarrying n.e.c.;;;;
1136;5;B;08.99.00;89900;;Anden råstofindvinding i.a.n.;Other mining and quarrying n.e.c.;Branchen omfatter indvinding og brydning af forskellige mineraler og materialer, fx slibematerialer, asbest, fossilt kiselmel, naturligt grafit, fedtsten, ædelsten mv.;"- indvinding og brydning af forskellige mineraler og materialer:
• slibematerialer, asbest, fossilt kiselmel, naturlig grafit, fedtsten (talkum), feldspat mv.
• naturasfalt, asfaltit og asfaltsten
• naturligt forekommende fast bitumen
• ædelsten, kvarts, glimmer mv.";;
1137;2;B;09;9;;Støtteaktiviteter i forbindelse med råstofindvinding;Mining support service activities;Denne hovedgruppe omfatter specialiserede støtteaktiviteter knyttet til indvinding, der udføres på honorar- eller kontraktbasis. Hovedgruppen omfatter efterforskningsaktiviteter via traditionelle undersøgelsesmetoder såsom at udtage kerneprøver og foretage geologiske observationer samt boring, funderingsundersøgelser eller genboring efter oliebrønde, metalliske og ikke-metalliske mineraler. Andre typiske ydelser dækker opbygning af olie- og gasbrøndefundamenter, stabilisering af olie- og gasbrøndforing, rensning, øsning og pudsning af olie- og gasbrønde, dræning og pumpning af miner mv.;;;
1138;3;B;09.1;91;;Støtteaktiviteter i forbindelse med indvinding af råolie og naturgas;Support activities for petroleum and natural gas extraction;;;;
1139;4;B;09.10;910;;Støtteaktiviteter i forbindelse med indvinding af råolie og naturgas;Support activities for petroleum and natural gas extraction;;;;
1140;5;B;09.10.00;91000;;Støtteaktiviteter i forbindelse med indvinding af råolie og naturgas;Support activities for petroleum and natural gas extraction;"Branchen omfatter serviceydelser (på honorar- eller kontraktbasis) i forbindelse med indvinding af råolie og naturgas, som fx opførelse, reparation eller demontering af boretårne samt prøveboringer eller brandslukning i forbindelse med olie- eller gasindvinding. 

Geologiske undersøgelser henvises til 71.12.40.";"- serviceydelser knyttet til olie- og gasindvinding, på honorar- eller kontraktbasis, fx:
• efterforskning i forbindelse med råolie eller gasindvinding, fx traditionelle undersøgelsesmetoder, foretagelse af geologiske observationer på mulige udvindingssteder
• retningsbestemt boring og genboring
• ""påbegyndt boring""
• opførelse af boretårn på stedet, reparation og nedtagning
• stabilisering af olie- og gasbrøndforing samt pumpning af brønde
• lukning og opgivelse af brønde mv.
• likvefaktion og genforgasning af naturgas med henblik på transport, der udføres på udvindingsstedet
• dræning og pumpning for et honorar eller på kontrakt
• funderingsundersøgelser i forbindelse med indvinding af råolie eller gas";- brandbekæmpelse på olie- og gasfelter samt brandforebyggede tjenester;"- serviceydelser udført af operatører af olie- og gasfelter, jf. 06.10.00 og 06.20.00
- specialiseret reparation og vedligeholdelse af maskiner og udstyr til boring og indvinding, jf. 33.12.00
- specialiseret offshoreanlæg, reparation og vedligeholdelse af udstyr, der udgør en integreret del af flydende platforme, jf. hovedgruppe 43
- likvefaktion og genforgasning af naturgas med henblik på land- eller vandtransport, der ikke udføres på udvindingsstedet, jf. 52.21 og 52.22
- geofysiske undersøgelser, på honorar- eller kontraktbasis, jf. 71.12.40"
1141;3;B;09.9;99;;Støtteaktiviteter i forbindelse med anden råstofindvinding;Support activities for other mining and quarrying;;;;
1142;4;B;09.90;990;;Støtteaktiviteter i forbindelse med anden råstofindvinding;Support activities for other mining and quarrying;;;;
1143;5;B;09.90.00;99000;;Støtteaktiviteter i forbindelse med anden råstofindvinding;Support activities for other mining and quarrying;"Branchen omfatter støtteaktiviteter (på honorar- eller kontraktbasis) i forbindelse med råstofindvinding, fx efterforskning ved at udtage boreprøver og lave geologiske observationer. Branchen omfatter også serviceydelser i forbindelse med dræning og pumpning. 

Geofysiske undersøgelser på honorar- eller kontraktbasis henvises til 71.12.40.";"- støtteaktiviteter, på honorar- eller kontraktbasis, som kræves til råstofindvinding i hovedgrupperne 05, 07 og 08, fx:
• efterforskning ved hjælp af traditionelle undersøgelsesmetoder, fx at udtage boreprøver og foretage geologiske observationer på mulige udvindingssteder
• dræning og pumpning
• funderingsundersøgelser og testudboringer
- sikring af mineskakte og tunneler
- nedrivning og nedtagning af underjordiske mineanlæg";;"- drift af miner eller stenbrud, på honorar- eller kontraktbasis, jf. hovedgruppe 05, 07 eller 08
- specialiseret reparation og vedligeholdelse af minemaskiner, jf. 33.12.00
- geofysiske undersøgelser, på honorar- eller kontraktbasis, jf. 71.12.40"
1144;1;C;C;C;;FREMSTILLINGSAKTIVITETER;MANUFACTURING;"Denne hovedafdeling omfatter den fysiske, mekaniske, kemiske eller biologiske bearbejdning af materialer, stoffer eller komponenter til nye produkter, selvom dette ikke kan bruges som det eneste universelle kriterie for at definere fremstilling (se bemærkning om behandling af affald nedenfor). Materialerne, stofferne eller komponenterne, der bearbejdes, er enten råvarer eller produkter fra landbruget, skovbrug, minedrift eller stenbrud samt produkter fra andre fremstillingsaktiviteter. Væsentlig ændring, renovering eller rekonstruktion af varer anses generelt for at være fremstilling.

Outputtet fra en fremstillingsproces kan være færdigbehandlet på en måde, så det er klar til anvendelse eller forbrug, eller det kan være delvist færdigbehandlet på en måde, så det er klar til at være input i yderligere fremstilling. Outputtet af raffinering af alumina er fx det input, der bruges i primær fremstilling af aluminium, primær aluminium er inputtet i trådtrækning af aluminium, og aluminiumtråd er inputtet i fremstillingen af trådprodukter.

Fremstilling af specialiserede komponenter og dele af maskiner og udstyr (samt tilbehør og ekstraudstyr) er generelt klassificeret i den samme klasse som fremstillingen af de maskiner og det udstyr, som delene og ekstraudstyret er beregnet til. Fremstilling af ikke-specialiserede komponenter og dele af maskiner og udstyr, fx motorer, stempler, elmotorer, ledningsføringer, ventiler, gear, rullelejer, er klassificeret i den relevante fremstillingsklasse uden hensyn til de maskiner og det udstyr, som de senere skal anvendes til.

Fremstilling af specialiserede komponenter og tilbehør via formstøbning eller ekstrudering af plastprodukter er normalt omfattet af gruppe 22.2.

Samling af bestanddelene af produkter anses for at være fremstilling. Dette omfatter samling af produkter fra enten egenproduktion af komponenter eller købte komponenter.

Nyttiggørelse af affald, dvs. behandling af affald til sekundære råvarer* er klassificeret i gruppe 38.2. Selvom dette kan omfatte fysiske, mekaniske, biologiske eller kemiske bearbejdninger, anses dette ikke for at være en del af fremstillingen. Det primære formål med disse aktiviteter anses for at behandlingen eller bearbejdningen af affald og de er derfor klassificeret i hovedafdeling E.
Fremstilling af nye produkter fra sekundære råvarer er dog klassificeret under fremstilling, også selvom disse processer bruger affald som input. Fremstillingen af sølv fra folieaffald anses for eksempel for at være en fremstillingsproces.

Specialiseret vedligeholdelse og reparation af industri- og erhvervsmaskiner samt lignende maskiner og udstyr er generelt klassificeret i hovedgruppe 33. Reparation og vedligeholdelse af computere, personlige genstande og husholdningsartikler samt motorkøretøjer og motorcykler er klassificeret i hovedgruppe 95.

Installation af maskiner og udstyr er klassificeret i undergruppe 33.20.

Vedligeholdelse, reparation og installation af udstyr, der udgør en integreret del af bygninger eller tilsvarende konstruktioner, fx vedligeholdelse, reparation og installation af rulletrapper eller klimaanlæg, er klassificeret som byggeri i hovedafdeling F, hvis det udføres på byggepladsen.

Denne hovedafdeling omfatter også FGP'er (Factoryless Goods Producers) i fremstilling (se det indledende kapitel). Som en generel regel omfatter aktiviteterne i hovedafdelingen om fremstilling bearbejdningen af materialer til nye, genopbyggede og genforarbejdede produkter, dvs. deres output er et nyt produkt. Helt præcist anses følgende aktiviteter for at være fremstilling i forbindelse med NACE:
- forarbejdning af frisk fisk (udtagning af kødet i østers og filetering af fisk), ikke udført på et fiskerfartøj, jf. 10.20.20
- pasteurisering og tapning af mælk på flasker, jf. 10.51.00
- opskæring af læder, jf. 15.11.00
- træbeskyttelse, jf. 16.12.00
- trykning og relaterede aktiviteter, eksklusive udgivne produkter, jf. 18.1
- vulkanisering af dæk, jf. 22.11.00
- fremstilling af færdigblandet beton, jf. 23.63.00
- galvanisering, elektroplettering, plettering osv. og anden metallisk eller ikke-metallisk overfladebehandling af metal, jf. 25.52.00
- varmebehandling af metal, jf. 25.52.00
- genopfyldning af blækpatroner, jf. 26.20.00
- genopbygning eller reproduktion af maskiner, fx bilmotorer, jf. 29.10.00
- genopfyldning eller genopladning af brandslukkere, jf. 28.29.00
- samling leveret af en sælger eller blanding af flere produkter til salg. Hvis samling leveres af en entreprenør, skal denne aktivitet klassificeres under fremstilling. 

Omvendt er der aktiviteter, som er klassificeret i andre hovedafdelinger i NACE, selvom de omfatter bearbejdningsprocesser. Med andre ord, så anses de ikke for at være fremstilling. De omfatter:
- skovning, klassificeret i hovedafdeling A 
- berigelse fra landbrugsprodukter, klassificeret i hovedafdeling A 
- tilberedning af mad til øjeblikkelig indtagelse på stedet er klassificeret i hovedgruppe 56 
- berigelse af malme og andre mineraler, klassificeret i hovedafdeling B 
- fremstilling af luftformig brændstof til energiforsyning via et permanent forsyningsnet, klassificeret i hovedafdeling D 
- fremstilling af kompost fra organisk affald, klassificeret i hovedafdeling E 
- samling som en del af en levering eller ydet af en sælger. Hvis samling er den primære aktivitet som ydes af en entreprenør, er det dog klassificeret som fremstilling
- aktiviteter for omladning og redistribution til mindre partier, herunder emballering, omemballering eller tapning af produkter på flasker, fx spiritus eller kemikalier, sortering og videresalg af skrot, blanding af maling til kundeordrer og skæring af metaller til kundeordrer, behandling, der ikke resulterer i, at en anden vare klassificeres i hovedafdeling G
- udgivelse og den kombinerede aktivitet med udgivelse og trykning er klassificeret i henhold hovedafdeling J

BEMÆRK! * Sekundære råvarer er materialer og produkter, der kan bruges som råvarer via simpel genbrug eller genanvendelse og nyttiggørelse.";;;
1145;2;C;10;10;;Fremstilling af fødevarer;Manufacture of food products;"Denne hovedgruppe omfatter forarbejdning af produkter fra landbrug, skovbrug og fiskeri til fødevarer til mennesker eller dyr og omfatter fremstillingen af forskellige halvfabrikata, som ikke er direkte fødevarer. Aktiviteten genererer ofte tilknyttede produkter af større eller mindre værdi (fx skind fra slagtning eller oliekage fra oliefremstilling).

Denne hovedgruppe er organiseret efter aktiviteter, der håndterer forskellige produkttyper: kød, fisk, frugt og grøntsager, fedtstoffer og olier, mælkeprodukter, mølleriprodukter, foderstoffer og andre fødevareprodukter. Fremstilling kan udføres til eget brug eller for tredjeparter, fx slagtning på bestilling.

Nogle aktiviteter anses for at være fremstilling, selvom produkterne sælges i detailhandel i producentens egen butik, fx i bagerier, konditorier og delikatessebutikker mv., hvor de egenfremtillede varer sælges. I de tilfælde hvor bearbejdningen er minimal, og ikke fører til en reel transformation, klassificeres enheden i hovedafdeling G (Engroshandel og detailhandel).

Denne hovedgruppe omfatter også fremstilling af væsker, der anses for at være fødevarer, eller hvor der anvendes lignende fremstillingsprocesser, fx mælk og frugtsaft eller -koncentrat.

Denne hovedgruppe omfatter ikke:
- tilberedning af måltider til umiddelbar fortæring, jf. hovedgruppe 56";;;
1146;3;C;10.1;101;;Forarbejdning og konservering af kød og fremstilling af kødprodukter;Processing and preserving of meat and production of meat products;;;;
1147;4;C;10.11;1011;;Forarbejdning og konservering af kød, undtagen fjerkrækød;Processing and preserving of meat, except of poultry meat;;;;
1148;5;C;10.11.10;101110;;Forarbejdning af svinekød;Processing of pork;Branchen omfatter drift af svineslagterier, aflivning, forarbejdning eller emballering, herunder fremstilling af fersk, kølet eller frossent svinekød i hele kroppe eller udskæringer. Branchen omfatter også forarbejdning af svinefedt og slagteaffald.;"- drift af slagterier, der er involveret i aflivning, forarbejdning eller emballering af svinekød
- fremstilling af fersk, kølet eller frossent svinekød i hele kroppe
- fremstilling af fersk, kølet eller frossent svinekød i udskæringer";"- fremstilling af huder og skind fra slagterier, fx ved saltning
- afsmeltning og raffinering af svinefedt
- forarbejdning af slagteaffald fra svin, herunder tarme og fremstilling af benmel";- fremstilling af tørret, saltet eller røget kød og kødprodukter, jf. 10.13.00
1149;5;C;10.11.90;101190;;Forarbejdning af andet kød;Processing of other meat;"Branchen omfatter slagtning af andre dyr end svin og fjerkræ, aflivning, forarbejdning eller emballering herunder fremstilling af fersk, kølet eller frossent kød i hele kroppe eller udskæringer. Fremstilling af kradsuld er også omfattet. 

Fremstilling af tørret, saltet eller røget kød og kødprodukter henvises til 10.13.00.";"- drift af slagterier, der er involveret i aflivning, forarbejdning eller emballering af oksekød, lammekød, kaninkød, fårekød, kamelkød mv.
- fremstilling af fersk, kølet eller frossent kød i hele kroppe, undtagen svinekød
- fremstilling af fersk, kølet eller frossent kød i udskæringer, undtagen svinekød";"- slagtning og forarbejdning af hvaler på land eller på specialfartøjer
- fremstilling af huder og skind fra slagterier, fx ved saltning
- afsmeltning og raffinering af spiselige animalske fedtstoffer, undtagen svinefedt 
- forarbejdning af slagteaffald (undtagen fra svin), herunder tarme og fremstilling af benmel
- fremstilling af kradsuld
- fremstilling af skinduld";"- afsmeltning af spiseligt fedt fra fjerkræ, jf. 10.12.00
- fremstilling af tørret, saltet eller røget kød og kødprodukter, jf. 10.13.00"
1150;4;C;10.12;1012;;Forarbejdning og konservering af fjerkrækød;Processing and preserving of poultry meat;;;;
1151;5;C;10.12.00;101200;;Forarbejdning og konservering af fjerkrækød;Processing and preserving of poultry meat;Branchen omfatter slagtning, forarbejdning og emballering af fjerkræ samt fremstilling af fersk, kølet eller frosset kød samt udsmeltning af spiseligt fedt fra fjerkræ og behandling af fjer og dun.;"- drift af slagterier, der er involveret i aflivning, forarbejdning eller emballering af fjerkræ
- fremstilling af fersk, kølet eller frossent kød i portioner
- afsmeltning af spiseligt fedt fra fjerkræ";- rensning, desinfektion, behandling til konservering og afpudsning af fjer og dun;
1152;4;C;10.13;1013;;Fremstilling af kød- og fjerkrækødprodukter;Production of meat and poultry meat products;;;;
1153;5;C;10.13.00;101300;;Fremstilling af kød- og fjerkrækødprodukter;Production of meat and poultry meat products;Branchen omfatter fremstilling af tørret, saltet eller røget kød samt pølser, patéer, postejer, kogt skinke mv.;"- fremstilling af kødkonserves, fx ved tilberedning, tørring, saltning eller røgning
- fremstilling af kødprodukter:
• pølser, salami, dampkogt kød, ""andouillettes"", cervelatpølse, kødpølse, patéer, rilletter og kogt skinke";;"- fremstilling af færdiglavede, frosne kød- og fjerkræsretter, jf. 10.85.00
- fremstilling af suppe indeholdende kød, jf. 10.89.00
- engroshandel med kød, jf. 46.32.10"
1154;3;C;10.2;102;;Forarbejdning og konservering af fisk, krebsdyr og bløddyr;Processing and preserving of fish, crustaceans and molluscs;;;;
1155;4;C;10.20;1020;;Forarbejdning og konservering af fisk, krebsdyr og bløddyr;Processing and preserving of fish, crustaceans and molluscs;;;;
1156;5;C;10.20.10;102010;;Fremstilling af fiskemel;Production of fishmeal;Branchen omfatter fremstilling af fiskemel til konsum eller dyrefoder samt mel, der ikke er egnet til konsum.;"- fremstilling af fiskemel til direkte konsum eller dyrefoder
- fremstilling af mel og opløselige produkter fra fisk og andre akvatiske dyr, der ikke er egnet til direkte konsum";;
1157;5;C;10.20.20;102020;;Forarbejdning og konservering af fisk, krebsdyr og bløddyr, undtagen fiskemel;Processing and preservation of fish, crustaceans and molluscs, except fishmeal;Branchen omfatter forarbejdning og konservering af fisk, krebsdyr og bløddyr, herunder dybfrysning, tørring og andre forarbejdningsformer, fx konservering. Branchen omfatter også fremstilling af produkter fra fisk, krebsdyr og bløddyr fra salt- og ferskvand, fx fileter eller rogn.;"- forarbejdning og konservering af fisk, krebsdyr og bløddyr, fx: frysning, dybfrysning, tørring, kogning, røgning, saltning, nedsænkning i saltlage, konservering mv.
- fremstilling af fisk, krebsdyr og bløddyr, fx: 
• fiskefileter, rogn, kaviar og kaviarerstatning";"- aktiviteter udført af fabriksfartøjer, som ikke er involveret i fiskeri, men kun i forarbejdningen og konserveringen af fisk
- forarbejdning af tang
- fjernelse af fiskehoveder, rensning af fisk og opskæring af fisk samt efterfølgende frysning";"- forarbejdning og konservering af fisk på fartøjer, som er involveret i fiskeri, jf. 03.11.00
- forarbejdning af hvaler på land eller specialiserede fartøjer, jf. 10.11.90
- fremstilling af olier og fedtstoffer fra fisk og havpattedyr, jf. 10.41.00
- fremstilling af færdiglavede fiskeretter, jf. 10.85.00
- fremstilling af fiskesupper, jf. 10.89.00"
1158;3;C;10.3;103;;Forarbejdning og konservering af frugt og grøntsager;Processing and preserving of fruit and vegetables;;;;
1159;4;C;10.31;1031;;Forarbejdning og konservering af kartofler;Processing and preserving of potatoes;;;;
1160;5;C;10.31.00;103100;;Forarbejdning og konservering af kartofler;Processing and preserving of potatoes;Branchen omfatter forarbejdning og konservering af kartofler, fx fremstilling af frosne kartofler, kartoffelsnacks og kartoffelmel samt skrælning og skæring af kartofler.;"- forarbejdning og konservering af kartofler:
• fremstilling af færdiglavede frosne kartofler
• fremstilling af pulverkartoffelmos
• fremstilling af kartoffelsnacks
• fremstilling af kartoffelchips
• fremstilling af kartoffelmel
• skrælning og skæring af kartofler";;
1161;4;C;10.32;1032;;Fremstilling af frugt- og grøntsagssaft;Manufacture of fruit and vegetable juice;;;;
1162;5;C;10.32.00;103200;;Fremstilling af frugt- og grøntsagssaft;Manufacture of fruit and vegetable juice;Branchen omfatter fremstilling af frugt- eller grøntsagssaft samt koncentrater.;- fremstilling af frugt- eller grøntsagssaft;- fremstilling af koncentrater af frisk frugt og grøntsager;- fremstilling af drikkevarer med frugtnektar, jf. 11.07.00
1163;4;C;10.39;1039;;Anden forarbejdning og konservering af frugt og grøntsager;Other processing and preserving of fruit and vegetables;;;;
1164;5;C;10.39.00;103900;;Anden forarbejdning og konservering af frugt og grøntsager;Other processing and preserving of fruit and vegetables;"Branchen omfatter fremstilling af produkter fra frugt og grøntsager samt konservering af frugt, grøntsager og nødder, fx syltetøj, marmelade, nøddepasta mv. Branchen omfatter også fremstilling af emballerede salater og tofu. 

Fremstilling af færdiglavede grøntssagsretter henvises til 10.85.00.";"- fremstilling af fødevarer, der hovedsageligt består af frugt eller grøntsager
- konservering af frugt, nødder eller grøntsager, fx frysning, tørring, frysetørring, tørring ved infrarød stråling, nedsænkning i olie eller eddike, konservering, behandling ved højtryk og højtemperatur mv.
- fremstilling af frugt- eller grøntsagsprodukter til fødevarer
- fremstilling af syltetøj, marmelade og gelé
- afskalning, pilning og ristning af nødder
- fremstilling af nøddeprodukter til fødevarer og nøddepasta";"- fremstilling af halvkonserves med færdigretter af frugt og grøntsager, fx:
• emballerede salater, blandede salater
• skrællede eller udskårne grøntsager
• tofu";"- fremstilling af frugt- og grøntsagssaft, jf. 10.32.00
- fremstilling af mel af tørrede bælgfrugter, jf. 10.61.00
- konservering af frugt og nødder i sukker, jf. 10.82.00
- fremstilling af færdiglavede grøntsagsretter, jf. 10.85.00
- fremstilling af kunstige koncentrater, jf. 10.89.00"
1165;3;C;10.4;104;;Fremstilling af vegetabilske og animalske olier og fedtstoffer;Manufacture of vegetable and animal oils and fats;"Denne gruppe omfatter fremstilling af råolie og raffineret olie og fedtstoffer fra vegetabilske eller animalske materialer.

Gruppen omfatter ikke:
- destruktion eller raffinering af spæk og spiseligt animalsk fedt fra kvæg, får, geder, svin og fjerkræ, jf. 10.1";;;
1166;4;C;10.41;1041;;Fremstilling af olier og fedtstoffer;Manufacture of oils and fats;;;;
1167;5;C;10.41.00;104100;;Fremstilling af olier og fedtstoffer;Manufacture of oils and fats;"Branchen omfatter fremstilling af rå og raffinerede vegetabilske olier, fx oliven-, soja-, raps- og solsikkeolie. Fremstilling af ikke-spiselige animalske olier og fedtstoffer er også omfattet, inklusive olier fra fisk og havpattedyr. 

Fremstilling af majsolie henvises til 10.62.00.";"- fremstilling af rå og raffinerede vegetabilske olier, fx olivenolie, sojaolie, hampeolie, solsikkeolie og rapsolie
- fremstilling af ikke-affedtet mel af olieholdige frø, nødder eller kerner
- forarbejdning af vegetabilske olier, fx udblæsning, kogning, dehydrering og hydrogenering";"- fremstilling af ikke-spiselige animalske olier og fedtstoffer
- udvinding af olie fra fisk og havpattedyr
- fremstilling af bomuldslinter, oliekager og andre restprodukter fra oliefremstilling";"- afsmeltning og raffinering af svinefedt og andre spiselige fedtstoffer fra kvæg, får, geder eller svin, jf. 10.11
- afsmeltning af spiseligt fedt fra fjerkræ, jf. 10.12.00
- fremstilling af margarine, jf. 10.42.00
- våd formaling af majs, jf. 10.62.00
- fremstilling af majsolie, jf. 10.62.00
- fremstilling af æteriske olier, jf. 20.59.00
- forarbejdning af olie og fedtstof ved kemiske processer, jf. 20.59.00"
1168;4;C;10.42;1042;;Fremstilling af margarine o.lign. spiselige fedtstoffer;Manufacture of margarine and similar edible fats;;;;
1169;5;C;10.42.00;104200;;Fremstilling af margarine o.lign. spiselige fedtstoffer;Manufacture of margarine and similar edible fats;Branchen omfatter fremstilling af margarine og lignende spiselige fedtstoffer, fx smørbare blandingsprodukter.;"- fremstilling af margarine
- fremstilling af smørbare blandingsprodukter
- fremstilling af sammensatte madlavningsfedtstoffer";;
1170;3;C;10.5;105;;Fremstilling af mejeriprodukter og konsumis;Manufacture of dairy products and edible ice;Denne gruppe omfatter ikke fremstilling af plantebaserede mælkeerstatninger, jf. 11.07.00.;;;
1171;4;C;10.51;1051;;Fremstilling af mejeriprodukter;Manufacture of dairy products;;;;
1172;5;C;10.51.00;105100;;Fremstilling af mejeriprodukter;Manufacture of dairy products;"Branchen omfatter fremstilling af mælk, smør, ost og andre mejeriprodukter. 

Fremstilling af mejeribaseret modermælkserstatning henvises til 10.86.00 og fremstilling af plantebaserede mælkeerstatninger (fx kokos-, ris-, mandel-, havre- eller sojabaserede drikke) henvises til 11.07.00.";"- fremstilling af frisk flydende mælk fx pasteuriseret, steriliseret, homogeniseret og/eller UHT-steriliseret mælk
- fremstilling af mælkebaserede drikkevarer
- fremstilling af fløde fra frisk flydende mælk, fx pasteuriseret, steriliseret og homogeniseret
- fremstilling af tørret eller koncentreret mælk, uanset om det er sødet eller ej
- fremstilling af mælk eller fløde i fast form
- fremstilling af smør
- fremstilling af yoghurt
- fremstilling af ost og ostemasse
- raffinering og modning af oste
- fremstilling af valle
- fremstilling af kasein
- fremstilling af laktosefrie mejeriprodukter";"- fremstilling af mælkekefir
- fremstilling af laktose og laktosesirup";"- fremstilling af råmælk fra kvæg, jf. 01.41.00
- fremstilling af råmælk fra får, geder, heste, æsler, kameler mv., jf. 01.43.00, 01.44.00 og 01.45.00
- fremstilling af mælkebaserede kostregulerende drikkevarer, jf. 10.86.00
- fremstilling af mejeribaseret modermælkserstatning, jf. 10.86.00
- fremstilling af plantebaseret ost (osteerstatninger), jf. 10.89.00
- fremstilling af frugtkefir og vandkefir, jf. 11.03.00
- fremstilling af plantebaserede mælkeerstatninger (fx plantebaseret mælk som havre- eller sojamælk), jf. 11.07.00"
1173;4;C;10.52;1052;;Fremstilling af konsumis;Manufacture of ice cream and other edible ice;;;;
1174;5;C;10.52.00;105200;;Fremstilling af konsumis;Manufacture of ice cream and other edible ice;Branchen omfatter fremstilling af is og sorbet (til konsum).;- fremstilling af is og andre spiselige isprodukter, fx sorbet;;"- fremstilling af is fra naturligt vand, der anvendes til nedkøling, jf. 35.30.00
- aktiviteter i ishuse, jf. 56.11.90"
1175;3;C;10.6;106;;Fremstilling af mølleriprodukter, stivelse og stivelsesprodukter;Manufacture of grain mill products, starches and starch products;"Denne gruppe omfatter maling af mel fra korn eller grøntsager, rensning, polering og maling af ris samt mikronisering og varmebehandling af mel og fremstilling af melblandinger eller dej fra disse produkter. Gruppen omfatter også våd formaling af majs og grøntsager samt fremstilling af stivelse og stivelsesprodukter. Gruppen omfatter desuden fremstilling af glutenfrie mølleriprodukter.

Gruppen omfatter ikke:
- tørring af korn, på honorar- eller kontraktbasis, jf. 01.63.00";;;
1176;4;C;10.61;1061;;Fremstilling af mølleriprodukter;Manufacture of grain mill products;;;;
1177;5;C;10.61.00;106100;;Fremstilling af mølleriprodukter;Manufacture of grain mill products;"Branchen omfatter fremstilling af mølleriprodukter, fx mel, melblandinger, gryn, morgenmadsprodukter samt formaling af ris, nødder og grøntsager. 

Fremstilling af kartoffelmel henvises til 10.31.00.";"- maling af korn, fx fremstilling af mel, gryn eller piller fra hvede, rug, havre, majs eller andre kornsorter
- maling af ris, fx fremstilling af afskallet, malet, poleret, glasset, parboiled eller konverteret ris samt fremstilling af rismel
- maling af grøntsager, fx fremstilling af mel fra tørrede bælgfrugter, rødder eller knolde eller spiselige nødder
- fremstilling af morgenmadsprodukter
- fremstilling af melblandinger og færdiglavet blandingsmel og dej til brød, kager, kiks eller pandekager";;"- forbehandling af afgrøder til primære markeder, fx rensning, afpudsning, sortering mv., jf. 01.63.00
- tørring af korn, på honorar- eller kontraktbasis, jf. 01.63.00
- fremstilling af kartoffelmel, jf. 10.31.00
- våd formaling af majs, jf. 10.62.00"
1178;4;C;10.62;1062;;Fremstilling af stivelse og stivelsesprodukter;Manufacture of starches and starch products;;;;
1179;5;C;10.62.00;106200;;Fremstilling af stivelse og stivelsesprodukter;Manufacture of starches and starch products;Branchen omfatter fremstilling af stivelse (af ris, kartofler, majs mv.) og stivelsesprodukter (fx glukose, maltose, tapioka og gluten).;"- fremstilling af stivelse fra ris, kartofler, majs mv.
- vådformaling af majs
- fremstilling af glukose, glukosesirup, maltose, inulin mv.
- fremstilling af gluten
- fremstilling af tapioka og tapiokaerstatninger fra stivelse
- fremstilling af majsolie";;"- fremstilling af laktose (mælkesukker), jf. 10.51.00
- produktion af rør- eller roesukker, jf. 10.81.00"
1180;3;C;10.7;107;;Fremstilling af bageri- og dejprodukter;Manufacture of bakery and farinaceous products;Denne gruppe omfatter fremstillingen af bagværk, makaroni, nudler og lignende produkter. Gruppen omfatter også fremstilling af glutenfri bagværk og stivelsesholdige produkter;;;
1181;4;C;10.71;1071;;Fremstilling af brød, fremstilling af friske kager, tærter mv.;"Manufacture of bread; manufacture of fresh pastry goods and cakes";;;;
1182;5;C;10.71.10;107110;;Industriel fremstilling af brød og kager mv.;Industrial production of bread and cakes etc.;Branchen omfatter industriel fremstilling af bagværk, fx brød, wienerbrød, kager mv., samt frossent bagværk.;"- industriel fremstilling af bagværk, fx:
• brød og rundstykker
• wienerbrød, kager, tærter, pandekager, vafler mv.
- fremstilling af frossent bagværk";- industriel fremstilling af forbagt brød;"- fremstilling af ""tørt"" bagværk, jf. 10.72.00
- fremstilling af pasta, jf. 10.73.00
- bakeoff i fobindelse med detailhandel, af forbagte brød og rundstykker, jf. 47.24.00"
1183;5;C;10.71.20;107120;;Fremstilling af friske bageriprodukter;Production of fresh bakery products;"Branchen omfatter fremstilling af friskt bagværk fx, brød, wienerbrød, kager, vafler mv. 

Fremstilling af tørt bagværk henvises til 10.72.00.";"- fremstilling af friskt bagværk, fx:
• brød og rundstykker
• wienerbrød, kager, tærter, pandekager, vafler, tortillaer mv.";;"- fremstilling af ""tørt"" bagværk, jf. 10.72.00
- fremstilling af pasta, jf. 10.73.00"
1184;4;C;10.72;1072;;Fremstilling af tvebakker, kiks, konserverede kager, tærter mv.;Manufacture of rusks, biscuits, preserved pastries and cakes;;;;
1185;5;C;10.72.00;107200;;Fremstilling af tvebakker, kiks, konserverede kager, tærter mv.;Manufacture of rusks, biscuits, preserved pastries and cakes;Branchen omfatter fremstilling af tvebakker, kiks og andet tørt bagværk samt konserverede kager uanset om de er søde eller salte.;"- fremstilling af tvebakker, kiks og andet tørt bagværk
- fremstilling af konserverede wienerbrød, kager og vafler
- fremstilling af snackprodukter (småkager, kiks, pretzels mv.), uanset om det er sødt eller salt";- fremstilling af rasp ved maling af ristet brød;- fremstilling af kartoffelsnacks, jf. 10.31.00
1186;4;C;10.73;1073;;Fremstilling af dejprodukter;Manufacture of farinaceous products;;;;
1187;5;C;10.73.00;107300;;Fremstilling af dejprodukter;Manufacture of farinaceous products;Branchen omfatter fremstilling af pasta og couscous.;"- fremstilling af pasta såsom makaroni og nudler, uanset om de er kogt eller fyldt
- fremstilling af couscous";;"- fremstilling af færdigretter baseret på pasta og couscous, jf. 10.85.00
- fremstilling af suppe indeholdende pasta, jf. 10.89.00"
1188;3;C;10.8;108;;Fremstilling af andre fødevarer;Manufacture of other food products;Denne gruppe omfatter fremstillingen af sukker og konfekture, færdigretter, kaffe, te og krydderier.;;;
1189;4;C;10.81;1081;;Fremstilling af sukker;Manufacture of sugar;;;;
1190;5;C;10.81.00;108100;;Fremstilling af sukker;Manufacture of sugar;Branchen omfatter fremstilling og raffinering af sukker og sukkererstatninger af saft fra sukkerrør, sukkerroer, ahorn og palme samt fremstilling af melasse og sirup.;"- fremstilling eller raffinering af sukker (sakkarose) og sukkersubstitut fra sukkerrørssaft, sukkerroesaft, ahornsaft og palmesaft
- fremstilling af sukkersirup
- fremstilling af melasse
- fremstilling af ahornsirup og sukker";;"- samling af ahornsirup i naturen, jf. 02.30.00
- fremstilling af laktose og laktosesirup, jf. 10.51.00
- fremstilling af glukose, glukosesirup, maltose, jf. 10.62.00"
1191;4;C;10.82;1082;;Fremstilling af kakao, chokolade og sukkervarer;Manufacture of cocoa, chocolate and sugar confectionery;;;;
1192;5;C;10.82.00;108200;;Fremstilling af kakao, chokolade og sukkervarer;Manufacture of cocoa, chocolate and sugar confectionery;Branchen omfatter fremstilling af kakao, kakaosmør og chokoladevarer samt slik, fx karameller, pastiller, nougat, tyggegummi, herunder også sukkerkonservering af frugt, nødder mv.;"- fremstilling af kakao, kakaosmør, kakaofedtstof og kakaoolie
- fremstilling af chokolade og chokoladekonfekture
- fremstilling af sukkerkonfekture: karameller, pastiller, nougat, fondant og hvid chokolade
- fremstilling af tyggegummi
- konservering af frugt, nødder, skræller og andre plantedele i sukker
- fremstilling af konfekturetabletter og -pastiller
- fremstilling af sukkerfri konfekture";;- fremstilling af sakkarose, jf. 10.81.00
1193;4;C;10.83;1083;;Forarbejdning af te og kaffe;Processing of tea and coffee;;;;
1194;5;C;10.83.00;108300;;Forarbejdning af te og kaffe;Processing of tea and coffee;Branchen omfatter ristning af kaffe og fremstilling af kaffeprodukter, fx pulverkaffe, kaffeekstrakter og kaffeerstatninger, samt fremstilling af teblandinger, ekstrakter og produkter baseret på te.;"- fjernelse af koffein og ristning af kaffe
- fremstilling af kaffeprodukter:
• malet kaffe
• pulverkaffe
• kaffeekstrakter og -koncentrater
- fremstilling af kaffeerstatninger
- fremstilling af teblandinger og maté
- fremstilling af ekstrakter og færdigblandinger baseret på te eller maté";"- fremstilling af urteudtræk (mynte, verbena, kamille mv.)
- fremstilling af te og kaffe i poser, puder eller kapsler";"- tørring, sortering, rensning og skæring i forarbejdningen af lægeurter udført af tredjeparter, jf. 01.63.00
- fremstilling af inulin, jf. 10.62.00
- fremstilling af spiritus, øl, vin og sodavand, jf. hovedgruppe 11
- forbehandling af botaniske produkter til lægemidler, jf. 21.20.00"
1195;4;C;10.84;1084;;Fremstilling af smagspræparater og krydderier;Manufacture of condiments and seasonings;;;;
1196;5;C;10.84.00;108400;;Fremstilling af smagspræparater og krydderier;Manufacture of condiments and seasonings;Branchen omfatter fremstilling af krydderier, saucer og tilbehør, fx sennep, mayonnaise og eddike.;"- fremstilling af krydderier, saucer og tilbehør:
• mayonnaise
• sennepsmel
• færdiglavet sennep mv.
- fremstilling af eddike";"- forarbejdning af salt til fødevaresalt, fx iodiseret salt
- forarbejdning af krydderier og krydderurter, herunder tørring, sortering, rensning og skæring";- dyrkning af afgrøder til krydderier, jf. 01.28.00
1197;4;C;10.85;1085;;Fremstilling af færdigretter;Manufacture of prepared meals and dishes;Denne undergruppe omfatter fremstillingen af færdigretter (dvs. forberedt, krydret og tilberedt). Disse retter er forarbejdet og konserveret, fx i frossen form eller på dåse, og er som regel emballeret og mærket til videresalg. Denne undergruppe omfatter ikke tilberedning af måltider til direkte konsum, såsom fødevarer tilberedt i restauranter eller til catering. Disse fødevarer skal indeholde mindst to forskellige hovedingredienser for at blive anset for at være en ret (undtagen krydderier mv.).;;;
1198;5;C;10.85.00;108500;;Fremstilling af færdigretter;Manufacture of prepared meals and dishes;Branchen omfatter fremstilling af færdigretter, fx af kød, fisk, fjerkræ, pasta og grøntsager.;"- fremstilling af kød- eller fjerkræsretter
- fremstilling af fiskeretter, herunder fish and chips
- fremstilling af pasta- og risretter
- fremstilling af grøntsagsretter
- fremstilling af frossen eller på anden måde konserveret pizza og croque-monsieur";;"- fremstilling af friske fødevarer eller fødevarer med mindre end to ingredienser, jf. den tilsvarende undergruppe i gruppe 10.1, 10.2 og 10.3
- fremstilling af halvkonserves med færdigretter af frugt og grøntsager, jf. 10.39.00
- fremstilling af halvkonserves med færdigretter, jf. 10.89.00
- engroshandel med færdigretter, jf. 46.38.00
- detailhandel med færdigretter, jf. 47.11 og 47.27.00
- aktiviteter i forbindelse med catering til events og catering på kontrakt, jf. 56.21.00 og 56.22.00"
1199;4;C;10.86;1086;;Fremstilling af homogeniserede produkter og diætmad;Manufacture of homogenised food preparations and dietetic food;;;;
1200;5;C;10.86.00;108600;;Fremstilling af homogeniserede produkter og diætmad;Manufacture of homogenised food preparations and dietetic food;Branchen omfatter fremstilling af fødevarer til særlig ernæring, fx modermælkserstatning, babymad og fødevarer til medicinske formål. Fremstilling af fødevarer med lavt energiindhold til fx vægtkontrol er også omfattet.;"- fremstilling af fødevarer til særlig ernæring:
• modermælkserstatning
• opfølgende børnemælk og andre opfølgende fødevarer
• babymad
• fødevarer med lavt energiindhold eller reduceret energiindhold til vægtkontrol
• fødevarer til medicinske formål";;"- fremstilling af laktosefrie mejeriprodukter, jf. 10.51.00
- fremstilling af glutenfrie produkter, jf. 10.6 og 10.7
- fremstilling af sukkerfri konfekture, jf. 10.82.00"
1201;4;C;10.89;1089;;Fremstilling af andre fødevarer i.a.n.;Manufacture of other food products n.e.c.;;;;
1202;5;C;10.89.00;108900;;Fremstilling af andre fødevarer i.a.n.;Manufacture of other food products n.e.c.;"Branchen omfatter fremstilling af andre fødevarer, fx friske pizzaer, sandwiches mv. Branchen omfatter også fremstilling af supper, bouillon, gær, kunsthonning mv.

Fremstilling af plantebaserede mælkeerstatninger (fx kokos-, ris-, mandel-, havre- eller sojabaserede drikke) henvises til 11.07.00 og fremstilling af smørrebrød til umiddelbar fortæring henvises til 56.11.90.";"- fremstilling af fødevarer, der skal spises senest tre dage efter fremstilling, fx supper eller bouilloner samt halvkonserves med færdigretter, fx:
• sandwich
• frisk (ikke-færdigbagt) pizza
- fremstilling af quicher og croque-monsieurs";"- fremstilling af gær
- fremstilling af ekstrakter og saft fra kød, fisk, krebsdyr eller bløddyr
- fremstilling af kød- eller osteerstatninger
- fremstilling af produkter med æg, fx æggehvide
- fremstilling af kunstige koncentrater
- forarbejdning af købt naturhonning
- fremstilling af halvfabrikata til is og wienerbrød
- fremstilling af færdiglavede supper og instant nudler
- fremstilling af kunsthonning og -karamel
- fremstilling af maltekstrakter og -sirupper
- fremstilling af insektmel og andre insektbaserede præparater";"- fremstilling af halvkonserves med færdigretter af frugt og grøntsager, jf. 10.39.00
- fremstilling af tofu, jf. 10.39.00
- fremstilling af frossen pizza, jf. 10.85.00
- fremstilling af spiritus, øl, vin og sodavand, jf. hovedgruppe 11
- fremstilling af plantebaserede mælkeerstatninger (fx kokos-, ris-, mandel-, havre- eller sojabaserede drikke), jf. 11.07.00
- fremstilling af vitaminer, jf. 21.10.00"
1203;3;C;10.9;109;;Fremstilling af færdige foderblandinger;Manufacture of prepared animal feeds;;;;
1204;4;C;10.91;1091;;Fremstilling af færdige foderblandinger til landbrugsdyr;Manufacture of prepared feeds for farm animals;;;;
1205;5;C;10.91.00;109100;;Fremstilling af færdige foderblandinger til landbrugsdyr;Manufacture of prepared feeds for farm animals;"Branchen omfatter fremstilling af foder til landbrugsdyr og hav- og dambrug, herunder også foder fra slagteaffald. 

Fremstilling af foder til kæledyr henvises til 10.92.00.";"- foderblandinger til landbrugsdyr, herunder koncentreret foderstof og fodertilsætningsstof
- forbehandling af ublandet (enkelt) foderstof til landbrugsdyr";- forarbejdning af affaldsprodukter fra fødevareindustrien til foderstof;"- fremstilling af kødprodukter, jf. 10.13.00
- fremstilling af fiskemel til foderstof, jf. 10.20.10
- fremstilling af oliekage, jf. 10.41.00
- aktiviteter, der resulterer i biprodukter, som kan bruges til foderstof uden særlig behandling, fx olieholdige frø, jf. 10.41.00, restprodukter fra maling af korn, jf. 10.61.00, mv."
1206;4;C;10.92;1092;;Fremstilling af færdige foderblandinger til kæledyr;Manufacture of prepared pet foods;;;;
1207;5;C;10.92.00;109200;;Fremstilling af færdige foderblandinger til kæledyr;Manufacture of prepared pet foods;Branchen omfatter fremstilling af foderblandinger til kæledyr, fx hunde, katte, fugle, fisk mv.;- fremstilling af fodertilberedning til kæledyr, herunder hunde, katte, fugle, fisk mv.;- forarbejdning af slagteriaffald til at producere foderstof;"- fremstilling af kødprodukter, jf. 10.13.00
- fremstilling af fiskemel til foderstof, jf. 10.20.10
- fremstilling af oliekage, jf. 10.41.00
- aktiviteter, der resulterer i biprodukter, som kan bruges til foderstof uden særlig behandling, fx olieholdige frø, jf. 10.41.00, restprodukter fra maling af korn, jf. 10.61.00, mv."
1208;2;C;11;11;;Fremstilling af drikkevarer;Manufacture of beverages;"Denne hovedgruppe omfatter fremstilling af drikkevarer, såsom alkoholfrie drikkevarer og mineralvand, fremstilling af alkoholiske drikkevarer primært via gæring, øl og vin samt fremstilling af destillerede alkoholiske drikkevarer.

Denne hovedgruppe omfatter ikke:
- fremstilling af frugt- og grøntsagssaft, jf. 10.32.00
- fremstilling af mælkebaserede drikkevarer, jf. 10.51.00
- fremstilling af kaffe, te og maté, jf. 10.83.00";;;
1209;3;C;11.0;110;;Fremstilling af drikkevarer;Manufacture of beverages;;;;
1210;4;C;11.01;1101;;Destillation, rektifikation og blanding af alkohol;Distilling, rectifying and blending of spirits;;;;
1211;5;C;11.01.00;110100;;Destillation, rektifikation og blanding af alkohol;Distilling, rectifying and blending of spirits;Branchen omfatter fremstilling af destillerede alkoholiske drikkevarer (fx whisky, brandy, gin, likører mv.) og neutral spiritus.;"- fremstilling af destillerede, alkoholiske drikkevarer: whisky, brandy, gin, likører mv.
- fremstilling af drikkevarer blandet med destillerede alkoholiske drikkevarer
- blanding af destilleret spiritus
- fremstilling af neutral spiritus";;"- fremstilling af ikke-destillerede alkoholiske drikkevarer, jf. 11.02-11.05
- fremstilling af syntetisk ætylalkohol, jf. 20.14.00
- fremstilling af ætylalkohol fra gærede materialer, jf. 20.14.00
- kun tapning på flaske og mærkning, jf. 46.34.20 (engroshandel) eller 82.92.00 (på honorar- eller kontraktbasis)"
1212;4;C;11.02;1102;;Fremstilling af vin af druer;Manufacture of wine from grape;;;;
1213;5;C;11.02.00;110200;;Fremstilling af vin af druer;Manufacture of wine from grape;"Branchen omfatter fremstilling af vin fra druer, fx mousserende vin og vin fra mostkoncentrat, herunder eventuel blanding, rensning og tapning af vin på flasker. Branchen omfatter også alkoholfri vin.

Branchen omfatter ikke tapning ved engroshandel eller på kontraktbasis.";"- fremstilling af vin fra friske druer
- fremstilling af mousserende vin
- fremstilling af vin tilsat alkohol
- fremstilling af vin fra mostkoncentrat";"- blanding, rensning og tapning af vin på flasker
- fremstilling af alkoholfri vin eller vin med lavt alkoholindhold";"- fremstilling af vin fra rosiner, jf. 11.03.00
- kun tapning på flaske og mærkning, jf. 46.34.20 (engroshandel) og 82.92.00 (på honorar- eller kontraktbasis)"
1214;4;C;11.03;1103;;Fremstilling af cider og andre gærede drikkevarer af frugt;Manufacture of cider and other fermented fruit beverages;;;;
1215;5;C;11.03.00;110300;;Fremstilling af cider og andre gærede drikkevarer af frugt;Manufacture of cider and other fermented fruit beverages;Branchen omfatter fremstilling af gærede, ikke-destillerede alkoholiske drikkevarer, fx cider og andre frugtvine, samt fremstilling af miksturer til hhv. gærede og alkoholfrie drikkevarer.;"- fremstilling af gærede, men ikke destillerede alkoholiske drikkevarer: mjød, sake, cider, pæremost og andre frugtvine
- fremstilling af vin fra rosiner";"- fremstilling af miksturer til gærede drikkevarer og alkoholfrie drikkevarer i.a.n.
- fremstilling af frugtkefir og vandkefir";"- fremstilling af vin fra druer, jf. 11.02.00
- kun tapning på flaske og mærkning, jf. 46.34.20 (engroshandel) og 82.92.00 (på honorar- eller kontraktbasis)"
1216;4;C;11.04;1104;;Fremstilling af andre ikke-destillerede gærede drikkevarer;Manufacture of other non-distilled fermented beverages;;;;
1217;5;C;11.04.00;110400;;Fremstilling af andre ikke-destillerede gærede drikkevarer;Manufacture of other non-distilled fermented beverages;Branchen omfatter fremstilling af aromatiseret vin fra friske druer krydret med aromatiske stoffer.;- fremstilling af aromatiseret vin fra friske druer krydret med aromatiske stoffer, fx vermouth;;- kun tapning på flaske og mærkning, jf. 46.34.20 (engroshandel) og 82.92.00 (på honorar- eller kontraktbasis)
1218;4;C;11.05;1105;;Fremstilling af øl;Manufacture of beer;;;;
1219;5;C;11.05.00;110500;;Fremstilling af øl;Manufacture of beer;Branchen omfatter fremstilling af drikkevarer baseret på malt, fx øl eller porter. Branchen omfatter også alkoholfrie øl.;- fremstilling af drikkevarer baseret på malt, fx øl, ale, porter og stout;- fremstilling af alkoholfrie øl eller øl med lavt alkoholindhold;
1220;4;C;11.06;1106;;Fremstilling af malt;Manufacture of malt;;;;
1221;5;C;11.06.00;110600;;Fremstilling af malt;Manufacture of malt;Branchen omfatter fremstilling af malt fra byg, hvede eller andre kornsorter.;- fremstilling af malt fra byg, hvede eller andre kornsorter;;- fremstilling af maltekstrakter og -sirupper, jf. 10.89.00
1222;4;C;11.07;1107;;Fremstilling af læskedrikke og vand på flaske;Manufacture of soft drinks and bottled waters;Denne undergruppe omfatter fremstilling af alkoholfrie drikkevarer (undtagen alkoholfri øl og vin).;;;
1223;5;C;11.07.00;110700;;Fremstilling af læskedrikke og vand på flaske;Manufacture of soft drinks and bottled waters;"Branchen omfatter fremstilling af sodavand og andre læskedrikke (uden alkohol), mineralvand og andet vand på flaske med eller uden tilsat smag og sødestof. Branchen omfatter også fremstilling af plantebaserede mælkeerstatninger (fx kokos-, ris-, mandel-, havre- eller sojabaserede drikke).

Branchen omfatter ikke frugt- og grøntsagssaft eller -juice, som henvises til 10.32.00.";"- fremstilling af naturlig mineralvand og andet vand på flaske
- fremstilling af sodavand, fx:
• alkoholfri vand med smag og/eller vand med sukker, fx lemonade, orangeade, cola, frugtsaft, tonic mv.
- fremstilling af andre alkoholfrie drikkevarer, fx sojabaserede drikkevarer";"- fremstilling af drikkevarer med frugtnektar
- fremstilling af plantebaserede mælkeerstatninger (fx kokos-, ris-, mandel-, havre- eller sojabaserede drikke)";"- fremstilling af frugt- og grøntsagssaft, jf. 10.32.00
- fremstilling af koncentrater fra frisk frugt og grøntsager, jf. 10.32.00
- fremstilling af mælkebaserede drikkevarer, jf. 10.51.00
- fremstilling af kaffe, te og maté, jf. 10.83.00
- fremstilling af alkoholiske drikkevarer, jf. 11.01-11.05
- fremstilling af alkoholfri vin, jf. 11.02.00
- fremstilling af alkoholfri øl, jf. 11.05.00
- kun tapning på flaske og mærkning, jf. 46.34.20 (engroshandel) og 82.92.00 (på honorar- eller kontraktbasis)"
1224;2;C;12;12;;Fremstilling af tobaksvarer;Manufacture of tobacco products;Denne hovedgruppe omfatter forarbejdning af tobak til en form, der er egnet til konsum.;;;
1225;3;C;12.0;120;;Fremstilling af tobaksvarer;Manufacture of tobacco products;;;;
1226;4;C;12.00;1200;;Fremstilling af tobaksvarer;Manufacture of tobacco products;;;;
1227;5;C;12.00.00;120000;;Fremstilling af tobaksvarer;Manufacture of tobacco products;"Branchen omfatter fremstilling af tobaksvarer og produkter af tobakserstatninger. Branchen omfatter også homogeniseret eller rekonsitueret tobak. 

Dyrkning og indledende forarbejdning af tobak henvises til 01.63.00 og dampvæsker til e-cigaretter til 20.59.00.";"- fremstilling af tobaksvarer og produkter af tobakserstatning, fx cigaretter, finskåren tobak, pibetobak, skråtobak og snustobak
- fremstilling af ""homogeniseret"" eller ""rekonstitueret"" tobak";- stripning og gentørring af tobak;"- dyrkning og indledende forarbejdning af tobak, jf. 01.15.00 og 01.63.00
- fremstilling af dampvæsker til e-cigaretter, herunder lukkede refiller, jf. 20.59.00
- fremstilling af e-cigaretter, jf. 32.99.00"
1228;2;C;13;13;;Fremstilling af tekstiler;Manufacture of textiles;"Denne hovedgruppe omfatter forbehandling og spinding af tekstilfibre samt tekstilvævning, efterbehandling af tekstiler og beklædningsartikler, fremstilling af tekstilstof til teknisk brug, fremstilling af færdige tekstilgenstande, undtagen udstyr (fx husholdningstekstiler, plaider, tæpper og tovværk).

Denne hovedgruppe omfatter ikke:
- dyrkning af naturfibre, jf. hovedgruppe 01
- fremstilling af beklædningsartikler, jf. hovedgruppe 14
- fremstilling af syntetiske fibre og kunstfibre, jf. 20.60.00";;;
1229;3;C;13.1;131;;Forbehandling og spinding af tekstilfibre;Preparation and spinning of textile fibres;;;;
1230;4;C;13.10;1310;;Forbehandling og spinding af tekstilfibre;Preparation and spinning of textile fibres;Denne undergruppe omfatter forberedende handlinger på tekstilfibre og spinding af tekstilfibre. Dette kan udføres på forskellige råmaterialer, uanset om det er nye eller genanvendte tekstiler, fx silke, bomuld, uld, kunstige fibre eller fibre af hovedsageligt vegetabilsk oprindelse, fibre baseret på papircellulose (træ og strå) mv.;;;
1231;5;C;13.10.00;131000;;Forbehandling og spinding af tekstilfibre;Preparation and spinning of textile fibres;"Branchen omfatter oprulning og vask af silke og uld, affedtning, karbonisering og farvning af ny uld, samt kartning, kæmning, spinding og fremstilling af garn eller tråd til vævning.

Forarbejdning af tekstilaffald til sekundære råmaterialer henvises til 38.21.00.";"- forberedende handlinger på tekstilfibre:
• oprulning og vask af silke
• vaskning af uld, dvs. affedtning og karbonisering af uld og farvning af ny uld
• kartning og kæmning af alle slags animalske, vegetabilske og kunstige fibre
- spinding og fremstilling af garn eller tråd til vævning eller syning til handel eller yderligere forarbejdning
• hørskætning
• teksturering, vridning, foldning, snoning og dypning af syntetiske eller kunstige filamentgarn
- spinding af genanvendte fibre fra sekundære råmateriale";- fremstilling af papirgarn;"- forberedende handlinger udført i kombination med landbrug, jf. hovedgruppe 01
- rødning af planter med vegatabilske tekstilfibre (jute, hør, bast mv.), ikke forbundet med dyrkning af vegetabilske tekstilfibre, jf. 01.63.00
- egrenering af bomuld, jf. 01.63.00
- fremstilling af syntetiske eller kunstige fibre og tovværk, fremstilling af enkeltgarn, herunder garn med høj trækstyrke og garn til gulvtæpper, af syntetiske eller kunstige fibre, jf. 20.60.00
- fremstilling af glasfibre, jf. 23.14.00
- forarbejdning af tekstilaffald til sekundære råmaterialer, jf. 38.21.00"
1232;3;C;13.2;132;;Vævning af tekstiler;Weaving of textiles;;;;
1233;4;C;13.20;1320;;Vævning af tekstiler;Weaving of textiles;Denne undergruppe omfatter vævning af tekstiler. Dette kan udføres ud fra forskellige råmaterialer, uanset om det er nye fibre eller genanvendte tekstiler, fx silke, bomuld, uld, kunstige fibre eller fibre af hovedsageligt vegetabilsk oprindelse, papirfibre, genvundne materialer fra tekstilaffald eller nye tekstilfibre.;;;
1234;5;C;13.20.00;132000;;Vævning af tekstiler;Weaving of textiles;Branchen omfatter vævning af tekstiler af forskellige råmaterialer uanset om det er nye fibre eller genanvendte tekstiler, fx bomuld, uld, silke, hør og kinagræs og hamp samt imiteret pels fra vævning.;"- fremstilling af bredtvævet stof af bomuld, uld, kamgarn eller silke, herunder fra blandinger eller kunstigt eller syntetisk garn (polypropylen mv.)
- fremstilling af anden bredtvævet stof ud fra hør, kinagræs, hamp, jute, bastfibre og specialgarn
- fremstilling af bredtvævet stof fra sekundære råmaterialer";"- fremstilling af vævet stof med luv eller chenille, frottéstof, gaze mv.
- fremstilling af vævet stof af aramidtråd
- fremstilling af imiteret pels fra vævning";"- fremstilling af trikotagestoffer, jf. 13.91.00
- fremstilling af gulvbelægning af tekstil, jf. 13.93.00
- fremstilling af fiberdug, jf. 13.95.00
- fremstilling af bånd, jf. 13.96.00
- fremstilling af presenninger, telte, pneumatiske madrasser, campingartikler af tekstil, sejl til windsurfing og både, solskærme, løse overdækninger til biler, maskiner eller møbler, faldskærme, jf. 13.96.00
- fremstilling af stoffer af glasfibre, jf. 13.96.00
- fremstilling af filt, jf. 13.99.00
- fremstilling af kulfibre og artikler af kulfibre til ikke-elektriske formål, jf. 23.99"
1235;3;C;13.3;133;;Efterbehandling af tekstiler;Finishing of textiles;;;;
1236;4;C;13.30;1330;;Efterbehandling af tekstiler;Finishing of textiles;Denne undergruppe omfatter efterbehandling af tekstiler og beklædningsartikler, dvs. blegning, farvning, forarbejdning og lignende aktiviteter.;;;
1237;5;C;13.30.00;133000;;Efterbehandling af tekstiler;Finishing of textiles;"Branchen omfatter efterbehandling af tekstiler og beklædningsartikler, fx blegning og farvning, samt forarbejdning af disse. Branchen omfatter også printning og overfaldebehandling af beklædningsgenstande. 

Printning, herunder silketryk, på tekstiler og beklædningsartikler, som ikke er del af fremstillingen af tekstiler, henvises til 18.12.00.";"- blegning og farvning af tekstilfibre, garn, stoffer og tekstilartikler, herunder beklædningsartikler
- forarbejdning, tørring, dampning, krympning, lapning, sanforisering, mercerisering af tekstiler og tekstilartikler, herunder beklædningsartikler";"- blegning af jeans
- plissering og lignende arbejde på tekstiler
- vandtætning, overfladebehandling, gummilaminering eller imprægnering af købte beklædningsgenstande
- printning af tekstiler, som en mellemliggende proces i fremstillingen af tekstiler";"- printning, herunder silketryk, på tekstiler og beklædningsartikler, som ikke er en mellemliggende proces i fremstillingen af tekstiler, jf. 18.12.00
- lasergravering på tekstiler, jf. 18.12.00
- fremstilling af tekstiler, der er imprægneret, overfladebehandlet, beklædt eller lamineret med gummi, hvor gummi er den primære bestanddel, jf. 22.12.00"
1238;3;C;13.9;139;;Fremstilling af andre tekstiler;Manufacture of other textiles;Denne gruppe omfatter fremstilling af produkter, der produceres fra tekstiler, undtagen beklædningsartikler, fx færdige tekstiler, gulvtæpper og tæpper, reb, smaltvævet stof og tilskæring.;;;
1239;4;C;13.91;1391;;Fremstilling af trikotagestoffer;Manufacture of knitted and crocheted fabrics;;;;
1240;5;C;13.91.00;139100;;Fremstilling af trikotagestoffer;Manufacture of knitted and crocheted fabrics;Branchen omfatter fremstilling af strikkede eller hæklede stoffer, stoffer med luv og frotté samt fremstilling af imiteret pels ved strikning.;"- fremstilling og forarbejdning af strikkede eller hæklede stoffer:
• stoffer med luv og frotté
• netstoffer og stoffer til vinduesafskærmning
• andre trikotagestoffer";- fremstilling af imiteret pels ved strikning;"- fremstilling af netstoffer og blondestoffer til vinduesafskærmning af blonder, jf. 13.99.00
- fremstilling af trikotagebeklædningsstoffer, jf. 14.10.00"
1241;4;C;13.92;1392;;Fremstilling af tekstiler til husholdningsbrug og færdige boligtekstiler;Manufacture of household textiles and made-up furnishing articles;;;;
1242;5;C;13.92.00;139200;;Fremstilling af tekstiler til husholdningsbrug og færdige boligtekstiler;Manufacture of household textiles and made-up furnishing articles;"Branchen omfatter fremstilling af færdige tekstiler af ethvert tekstilmateriale til husholdningsbrug, fx tæpper, linned til senge, borde og køkken, puder, dyner, flag og klude. Branchen omfatter også fremstilling af tekstildelen til varmetæpper og håndvævede gobeliner. 

Fremstilling af tekstiler til teknisk brug henvises til 13.96.00.";"- fremstilling af færdige tekstiler til husholdningsbrug af ethvert tekstilmateriale, herunder strikkede eller hæklede stoffer, fx:
• tæpper, herunder rejsetæpper
• senge-, bord-, badeværelses- eller køkkenlinned
• vattæpper, edderdunsdyner, puder, puffer og soveposer
- fremstilling af færdige boligtekstiler, fx:
• gardiner, gardinkapper og sengetæpper
• flag, bannere og vimpler
• støveklude, karklude og lignende tekstiler";"- fremstilling af tekstildelen til varmetæpper
- fremstilling af håndvævede gobeliner";"- fremstilling af tekstiler til teknisk brug, jf. 13.96.00
- fremstilling af persienner og solskærme, jf. 13.96.00
- fremstilling af presenninger, telte, pneumatiske madrasser, campingartikler af tekstil, sejl til windsurfing og både, solskærme, løse overdækninger til biler, maskiner eller møbler, faldskærme, jf. 13.96.00
- fremstilling af faldskærme, jf. 13.96.00
- fremstilling af bleer og bleindlæg til babyer, hygiejnebind og lignende artikler af tekstil, jf. 17.22.00"
1243;4;C;13.93;1393;;Fremstilling af gulvtæpper og -måtter;Manufacture of carpets and rugs;;;;
1244;5;C;13.93.00;139300;;Fremstilling af gulvtæpper og -måtter;Manufacture of carpets and rugs;Branchen omfatter fremstilling af gulvtæpper, måtter og anden gulvbelægning af tekstil, nålefilt eller kunstgræs.;"- fremstilling af gulvbelægning af tekstil, fx:
• gulvtæpper, tæpper og måtter samt tæppefliser";"- fremstilling af gulvbelægning i nålefilt
- fremstilling af kunstgræs (syntetisk græs)";"- fremstilling af gulvtæpper og måtter af flettematerialer, jf. 16.28.00
- fremstilling af gulvbelægninger af kork, jf. 16.28.00
- fremstilling af elastiske gulvbelægninger, fx vinyl og linoleum, jf. 22.24.00"
1245;4;C;13.94;1394;;Fremstilling af reb, tovværk, sejlgarn og netstoffer;Manufacture of cordage, rope, twine and netting;;;;
1246;5;C;13.94.00;139400;;Fremstilling af reb, tovværk, sejlgarn og netstoffer;Manufacture of cordage, rope, twine and netting;"Branchen omfatter fremstilling af sejlgarn, reb, tovværk af tekstilfibre mv., fx fiskenet. 

Fremstilling af fangstnet til sportsfiskeri henvises til 32.30.00.";"- fremstilling af sejlgarn, reb, tovværk og kabler af tekstilfibre eller -bånd o.lign., uanset om det er imprægneret, overfladebehandlet, beklædt eller belagt med gummi eller plast
- fremstilling af knyttet net af sejlgarn, reb eller tovværk
- fremstilling af produkter af tovværk eller net, fx fiskenet, fendere, stødpuder til losning, læssestropper, tovværk, kabler med metalringe mv.";;"- fremstilling af hårnet, jf. 14.29.00
- fremstilling af stålkabler, jf. 25.93.00
- fremstilling af fangstnet til sportsfiskeri, jf. 32.30.00"
1247;4;C;13.95;1395;;Fremstilling af fiberdug og varer af fiberdug;Manufacture of non-wovens and non-woven articles;;;;
1248;5;C;13.95.00;139500;;Fremstilling af fiberdug og varer af fiberdug;Manufacture of non-wovens and non-woven articles;Branchen omfatter fremstilling af fiberdugdele, fx forbinding til sårpleje eller vådservietter til babyer.;- fremstilling af fiberdug, uanset om det er imprægneret, overfladebehandlet, beklædt eller lamineret med plast eller gummi eller ej;"- fremstilling af fiberdugdele til fremstilling af forbinding til sårpleje
- fremstilling af fiberdug til fremstilling af vådservietter til babyer
- fremstilling af fiberdug, hvor plast eller gummi udgør binderen.";"- fremstilling af færdige artikler fra fiberdug, fx:
• sengetøj, duge, badeværelseslinned eller køkkenlinned fra fiberdug, jf. 13.92.00
• gardiner af fiberdug, jf. 13.92.00
• gulvklude, karklude, støvklude og tilsvarende rengøringsklude af fiberdug, jf. 13.92.00
• beklædningsgenstande af fiberdug, jf. 14.29.00
• fremstilling af bleer og bleindlæg til babyer, hygiejnebind, jf. 17.22.00
• fremstilling af tekstiltapet, jf. 17.24.00
• engangsgaze til brug under kirurgiske indgreb lavet af fiberdug, jf. 32.50.00
• fremstilling af individuelle beskyttelsesmasker, fx FFP2, FFP3, kirurgiske masker, jf. 32.50.00"
1249;4;C;13.96;1396;;Fremstilling af andre tekniske og industrielle tekstiler;Manufacture of other technical and industrial textiles;;;;
1250;5;C;13.96.00;139600;;Fremstilling af andre tekniske og industrielle tekstiler;Manufacture of other technical and industrial textiles;"Branchen omfatter fremstilling af smaltvævet stof, fx dekorativt pynt, tekstiler, belagte stoffer, malerlærreder og presenninger samt stoffer af glasfibre. Branchen omfatter også fremstilling af presenninger, telte og solskærme. 

Fremstilling af dug af vævet metaltråd henvises til 25.93.00.";"- fremstilling af smaltvævet stof, herunder stoffer bestående af rendegarn uden skudgarn samlet ved hjælp af et klæbemiddel
- fremstilling af labels, badges mv.
- fremstilling af dekorativ pynt, fx fletninger, kvaster og pomponer
- fremstilling af tekstiler, fx imprægneret, overfladebehandlet, beklædt eller lamineret med plast
- fremstilling af metalliseret garn, gummitråd eller tråd beklædt med tekstil, imprægneret, overfladebehandlet eller belagt med gummi eller plast
- fremstilling af cordlærred af kunstigt garn med høj trækstyrke
- fremstilling af andre behandlede eller belagt stoffer, fx kalker-, maler- og stivlærred o.lign. stivede tekstilstoffer, tekstilstoffer belagt med gummi eller stivelsestoffer
- fremstilling af diverse tekstiler, fx tekstilvæger, glødende gasglødenet og rørgas
- fremstilling af glødenet, rørnet, drivremme eller transportbånd (uanset om de er forstærket med metal eller anden materiale), sigtedug og filterdug
- fremstilling af bilafgratning
- fremstilling af presenninger, telte, pneumatiske madrasser af tekstilmaterialer, campingartikler af tekstil, sejl til windsurfing og både, solskærme, løse overdækninger til biler, maskiner eller møbler og faldskærme";- fremstilling af stoffer af glasfibre;"- fremstilling af bleer og bleindlæg til babyer og lignende artikler af tekstil, jf. 17.22.00
- fremstilling af medicinsk tekstil, imprægneret eller beklædt med medicinalvarer, fx gaze, bandager, jf. 21.20.00
- fremstilling af drivremme og transportbånd af tekstil, imprægneret, belagt, beklædt eller lamineret med gummi, jf. 22.12.00
- fremstilling af plader eller ark af cellegummi eller plast kombineret med tekstil kun til forstærkning, jf. 22.12.00 og 22.21.00
- fremstilling af dug af vævet metaltråd, jf. 25.93.00
- fremstilling af afdækningsstykker til brug under kirurgiske indgreb lavet af fiberdug, jf. 32.50.00"
1251;4;C;13.99;1399;;Fremstilling af andre tekstiler i.a.n.;Manufacture of other textiles n.e.c.;;;;
1252;5;C;13.99.00;139900;;Fremstilling af andre tekstiler i.a.n.;Manufacture of other textiles n.e.c.;Branchen omfatter fremstilling af andre tekstiler, fx filt, tyl, blonde og broderi, selvklæbende tape og snørebånd af tekstil.;"- fremstilling af filt
- fremstilling af tyl og andre netstoffer, og af blonde og broderi, i et stykke, i bånd eller i motiver
- fremstilling af selvklæbende tape
- fremstilling af snørebånd af tekstil
- fremstilling af netstoffer og blondetoffer til vinduesafskærmning";;"- fremstilling af gulvlægning i nålefilt, jf. 13.93.00
- fremstilling af tekstilvat og artikler af vat: hygiejnebind, tamponer mv., jf. 17.22.00"
1253;2;C;14;14;;Fremstilling af beklædningsartikler;Manufacture of wearing apparel;"Denne hovedgruppe omfatter al tilpasning (klar til brug eller lavet efter mål) i alle materialer (fx læder, pels og trikotagestoffer) af alle typer tøj (fx yderbeklædning, undertøj til mænd, kvinder eller børn, tøj til arbejde, fritid eller afslapning) og tilbehør. Der skelnes ikke mellem tøj til voksne og tøj til børn.

Denne hovedgruppe omfatter også:
- fremstilling af beklædningsartikler, tøjtilbehør og andre artikler af pelsskind

Denne hovedgruppe omfatter ikke:
- reparation af beklædningsartikler, jf. 95.29.00";;;
1254;3;C;14.1;141;;Fremstilling af strikkede og hæklede beklædningsartikler;Manufacture of knitted and crocheted apparel;;;;
1255;4;C;14.10;1410;;Fremstilling af strikkede og hæklede beklædningsartikler;Manufacture of knitted and crocheted apparel;;;;
1256;5;C;14.10.00;141000;;Fremstilling af strikkede og hæklede beklædningsartikler;Manufacture of knitted and crocheted apparel;Branchen omfatter fremstilling af trikotage, fx strikkede eller hæklede tights og strømper samt andre strikkede eller hæklede beklædningsartikler.;"- fremstilling af trikotage, herunder strømper, tights og strømpebukser
- fremstilling af beklædningsartikler af trikotage, fx pullovers, cardigans, trøjer, skjorter, T-shirts, bluser, veste, nattøj og undertøj, herunder babytøj
- fremstilling af trikotagestoffer til sportstøj og badetøj";"- fremstilling af medicinske strømper og andre strømper
- fremstilling af strikket eller hækledet fodtøj uden påsyede såler";"- fremstilling af strikkede og hæklede stoffer, jf. 13.91.00
- fremstilling af strikkede eller hæklede brystholdere og korsetter, jf. 14.22.00"
1257;3;C;14.2;142;;Fremstilling af andre beklædningsartikler samt tilbehør;Manufacture of other wearing apparel and accessories;"Denne gruppe omfatter fremstilling af beklædningsartikler, som ikke er trikotage. Den anvendte materiale kan være en hvilken som helst slags og kan være beklædt, imprægneret eller gummilamineret.

Gruppen omfatter ikke:
- reparation af beklædningsartikler, jf. 95.29.00";;;
1258;4;C;14.21;1421;;Fremstilling af yderbeklædning;Manufacture of outerwear;;;;
1259;5;C;14.21.00;142100;;Fremstilling af yderbeklædning;Manufacture of outerwear;"Branchen omfatter fremstilling af yderbeklædning, fx jakker, busker, mv., samt skræddersyet tøj, bortset fra trikotage. 

Fremstilling af beklædningsartikler af gummi eller plast henvises til 22.12.00 eller 22.26.00. Reparation og skræddertilpasning af tøj henvises til 95.29.00.";- fremstilling af yderbeklædning, bortset fra trikotage, fx pullovers, cardigans, trøjer, frakker, habitter, ensembles, jakker, bukser, nederdele, skjorter, T-shirts, bluser og yderbeklædning til babyer;"- brudekjoler og andet tøj til ceremonier
- skræddersyet tøj";"- fremstilling af strikkede og hæklede (trikotage) beklædningsartikler fx pullovers, cardigans, trøjer, frakker, habitter, ensembles, jakker, bukser, nederdele, skjorter, T-shirts, bluser og inluderende baby tøj, jf. 14.10.00
- uniformer og lignende officiel beklædning, jf. 14.23.00
- fremstilling af beklædningsartikler af gummi eller plast, jf. 22.12.00 og 22.26.00
- reparation og skræddertilpasning af tøj, jf. 95.29.00"
1260;4;C;14.22;1422;;Fremstilling af underbeklædning;Manufacture of underwear;;;;
1261;5;C;14.22.00;142200;;Fremstilling af underbeklædning;Manufacture of underwear;Branchen omfatter fremstilling af undertøj, nattøj og badetøj, undtagen trikotagevarer.;- fremstilling af vævet undertøj og nattøj, bortset fra trikotage, fx underbukser, trusser, pyjamasser, natkjoler, morgenkåber, underkjoler, badetøj og undertøj til babyer;- fremstilling af bh'er og korsetter af alle typer tekstiler, undtagen strikkede og hæklede materialer;
1262;4;C;14.23;1423;;Fremstilling af arbejdsbeklædning;Manufacture of workwear;;;;
1263;5;C;14.23.00;142300;;Fremstilling af arbejdsbeklædning;Manufacture of workwear;Branchen omfatter fremstilling af arbejdsbeklædning, fx uniformer og anden officiel beklædning.;;- fremstilling af uniformer og lignende officiel beklædning, fx dommerkåber, messehagler mv.;"- fremstilling af fodtøj, jf. 15.20.00
- fremstilling af brandhæmmende beklædning, jf. 32.99.00"
1264;4;C;14.24;1424;;Fremstilling af beklædningsartikler af læder og pelsskind;Manufacture of leather clothes and fur apparel;;;;
1265;5;C;14.24.00;142400;;Fremstilling af beklædningsartikler af læder og pelsskind;Manufacture of leather clothes and fur apparel;Branchen omfatter fremstilling af beklædningsartikler og tøjtilbehør, fx af pels eller pelsskind.;"- fremstilling af beklædningsartikler, lavet af læder eller kunstlæder, fx frakker, overtøj, jakker, bukser og forklæder
- fremstilling af artikler lavet af pelsskind:
• beklædningsartikler og tøjtilbehør af pels
• sammensat beklædning af pelsskind, fx ""kasserede"" pelsskind, plader, måtter, bånd mv.
• diverse artikler af pelsskind: tæpper, puffer uden polstring og industrielle pudseklude";;"- fremstilling af råpelsskind, jf. 01.48.00 og 01.70.00
- fremstilling af råhuder og -skind, jf. 10.11.90
- fremstilling af imiteret pels (langhårede stoffer fremstillet ved hjælp af vævning eller strikning), jf. 13.20.00 og 13.91.00
- fremstilling af yderbeklædning af syntetisk læder, jf. 14.21.00
- fremstilling af yderbeklædning med pelskant, jf. 14.21.00
- fremstilling af arbejdstøj, der ikke er fremstillet af læder eller af lædersammensætning, jf. 14.23.00
- fremstilling af pelshatte, jf. 14.29.00
- forarbejdning og farvning af pels, jf. 15.11.00
- fremstilling af støvler eller sko med pelsedele, jf. 15.20.00
- fremstilling af specialdesignede handsker af læder eller kunstlæder til sportsbrug, jf. 32.30.00"
1266;4;C;14.29;1429;;Fremstilling af andre beklædningsartikler samt tilbehør i.a.n.;Manufacture of other wearing apparel and accessories n.e.c.;;;;
1267;5;C;14.29.00;142900;;Fremstilling af andre beklædningsartikler samt tilbehør i.a.n.;Manufacture of other wearing apparel and accessories n.e.c.;Branchen omfatter fremstilling af sportstøj af bredvævet stof, fx træningsdragter, skitøj og andet teknisk sportstøj samt hoved- og håndbeklædning, men også bælter og slips.;"- fremstilling af sportstøj af bredtvævet stof, fx træningsdragter, skitøj og andet teknisk sportstøj
- fremstilling af hatte og kasketter
- fremstilling af andet tøjtilbehør, fx handsker, bælter, sjaler, slips, kravatter og hårnet";- fremstilling af fodtøj af tekstil uden påsat sål, bortset fra fodtøj af strikket eller hæklet tekstil;"- fremstilling af fodtøj af trikotage uden påsyede såler, jf. 14.10.00
- fremstilling af badetøj, jf. 14.22.00
- fremstilling af pelsskinds tøjtilbehør
- fremstilling af hovedbeklædning af plast, undtagen sikkerhedshovedbeklædning jf. 22.26.00
- fremstilling af sikkerhedshjelme, jf. 32.99.00"
1268;2;C;15;15;;Fremstilling af lædervarer og lignende varer af andre materialer;Manufacture of leather and related products of other materials;"Denne hovedgruppe omfatter beredning og farvning af pels og bearbejdning af huder eller skind til læder gennem garvning eller hærdning og fremstilling af læder til produkter til konsum.

Den omfatter også fremstilling af direkte substitutionsprodukter (lignende produkter) lavet af andre materialer end læder, fx fodtøj i gummi og tekstilkufferter. Produkter, der er lavt af lædersubstitutionsprodukter, er omfattet heri, da de er lavet på måder, som ligner den måde, læderprodukter laves på (fx kufferter), og da de ofte produceres i samme enhed.";;;
1269;3;C;15.1;151;;"Garvning, farvning, beredning af læder og pelsskind; fremstilling af tasker, kufferter, sadelmagervarer mv.";"Tanning, dyeing, dressing of leather and fur; manufacture of luggage, handbags, saddlery and harness";Denne gruppe omfatter fremstilling af læder og pels samt produkter deraf.;;;
1270;4;C;15.11;1511;;Garvning, beredning og farvning af læder og pelsskind;Tanning, dressing, dyeing of leather and fur;;;;
1271;5;C;15.11.00;151100;;Garvning, beredning og farvning af læder og pelsskind;Tanning, dressing, dyeing of leather and fur;Branchen omfatter garvning, farvning og beredning af huder og skind samt fremstilling af semsgarvet, pergamentbehandlet læder, laklæder, metaliseret læder og kunstlæder. Branchen omfatter også afskrabning, færdigberedning, garvning og farvning af huder med hår.;"- garvning, farvning og beredning af huder, skind og forgarvet læder
- fremstilling af semsgarvet læder, pergamentbehandlet læder, laklæder eller metalliseret læder
- fremstilling af kunstlæder
- skrabning, klipning, plukning, færdigberedning, garvning, blegning og farvning af pelsskind og huder med hår";;"- fremstilling af huder og skind som en del af arbejde på en ranch, jf. 01.4
- fremstilling af råhuder og -skind som en del af slagtning, jf. 10.11.90
- fremstilling af læderbeklædningsartikler, jf. 14.24.00
- fremstilling af imiteret læder, som ikke er baseret på naturlæder, jf. 22.12.00 og 22.26.00"
1272;4;C;15.12;1512;;Fremstilling af tasker, kufferter, sadelmagervarer mv., uanset materialets art;Manufacture of luggage, handbags, saddlery and harness of any material;;;;
1273;5;C;15.12.00;151200;;Fremstilling af tasker, kufferter, sadelmagervarer mv., uanset materialets art;Manufacture of luggage, handbags, saddlery and harness of any material;Branchen omfatter fremstilling af kufferter, tasker mv. af læder og af andre materialer, hvor der anvendes samme fremstillingsteknologi som til læder. Branchen omfatter også fremstilling af sadler, seletøj, ridepiske mv.;"- fremstilling af kufferter, tasker, rygsække mv. af læder, kunstlæder eller andet materiale, hvor den samme teknologi bruges som til læder 
- fremstilling af sadler og seletøj til et hvilket som helst dyr
- fremstilling af urremme, som ikke er metal (fx stof, læder og plast)
- fremstilling af diverse læderartikler eller artikler af kunstlæder, fx drivremme og pakninger
- fremstilling af snørebånd af læder
- fremstilling af hestepiske og ridepiske";- fremstilling af lædertøj til dyr;"- fremstilling af læderbeklædningsartikler, jf. 14.24.00
- fremstilling af læderhandsker og -hatte, jf. 14.29.00
- fremstilling af fodtøj, jf. 15.20.00
- fremstilling af sadler til cykler, jf. 30.92.00
- fremstilling af urremme af ædelmetal, jf. 32.12.00
- fremstilling af urremme, som ikke er ædelmetal, jf. 32.13.00
- fremstilling af sikkerhedsbælter og andre bælter til arbejdsbrug, jf. 32.99.00"
1274;3;C;15.2;152;;Fremstilling af fodtøj;Manufacture of footwear;;;;
1275;4;C;15.20;1520;;Fremstilling af fodtøj;Manufacture of footwear;;;;
1276;5;C;15.20.00;152000;;Fremstilling af fodtøj;Manufacture of footwear;"Branchen omfatter fremstilling af almindeligt fodtøj af ethvert materiale samt læderdele til fodtøj (såler, hæle, overdele mv.). 

Fremstilling af ortopædiske sko henvises til branche 32.50.00.";"- fremstilling af fodtøj til ethvert formål af ethvert materiale gennem enhver proces, herunder formstøbning (se undtagelser nedenfor)
- fremstilling af læderdele til fodtøj, fx af overdele og dele af overdele, yder- og indersåle og hæle
- fremstilling af sko- og støvleovertræk, chaps og lignende artikler";- fremstilling af gummi-, træ- eller plastdele til fodtøj;"- fremstilling af fodtøj af trikotage uden påsyede såler, jf. 14.10.00
- fremstilling af fodtøj af tekstil uden påsat sål, bortset fra fodtøj af strikket eller hæklet tekstil, jf. 14.29.00
- fremstilling af skistøvler, jf. 32.30.00
- fremstilling af ortopædiske sko på recept, jf. 32.50.00"
1277;2;C;16;16;;"Fremstilling af træ og varer af træ og kork, undtagen møbler; fremstilling af varer af strå og flettematerialer";"Manufacture of wood and of products of wood and cork, except furniture; manufacture of articles of straw and plaiting materials";"Denne hovedgruppe omfatter fremstilling af trævarer, fx tømmer, krydsfiner, finer, træemballage, trægulvbrædder, træspærfag, præfabrikerede træbygninger, fremstilling af fast brændsel på basis af vegetabilsk biomasse og færdigbearbejdning af trævarer. Fremstillingsprocesserne omfatter savning, høvling, tilskæring, laminering og samling af trævarer fra træstammer, der skæres til kævler, eller træ, der senere kan udskæres yderligere eller formes på drejebænke eller andre formgivningsværktøj. Tømmeret eller andre bearbejdede trævarer kan også efterfølgende høvles eller glattes og samles til færdige produkter, fx træemballage.

Med undtagelse af udsavning er underinddelingerne i denne hovedgruppe primært baseret på de specifikke fremstillede produkter.

Denne hovedgruppe omfatter ikke:
- fremstilling af møbler, jf. 31.00.00
- installation af formstykker af træ o.lign., jf. 43.32.00, 43.33.00 og 43.35.00";;;
1278;3;C;16.1;161;;"Udsavning og høvling af træ; forarbejdning og færdigbehandling af træ";"Sawmilling and planing of wood; processing and finishing of wood";;;;
1279;4;C;16.11;1611;;Udsavning og høvling af træ;Sawmilling and planing of wood;;;;
1280;5;C;16.11.00;161100;;Udsavning og høvling af træ;Sawmilling and planing of wood;"Branchen omfatter savning, høvling og maskinforarbejdning af træ, anden tilskæring og fremstilling af træ til jernbaner, gulvbrædder mv. 

Fremstilling af brænde eller presset træ henvises til 16.26.00.";"- savning, høvling og maskinforarbejdning af træ
- tilskæring, skrælning eller opflisning af træstammer
- fremstilling af jernbanesveller af træ
- fremstilling af usamlede gulvbrædder af træ
- fremstilling af træuld, savsmuld, flis og spån uden for skoven";;"- skovning og fremstilling af træ i ufærdig form, jf. 02.20.00
- tørring af træ, jf. 16.12.00
- fremstilling af finerplader, der er tynde nok til at kunne blive brugt til krydsfiner, brædder og paneler, jf. 16.21.00
- fremstilling af parketstave, lister mv. af træ, som er samlet til gulvbrædder, jf. 16.22.00
- fremstilling af træspån og tagspån, jf. 16.23.00
- fremstilling af brænde eller presset træ, jf. 16.26.00"
1281;4;C;16.12;1612;;Forarbejdning og færdigbearbejdning af træ;Processing and finishing of wood;Denne undergruppe omfatter generelle aktiviteter inden for forarbejdning og færdigbearbejdning af træ, som typisk udføres på honorar- eller kontraktbasis.;;;
1282;5;C;16.12.00;161200;;Forarbejdning og færdigbearbejdning af træ;Processing and finishing of wood;"Branchen omfatter forarbejdning og færdigbearbejdning af træ, som typisk udføres på honorar- eller kontraktbasis, fx udboring, tørring og behandling af træ i ufærdig form med maling, bejdsning eller andre konserveringsmidler.
 
Overfladebehandling, imprægnering eller kemisk behandling af trævarer henvises til 16.27.00.";"- aktiviteter, der oftest udføres for et honorar eller på kontrakt:
• udboring, drejning, fræsning, udhuling, rømning, planering, knusning, polering, splejsning mv. af træ
- tørring af træ
- imprægnering eller kemisk behandling af træ
- behandling af træ i ufærdig form med maling, bejdsning eller andre konserveringsmidler
- andre aktiviteter i forbindelse med forarbejdning og efterbehandling af træ";;"- fremstilling af ikke-samlede gulvbrædder af træ, jf. 16.11.00
- overfladebehandling, imprægnering eller kemisk behandling af trævarer, jf. 16.27.00
- desinfektion og bekæmpelsesaktiviteter i bygninger o.lign., jf. 81.23.00
- ompolstring, omlakering og reparation af møbler, jf. 95.24.00"
1283;3;C;16.2;162;;Fremstilling af varer af træ, kork, strå og flettematerialer;Manufacture of products of wood, cork, straw and plaiting materials;Denne gruppe omfatter fremstilling af produkter af træ, kork, strå eller flettematerialer, herunder basisformer samt samlede produkter.;;;
1284;4;C;16.21;1621;;Fremstilling af finerplader og træbaserede plader;Manufacture of veneer sheets and wood-based panels;;;;
1285;5;C;16.21.00;162100;;Fremstilling af finerplader og træbaserede plader;Manufacture of veneer sheets and wood-based panels;Branchen omfatter fremstilling af finerplader, krydsfiner, OSB-plader, MDF-plader, presset træ og limtræ samt isoleringfiberplader af træ eller andre træagtige materialer.;"- fremstilling af finerplader, der er tynde nok til finerarbejde, krydsfiner eller andre formål:
• farvet, overfladebehandlet, imprægneret og forstærket (med papir- eller stofbeklædning)
• fremstillet i motiver
- fremstilling af krydsfiner, finerpaneler og lignende laminerede træplader og brædder
- fremstilling af OSB-plader og andre spånplader
- fremstilling af halvhårde fiberplader (MDF) og andre fiberplader
- fremstilling af presset træ
- fremstilling af limtræ, krydslamineret træ og lamineret træfiner";- fremstilling af isoleringsfiberplader af træ eller andre træagtige materialer, uanset om de er sammenklæbet med harpiks eller andre organiske stoffer eller ej;
1286;4;C;16.22;1622;;Fremstilling af sammensatte parketstave;Manufacture of assembled parquet floors;;;;
1287;5;C;16.22.00;162200;;Fremstilling af sammensatte parketstave;Manufacture of assembled parquet floors;Branchen omfatter fremstilling af parketstave, der samles til gulvbrædder.;- fremstilling af parketstave, lister mv. af træ, som er samlet til gulvbrædder;;- fremstilling af ikke-samlede trægulvbrædder, jf. 16.11.00
1288;4;C;16.23;1623;;Fremstilling af bygningstømmer og snedkeriartikler i øvrigt;Manufacture of other builders’ carpentry and joinery;;;;
1289;5;C;16.23.00;162300;;Fremstilling af bygningstømmer og snedkeriartikler i øvrigt;Manufacture of other builders’ carpentry and joinery;Branchen omfatter fremstilling af trævarer til byggesektoren, fx bjælker, spær, trapper, gelændere og saunaer.;"- fremstilling af trævarer primært beregnet til brug i byggesektoren:
• bjælker, spær og tagstivere
• præfabrikerede spærfag af limtræ og metalforbundet
• trapper og gelændere
• trælister og pyntelister, træspån og tagspån
- fremstilling af præfabrikerede bygninger eller elementer deraf, som hovedsageligt består af træ, fx saunaer
- fremstilling af autocampere og husvogne
- fremstilling af skillevægge af træ (undtagen af fritstående)";- fremstilling af træstilladser;"- døre, vinduer, skodder og deres rammer, jf. 16.25.00
- fremstilling af skillevægge af træ, fritstående, jf. 31.00.00
- fremstilling af walk-in garderober, jf. 31.00.00
- installation af døre, vinduer og trapper, jf. 43.32.00
- installation af køkkener, fiksturer til butikker mv., jf. 43.32.00
- rejsning af tagværk, jf. 43.41.00"
1290;4;C;16.24;1624;;Fremstilling af træemballage;Manufacture of wooden containers;;;;
1291;5;C;16.24.00;162400;;Fremstilling af træemballage;Manufacture of wooden containers;Branchen omfatter fremstilling af emballage af træ, fx kasser, kabeltromler, kar, tønder og paller.;"- fremstilling af pakkasser, transportkasser, tromler og lignende træemballage
- fremstilling af paller, bokspaller og andre lastpaller af træ
- fremstilling af tønder, baljer, kar og andre bødkerprodukter af træ
- fremstilling af kabeltromler af træ";;"- fremstilling af kufferter, jf. 15.12.00
- fremstilling af beholdere af flettematerialer, jf. 16.28.00"
1292;4;C;16.25;1625;;Fremstilling af døre og vinduer af træ;Manufacture of doors and windows of wood;;;;
1293;5;C;16.25.00;162500;;Fremstilling af døre og vinduer af træ;Manufacture of doors and windows of wood;Branchen omfatter fremstilling af døre, vinduer og skodder i træ samt rammer hertil.;"- fremstilling af døre og deres rammer og tærskler af træ
- fremstilling af vinduer, skodder og franske døre og deres rammer af træ
- fremstilling af døre af flere materialer og vinduer med trærammer";;
1294;4;C;16.26;1626;;Fremstilling af fast brændsel på basis af vegetabilsk biomasse;Manufacture of solid fuels from vegetable biomass;;;;
1295;5;C;16.26.00;162600;;Fremstilling af fast brændsel på basis af vegetabilsk biomasse;Manufacture of solid fuels from vegetable biomass;"Branchen omfatter fremstilling af briketter, brændeknuder og piller fra savsmuld, overskudstræ, træaffald mv. 

Fremstilling af tørvebriketter henvises til 19.20.00.";- fremstilling af briketter, brændeknuder og piller fra agglomereret savsmuld, overskudstræ og træaffald, strå eller anden vegetabilsk biomasse;;"- fremstilling af foderstof fra sojabønneaffald, jf. 10.9
- tilskæring, skrælning eller opflisning af træstammer, jf. 16.11.00
- fremstilling af tørvebriketter, jf. 19.20.00"
1296;4;C;16.27;1627;;Færdigbearbejdning af trævarer;Finishing of wooden products;;;;
1297;5;C;16.27.00;162700;;Færdigbearbejdning af trævarer;Finishing of wooden products;"Branchen omfatter raffinering eller beskyttelse af træoverflader, der dækker over diverse overfaldebehandlinger, fx imprægnering, polering, oliering og lakering. 

Ompolstring, omlakering og reparation af møbler henvises til 95.24.00.";- raffinering eller beskyttelse af træoverflader, fx overfladebehandling, imprægnering, færdigbearbejdning, polering, glansslibning, oliering, voksning, blegning, bejdsning, maling eller lakering af trævarer;;- ompolstring, omlakering og reparation af møbler, jf. 95.24.00
1298;4;C;16.28;1628;;Fremstilling af andre trævarer og varer af kork, strå og flettematerialer;Manufacture of other products of wood and articles of cork, straw and plaiting materials;;;;
1299;5;C;16.28.00;162800;;Fremstilling af andre trævarer og varer af kork, strå og flettematerialer;Manufacture of other products of wood and articles of cork, straw and plaiting materials;"Branchen omfatter fremstilling af øvrige varer af træ, fx dørgreb, træstatuer, køkkengrej, skoelementer og billedrammer, samt varer af kork, fx til flasker og gulvbeklædning, samt varer af strå og flettevarer. 

Fremstilling af trisser og nøgler, som er en del af tekstilmaskiner, henvises til 28.94.00.";"- fremstilling af forskellige trævarer:
• træhåndtag og -greb til værktøj, koste og børster
• støvle- eller skolæster og -stivere af træ samt bøjler
• køkkengrej, service og køkkentøj af træ
• træstatuer og -prydgenstande, dekupørarbejde i træ og træmosaik
• trææsker til smykker, bestik og lignende artikler
• trisser, spoler, nøgler, sytrådsspoler og lignende artikler af drejet træ
• andre artikler af træ
- fremstilling af trærammer til malerlærreder
- forarbejdning af naturkork, fremstilling af agglomereret kork
- fremstilling af kork til flasker
- fremstilling af artikler af naturkork eller agglomereret kork, herunder gulvbelægning
- fremstilling af fletninger og produkter af flettematerialer: måtter, måttevarer, skærme, beholdere mv.
- fremstilling af kurveartikler og fletværk
- fremstilling af spejle og billedrammer af træ
- fremstilling af håndtag til paraplyer, stokke mv.
- fremstilling af blokke til fremstilling af piber";;"- fremstilling af måtter af tekstilmaterialer, jf. 13.92.00
- fremstilling af kufferter, jf. 15.12.00
- fremstilling af træsko eller dele af sko lavet af træ, jf. 15.20.00
- fremstilling af tændstikker, jf. 20.59.00
- fremstilling af urkasser, jf. 26.52.00
- fremstilling af trisser og nøgler, som er en del af tekstilmaskiner, jf. 28.94.00
- fremstilling af møbler, jf. 31.00.00
- fremstilling af trælegetøj, jf. 32.40.00
- fremstilling af koste og børster, jf. 32.91.00
- fremstilling af kister, jf. 32.99.00
- fremstilling af korkredningsbælter, jf. 32.99.00"
1300;2;C;17;17;;Fremstilling af papir og papirvarer;Manufacture of paper and paper products;"Denne hovedgruppe omfatter fremstilling papirmasse, papir, konverteret papir og fremstilling af produkter af genanvendte produkter fra træ, papir, karton og pap. Fremstillingen af disse produkter grupperes sammen, da de udgør en serie af vertikalt forbundne processer. En enkelt enhed udfører ofte mere end én aktivitet. Fremstilling af papirmasse omfatter adskillelse af cellulosefibre fra anden materiale i træet eller opløsning og fjernelse af tryksværte fra brugt papir samt blanding i små mængder reagenser for at forstærke fiberbindingen. Produkter af konverteret papir er fremstillet af papir og andre materialer ved hjælp af forskellige teknikker. Papirartiklerne kan trykkes (fx tapet og gavepapir), så længe at trykning af oplysninger ikke er det primære formål.

Massefremstillingen af papirmasse, papir og pap er omfattet i gruppe 17.1, mens de resterende klasser omfatter fremstillingen af yderligere forarbejdet papir og papirprodukter.";;;
1301;3;C;17.1;171;;Fremstilling af papirmasse, papir og pap;Manufacture of pulp, paper and paperboard;;;;
1302;4;C;17.11;1711;;Fremstilling af papirmasse;Manufacture of pulp;;;;
1303;5;C;17.11.00;171100;;Fremstilling af papirmasse;Manufacture of pulp;Branchen omfatter fremstilling af papirmasse, som kan være dannet ved mekaniske eller kemiske processer, og inkluderer fjernelse af tryksværte.;"- fremstilling af bleget, halvbleget eller ubleget papirmasse ved hjælp af mekanisk, kemisk (opløsning eller ikke-opløsning) eller halvkemiske processer
- fremstilling af papirmasse af bomuldlinters
- fjernelse af tryksværte og fremstilling af papirmasse fra papiraffald";;
1304;4;C;17.12;1712;;Fremstilling af papir og pap;Manufacture of paper and paperboard;;;;
1305;5;C;17.12.00;171200;;Fremstilling af papir og pap;Manufacture of paper and paperboard;"Branchen omfatter fremstilling af papir og pap til yderligere industriel forarbejdning, fx overfladebehandling, belægning og imprægnering (sekundær bestanddel), fremstilling af håndlavet papir, avispapir og karbonpapir. 

Fremstilling af bølgepapir og -pap henvises til 17.21.00.";- fremstilling af papir og pap beregnet til yderligere industriel forarbejdning;"- yderligere forarbejdning af papir og pap:
• farvning, overfladebehandling, belægning og imprægnering af papir og pap
• fremstilling af crepepapir eller krøllet papir
• fremstilling af laminater og folier, hvis det er lamineret med papir eller pap
- fremstilling af håndlavet papir
- fremstilling af avispapir og andet trykpapir eller skrivepapir
- fremstilling af cellulosevat og cellulosefiberdug
- fremstilling af karbonpapir eller stencilpapir i ruller eller store ark";"- fremstilling af bølgepapir og -pap, jf. 17.21.00
- fremstilling af yderligere forarbejdede artikler af papir, pap eller papirmasse, jf. 17.22.00-17.25.00
- trykning og serviceydelser i forbindelse hermed, jf. 18.1
- fremstilling af sandpapir, jf. 23.91.00
- udgivelse af bøger, aviser og dagblade og andre udgiveraktiviteter, undtagen udgivelse af software, jf. 58.1
- fremstilling af overfladebehandlet eller imprægneret papir, hvor overfladebehandlingen eller imprægneringen er den primære bestanddel, jf. den undergruppe, hvor fremstilling af overfladebehandling eller imprægnering er klassificeret"
1306;3;C;17.2;172;;Fremstilling af papir- og papvarer;Manufacture of articles of paper and paperboard;;;;
1307;4;C;17.21;1721;;Fremstilling af bølgepap, pap og emballage af papir og pap;Manufacture of corrugated paper, paperboard and containers of paper and paperboard;;;;
1308;5;C;17.21.00;172100;;Fremstilling af bølgepap, pap og emballage af papir og pap;Manufacture of corrugated paper, paperboard and containers of paper and paperboard;"Branchen omfatter fremstilling af emballage af papir og pap samt bølgepap og -papir. Branchen omfatter også fremstilling af fx æsker, kartoner, poser og sække af papir og pap. 

Æggebakker og anden emballage, der er fremstillet af støbt eller presset papirmasse, henvises til 17.25.00.";"- fremstilling af bølgepapir og -pap
- fremstilling af kartoner, æsker og kasser af bølgepapir og -pap
- fremstilling af foldekartoner, -æsker og -kasser, som ikke er af bølgepapir og -pap
- fremstilling af beholdere af solidt pap
- fremstilling af andre beholdere af papir og pap
- fremstilling af sække og poser af papir
- fremstilling af tidsskriftsamlere og lignende artikler";;"- fremstilling af konvolutter, jf. 17.23.00
- fremstilling af formstøbte eller pressede artikler af papirmasse (fx æggebakker, papirtallerkener af formstøbt papirmasse), jf. 17.25.00"
1309;4;C;17.22;1722;;Fremstilling af husholdningsartikler og hygiejneartikler samt toiletartikler af papir og pap;Manufacture of household and sanitary goods and of toilet requisites;;;;
1310;5;C;17.22.00;172200;;Fremstilling af husholdningsartikler og hygiejneartikler samt toiletartikler af papir og pap;Manufacture of household and sanitary goods and of toilet requisites;Branchen omfatter fremstilling af husholdningspapir, papir til personlig hygiejne og andre produkter, fx renseservietter, toiletpapir og engangsservice.;"- fremstilling af husholdningspapir, papir til personlig hygiejne og produkter af cellulosevat:
• renseservietter
• lommetørklæder, håndklæder og servietter
• toiletpapir
• hygiejnebind og tamponer, bleer og bleindlæg til babyer
• kopper, tallerkener og bakker
- fremstilling af tekstilvat og artikler af vat, fx hygiejnebind, tamponer mv.";;- fremstilling af cellulosevat, jf. 17.12.00
1311;4;C;17.23;1723;;Fremstilling af kontorartikler af papir;Manufacture of paper stationery;;;;
1312;5;C;17.23.00;172300;;Fremstilling af kontorartikler af papir;Manufacture of paper stationery;Branchen omfatter fremstilling af kontorartikler af papir, fx skrivepapir, printerpapir, kuverter og notesbøger.;"- fremstilling af brugsklart trykpapir og skrivepapir
- fremstilling af brugsklart printerpapir 
- fremstilling af brugsklart kopieringspapir
- fremstilling af brugsklart stencils og karbonpapir
- fremstilling af brugsklart gummieret papir eller klæbende papir
- fremstilling af konvolutter og brevkort
- fremstilling af kontorartikler til uddannelse og erhverv (notesbøger, brevordnere, registre, regnskabsbøger, virksomhedsformularer mv.), når de printede oplysninger ikke er de primære egenskaber
- fremstilling af æsker, poser, tegnebøger og brevmapper, der indeholder en række papirvarer";;- trykning på papirprodukter, jf. 18.1
1313;4;C;17.24;1724;;Fremstilling af tapet;Manufacture of wallpaper;;;;
1314;5;C;17.24.00;172400;;Fremstilling af tapet;Manufacture of wallpaper;"Branchen omfatter fremstilling af tapet og lignende vægbeklædning. 

Plasttapet henvises til 22.26.00.";- fremstilling af tapet og lignende vægbeklædning, herunder vinyl- og tekstilbelagt tapet;;"- fremstilling af papir eller pap, jf. 17.12.00
- fremstilling af plasttapet, jf. 22.26.00"
1315;4;C;17.25;1725;;Fremstilling af andre papir- og papvarer;Manufacture of other articles of paper and paperboard;;;;
1316;5;C;17.25.00;172500;;Fremstilling af andre papir- og papvarer;Manufacture of other articles of paper and paperboard;Branchen omfatter andre papir- og papvarer, fx filtrerpapir, cigaretpapir, trisser, spoler og papirgadgets og papkort.;"- fremstilling af papir- eller papmærkater
- fremstilling af filtrerpapir og -pap
- fremstilling af cigaretpapir
- fremstilling af trisser, spoler, nøgler mv. af papir og pap
- fremstilling af æggebakker og anden formstøbt og presset emballage af papirmasse
- fremstilling af papirgadgets
- fremstilling af papir- eller papkort til brug i jacquardmaskiner";;"- trykning af etiketter, ikke selvlavet, jf. 18.12.00
- fremstilling af spillekort, jf. 32.40.00
- fremstilling af spil og legetøj af papir eller pap, jf. 32.40.00
- udgivelse af bøger, aviser og dagblade og andre udgiveraktiviteter, undtagen udgivelse af software, jf. 58.1"
1317;2;C;18;18;;Trykning og reproduktion af indspillede medier;Printing and reproduction of recorded media;"Denne hovedgruppe omfatter trykning af produkter, såsom aviser, bøger, ugeblade og magasiner, virksomhedsformularer og lykønskningskort, tryk på T-shirts og andre typer materialer samt relaterede støtteaktiviteter, såsom bogindbinding, servicer til fremstilling af plader og databilleddannelse. De omfattede støtteaktiviteter er en integreret del af trykkeriindustrien, og et produkt (en trykplade, en indbundet bog eller en computerdisk eller -fil), som er en integreret del af trykkeriindustrien, leveres næsten altid i forbindelse med disse handlinger.

Ejerskabet af inputtet er irrelevant for klassificeringen af trykningen og reproduktionen af de indspillede medier. Hovedgruppe 18 dækker udtrykkeligt forarbejdningsaktiviteterne.

De processer, der bruges i trykning, omfatter en række metoder til overførsel af et billede fra en plade, silke eller computerfil til et medie, såsom papir, plast, metal, tekstil eller træ. Den mest fremtrædende af disse metoder omfatter overførsel af billedet fra en plade eller silke til mediet via litografi, gravure, serigrafi eller flexografi. Der bruges ofte en computerfil til at ""drive"" trykkemekanismen direkte og skabe billedet eller elektrostatisk udstyr og andre typer udstyr (digital eller anslagsfri printsystem).

Selvom trykning og udgivelse kan udføres af den samme enhed (fx en avis), er det sjældnere og sjældnere tilfældet, at disse specifikke aktiviteter udføres på den samme fysiske lokation.

Denne hovedgruppe omfatter også:
- reproduktion af indspillede medier, fx cd'er, videooptagelser, software på diske eller bånd og plader

Denne hovedgruppe omfatter ikke:
- udgiveraktiviteter, jf. hovedafdeling J
- fremstilling af produkter med 3D-printer, der er klassificeret i henhold til det anvendte produkt og materiale";;;
1318;3;C;18.1;181;;Trykning og serviceydelser i forbindelse hermed;Printing and service activities related to printing;Denne gruppe omfatter trykning af produkter, fx aviser, bøger, ugeblade og magasiner, virksomhedsformularer og lykønskningskort, tryk på T-shirts og andre typer materialer samt relaterede støtteaktiviteter, fx bogindbinding, servicer til fremstilling af plader samt databilleddannelse. Trykning kan udføres ved hjælp af forskellige teknikker og på forskellige materialer.;;;
1319;4;C;18.11;1811;;Trykning af dagblade;Printing of newspapers;;;;
1320;5;C;18.11.00;181100;;Trykning af dagblade;Printing of newspapers;Branchen omfatter trykning af dagblade mv., der udkommer mindst 4 gange om ugen.;;- trykning af andre ugeblade og magasiner, der udgives mindst fire gange om ugen;"- fotokopieringsaktiviteter, jf. 18.12.00
- udgivelse af tryksager, jf. 58.1
- betjening af fotokopieringsmaskiner til fotokopiering som selvbetjening, jf. 82.10.00"
1321;4;C;18.12;1812;;Anden trykning;Other printing;;;;
1322;5;C;18.12.00;181200;;Anden trykning;Other printing;Branchen omfatter trykning af magasiner og tidskrifter, der udkommer mindre end fire gange om ugen, samt trykning af bøger og brochurer, frimærker, kort, plakater, etiketter og anden trykt reklame. Fremstilling af spillekort, trykning af fotografier samt tryk til annoncering er også omfattet. ;"- trykning af magasiner og andre ugeblade, der udgives mindre end fire gange om ugen
- trykning af bøger og brochurer, musik og musikmanuskripter, kort, atlas, plakater, tilbudsaviser, prospekter og anden trykt reklame, frimærker, stempelmærker, adkomstdokumenter, checks og andre sikkerhedspapirer, chipkort, albummer, dagbøger, kalendere og andre tryksager til erhverv, ølbrikker, personligt tilpassede kontorartikler og andre tryksager af bogtryk, offset, fotogravure, flexografi, serigrafi og andre trykmetoder, duplikeringsmaskiner, computerprintere, prægemaskiner mv., herunder hurtigtrykning direkte på tekstiler, plast, glas, metal, træ og keramik
- digitaltryk
- silketryk på tekstiler og beklædningsartikler
- fotokopiering af dokumenter
- dekorationstryk, fx trykning af gavepapir, tapet, materialer til overførsel
- trykning i stort format, fx trykning af flag, bannere, udrulningsbannere og plakater

Der er typisk ophavsret på det trykte materiale.";"- trykning på etiketter eller mærker, fx litografi, gravuretryk, flexografi, tryk på skilte
- lasergravering på tekstiler
- trykning af fotografier";"- trykning af tekstiler som en mellemliggende proces i fremstillingen af tekstiler, jf. 13.30.00
- fremstilling af kontorartikler (fx notesbøger, brevordnere, registre, regnskabsbøger og virksomhedsformularer mv.), når de trykte oplysninger ikke er de primære egenskaber, jf. 17.23.00
- udgivelse af tryksager, jf. 58.1
- annoncedesign, jf. 73.11.10
- betjening af fotokopieringsmaskiner til fotokopiering som selvbetjening, jf. 82.10.00
- gravering på metal, glas, træ mv., jf. den klasse, der svarer til det anvendte materiale"
1323;4;C;18.13;1813;;Prepress- og premedia-arbejde;Pre-press and pre-media services;;;;
1324;5;C;18.13.00;181300;;Prepress- og premedia-arbejde;Pre-press and pre-media services;Branchen omfatter forberedende arbejder inden trykning (fysisk eller digitalt), fx sætning, forpresning af datainput, udarbejdelse af datafiler, forberedelse af plader mv.;"- udarbejdelse, sætning og fotosætning, forpresning af datainput til en form, der er egnet til brug i forskellige trykteknikker og afbildning i andre visuelle medier, herunder scanning og genkendelse af optiske tegn samt elektronisk ombrydning
- udarbejdelse af datafiler til anvendelse i multimedier (trykning på papir, CD-ROM og internet)
- servicer til fremstilling af plader, herunder billedsætning og pladesætning (til trykteknikker med bogtryk og offset)
- forberedelse af cylinder: gravering eller ætsning af cylindere til gravuretryk
- forarbejdning af plader: CTP – ""computer to plate"" (også fotopolymerplader)
- forberedelse af plader og farver til reliefstansning eller -tryk
- forberedelse af:
• kunstneriske værker af teknisk art, fx forberedelse af litografisten og træblokke
• præsentationsmedier
• skitser, layout, prøver mv.
• fremstilling af beviser";;- grafisk design af visuelt indhold til kommunikation af oplysninger, der ikke er beregnet til at blive trykt, jf. 74.1
1325;4;C;18.14;1814;;Bogbinding og lignende serviceydelser;Binding and related services;;;;
1326;5;C;18.14.00;181400;;Bogbinding og lignende serviceydelser;Binding and related services;Branchen omfatter serviceydelser i forbindelse med færdigbearbejdning af bøger, tryksager og optiske medier (fx cd-rom eller dvd), fx foldning, hæftning, laminering, prægning og gravering.;"- bogbinding, montering af prøver og efterfølgende trykkeservicer til støtte for trykkeriaktiviteter, fx bogbinding og færdigbearbejdning af bøger, brochurer, magasiner, kataloger efter fx ombukning, klipning og tilskæring, samling, hæftning, trådhæftning, klæbebinding, klipning og layout af cover, limning, optagning, rining, guldtryk, spiralhæftning og hæftning med plastwire
- indbinding og færdigbearbejdning af trykt papir eller pap ved hjælp af ombukning, stempling, boring, hulning, perforering, prægning, klæbning, limning og laminering
- færdigbearbejdning af cd-rom'er
- færdigbearbejdning af postartikler, fx tilpasning, forberedelse af konvolutter
- andre færdigbearbejdningsaktiviteter, fx farvning, nedsænkning eller stempling samt trykning med blindskrift";;
1327;3;C;18.2;182;;Reproduktion af indspillede medier;Reproduction of recorded media;;;;
1328;4;C;18.20;1820;;Reproduktion af indspillede medier;Reproduction of recorded media;;;;
1329;5;C;18.20.00;182000;;Reproduktion af indspillede medier;Reproduction of recorded media;"Branchen omfatter reproduktion af grammofonplader, cd'er, bånd mv., fx med musik eller film. 

Fremstilling og distribution af film, videobånd og dvd'er eller lignende medier henvises til 59.11.00, 59.12.00 og 59.13.00.";"- reproduktion fra originalkopier af grammofonplader, cd'er og bånd med musik eller andre lydoptagelser
- reproduktion fra originalkopier af cd'er og bånd med film og andre videooptagelser
- reproduktion fra originalkopier af software og data på diske og bånd";;"- reproduktion af tryksager, jf. 18.11.00 og 18.12.00
- softwareudgivelse, jf. 58.21.00 og 58.29.00
- fremstilling og distribution af film, videobånd og dvd'er eller lignende medier, jf. 59.11.00, 59.12.00 og 59.13.00
- reproduktion af film til biografdistribution, jf. 59.12.00
- fremstilling af originalkopier til plader eller lydmateriale, jf. 59.20.00"
1330;2;C;19;19;;Fremstilling af koks og raffinerede mineralolieprodukter;Manufacture of coke and refined petroleum products;"Denne hovedgruppe omfatter bearbejdning af råolie og kul til brugbare produkter. Den dominerende proces er olieraffinering, som omfatter separation af råolie til produktkomponenter via teknikker såsom krakning og destillation.

Denne hovedgruppe omfatter fremstilling af gas såsom ætan, propan og butan som produkter af olieraffinaderier. Denne hovedgruppe omfatter også fremstillingen af karakteristiske produkter for egen regning (fx koks, butan, propan, benzin, petroleum og fyringsolie) samt forarbejdningsservicer (fx tilpasset raffinering).

Denne hovedgruppe omfatter ikke:
- fremstilling af sådanne gasser i andre afdelinger, jf. 20.14.00
- fremstilling af industrigasser, jf. 20.11.00
- indvinding af naturgas (metan, ætan, butan eller propan), jf. 06.20.00
- fremstilling af gasser, bortset fra jordoliegasser, til tilvejebringelse af luftformige brændstoffer via et permanent forsyningsnetværk (fx kulgas, vandgas, syntetisk gas og gasværk), jf. 35.21.00

Fremstilling af petrokemikalier fra raffineret olie og fremstilling af flydende biobrændstoffer er klassificeret i hovedgruppe 20.";;;
1331;3;C;19.1;191;;Fremstilling af koksovnsprodukter;Manufacture of coke oven products;;;;
1332;4;C;19.10;1910;;Fremstilling af koksovnsprodukter;Manufacture of coke oven products;;;;
1333;5;C;19.10.00;191000;;Fremstilling af koksovnsprodukter;Manufacture of coke oven products;"Branchen omfatter fremstilling af koks, beg, råkul og brunkulstjære. 

Fremstilling af briketter henvises til 19.20.00.";"- fremstilling af koksovne
- fremstilling af koks og halvkoks
- fremstilling af beg og begkoks
- fremstilling af koksovnsgas
- fremstilling af fyringstjære og brunkulstjære
- agglomering af koks";;- fremstilling af fyringsbriketter, jf. 19.20.00
1334;3;C;19.2;192;;Fremstilling af raffinerede mineralolieprodukter og fossile brændstoffer;Manufacture of refined petroleum products and fossil fuel products;;;;
1335;4;C;19.20;1920;;Fremstilling af raffinerede mineralolieprodukter og fossile brændstoffer;Manufacture of refined petroleum products and fossil fuel products;Denne undergruppe omfatter fremstilling af flydende eller luftformige brændstoffer eller andre produkter fra råolie, bituminøse mineraler eller deres fraktioneringsprodukter. Olieraffinering omfatter en eller flere af følgende aktiviteter: fraktionering, direkte destillering af råolie og spaltning.;;;
1336;5;C;19.20.00;192000;;Fremstilling af raffinerede mineralolieprodukter og fossile brændstoffer;Manufacture of refined petroleum products and fossil fuel products;"Branchen omfatter fremstilling af raffinerede mineralolieprodukter og fossile brændstoffer, fx brændstof, motorbrændstof, smøreolier og oliebriketter, inkl. forskellige produkter fra spildolie.

Fremstilling af fast brændsel fra biomasse henvises til 16.26.00.";"- fremstilling af motorbrændstof: benzin, petroleum mv.
- fremstilling af brændstof: let, mellemfed og svær fyringsolie, raffinaderigasser, såsom ethan, propan, butan mv.
- fremstilling af oliebaserede smøreolier eller -fedt, herunder fra spildolie
- fremstilling af produkter til den petrokemiske industri og til fremstilling af vejbelægning
- fremstilling af forskellige rafinerede petrolemsprodukter, mineralsk terpentin, vaseline, paraffinvoks, mv.
- fremstilling af oliebriketter
- blanding af biobrændstoffer, dvs. blanding af alkohol med råolie (fx gasohol)
- fremstilling af produkter fra spildolie, fx spildolie fra smøremidler";"- fremstilling af tørvebriketter
- fremstilling af stenkuls- og brunkulsbriketter";"- fremstilling af fast brændsel fra biomasse, jf. 16.26.00
- fremstilling af flydende biobrændstoffer, jf. 20.51.00"
1337;2;C;20;20;;Fremstilling af kemiske produkter;Manufacture of chemicals and chemical products;"Denne hovedgruppe omfatter bearbejdning af uorganiske råmaterialer via en kemisk proces og formation af produkter. Den adskiller fremstillingen af basiskemikalier, som udgør den første industrigruppe, fra fremstillingen af halvfabrikata og slutprodukter, der produceres via yderligere forarbejdning af basiskemikalier, som udgør de resterende industriklasser.

Denne hovedgruppe omfatter også:
- fremstilling af flydende biobrændstoffer";;;
1338;3;C;20.1;201;;Fremstilling af basiskemikalier, gødningsstoffer og nitrogenprodukter, plast og syntetisk gummi i ubearbejdet form;Manufacture of basic chemicals, fertilisers and nitrogen compounds, plastics and synthetic rubber in primary forms;Denne gruppe omfatter fremstilling af basiskemikalier, gødningsstoffer og relaterede nitrogenprodukter samt plast og syntetisk gummi i ubearbejdet form.;;;
1339;4;C;20.11;2011;;Fremstilling af industrigasser;Manufacture of industrial gases;;;;
1340;5;C;20.11.00;201100;;Fremstilling af industrigasser;Manufacture of industrial gases;"Branchen omfatter fremstilling af flydende eller komprimerede uorganiske industrigasser eller medicinske gasser, fx kølegasser, ædelgasser og isoleringsgas. 

Fremstilling af brændgas, fx ætan, butan eller propan i et olieraffinaderi henvises til 19.20.00.";"- fremstilling af udvalgte flydende eller komprimerede uorganiske industrigasser eller medicinske gasser, fx:
• usammensatte gasser
• flydende eller komprimeret luft
• blandede industrigasser
• ædelgasser, fx CO2
• isoleringsgas";- produktion af brint, ikke til energiforsyning gennem et netværk;"- indvinding af metan, ætan, butan eller propan, jf. 06.20.00
- likvefaktion og genforgasning af naturgas med henblik på transport, der udføres på udvindingsstedet, jf. 09.10.00
- fremstilling af brændgas, fx ætan, butan eller propan i et olieraffinaderi, jf. 19.20.00
- fremstilling af kølemiddelgasser af halogenerede kulbrinter, jf. 20.14.00
- fremstilling af luftformige brændstoffer fra kul, affald mv., jf. 35.21.00
- fremstilling af hydrogen til tilvejebringelse af luftformige brændstoffer via et permanent forsyningsnetværk, jf. 35.21.00"
1341;4;C;20.12;2012;;Fremstilling af farvestoffer og pigmenter;Manufacture of dyes and pigments;;;;
1342;5;C;20.12.00;201200;;Fremstilling af farvestoffer og pigmenter;Manufacture of dyes and pigments;"Branchen omfatter fremstilling af farvestoffer og pigmenter, fx til fremstilling af optisk hvidt. 

Fremstilling af færdiglavede farvestoffer og pigmenter henvises til 20.30.00.";"- fremstilling af farvestoffer og pigmenter fra en hvilken som helst kilde, i basisform eller som koncentrat
- fremstilling af ren calciumoxid og calciumhydroxid";- fremstilling af produkter af den slags, der bruges som optisk hvidt eller som luminophorer;- fremstilling af færdiglavede farvestoffer og pigmenter, jf. 20.30.00
1343;4;C;20.13;2013;;Fremstilling af andre uorganiske basiskemikalier;Manufacture of other inorganic basic chemicals;Denne undergruppe omfatter fremstilling af uorganiske kemikalier ved hjælp af basisprocesser. Outputtet af disse processer er som regel separate kemiske grundstoffer eller separate kemisk definerede forbindelser.;;;
1344;5;C;20.13.00;201300;;Fremstilling af andre uorganiske basiskemikalier;Manufacture of other inorganic basic chemicals;Branchen omfatter fremstilling af kemiske grundstoffer (undtagen industrigasser og basismetaller), fx uorganiske syrer, undtagen salpetersyre.;"- fremstilling af kemiske grundstoffer (undtagen industrigasser og basismetaller)
- fremstilling af uorganiske syrer, undtagen salpetersyre
- fremstilling af alkalimetaller, lud og andre uorganiske baser, undtagen ammoniak
- fremstilling af andre uorganiske forbindelser
- brænding af svovlkis
- fremstilling af destilleret vand";"- berigelse af uran- og thoriummalme
- fremstilling af lithiumhydroxid
- fremstilling af affarvningsmidler";"- fremstilling af industrigasser, jf. 20.11.00
- fremstilling af kvælstofgødning og nitrogenforbindelser, jf. 20.15.00
- fremstilling af ammoniak, jf. 20.15.00
- fremstilling af ammoniumklorid, jf. 20.15.00
- fremstilling af kaliumnitrit og kaliumnitrat, jf. 20.15.00
- fremstilling af ammoniumcarbonat, jf. 20.15.00
- fremstilling af aromatisk destilleret vand, jf. 20.59.00
- fremstilling af basismetaller, jf. hovedgruppe 24"
1345;4;C;20.14;2014;;Fremstilling af andre organiske basiskemikalier;Manufacture of other organic basic chemicals;Denne undergruppe omfatter fremstilling af organiske kemikalier ved hjælp af basisprocesser, såsom termisk krakning og destillation. Outputtet af disse processer er som regel separate kemiske grundstoffer eller separate kemisk definerede organiske forbindelser.;;;
1346;5;C;20.14.00;201400;;Fremstilling af andre organiske basiskemikalier;Manufacture of other organic basic chemicals;"Branchen omfatter fremstilling af organiske basiskemikalier, fx acyklisk carbonhybrid, aldehyder og aminer samt gæring af sukkerrør (fx til produktion af alkohol).

Branchen omfatter også fremstilling af ethanol, bortset fra bioethanolbrændstof, som henvises til 20.51.00.";"- fremstilling af organiske basiskemikalier:
• acyklisk carbonhybrid, mættet eller umættet
• cyklisk carbonhybrid, mættet eller umættet
• acykliske og cykliske alkoholer
• mono- og polycarboxylsyrer, herunder eddikesyrer
• andre forbindelser med oxygen, herunder aldehyder, ketoner, quinoner og dobbelt eller polyforbindelser med oxygen
• syntetisk glycerol
• organiske forbindelser med nitrogen, herunder aminer
• gæring af sukkerrør, majs eller lignende for at producere alkohol og estere
• andre organiske forbindelser, herunder trædestillationsprodukter, fx trækul mv.
- fremstilling af syntetiske aromatiske produkter
- fremstilling af methan, ikke til tilvejebringelse af luftformige brændstoffer via et permanent forsyningsnetværk
- destillation af stenkulstjære
- fremstilling af ethanol bortset fra til bioethanolbrændstof
- fremstilling af kølemiddelgasser";;"- indvinding af naturgas hovedsageligt bestående af metan, jf. 06.20.00
- fremstilling af plast i ubearbejdet form, jf. 20.16.00
- fremstilling af syntetisk gummi i ubearbejdet form, jf. 20.17.00
- fremstilling af uforarbejdet glycerin, jf. 20.41.00
- fremstilling af flydende biobrændstoffer, fx bioethanolbrændstof, jf. 20.51.00
- fremstilling af naturlige æteriske olier, jf. 20.59.00
- fremstilling af salicyl- og O-acetylsalicylsyrer, jf. 21.10.00
- fremstilling af ethanol fra biomasse, jf. 20.51.00
- fremstilling af metan til tilvejebringelse af luftformige brændstoffer via et permanent forsyningsnetværk, jf. 35.21.00"
1347;4;C;20.15;2015;;Fremstilling af gødningsstoffer og nitrogenprodukter;Manufacture of fertilisers and nitrogen compounds;;;;
1348;5;C;20.15.00;201500;;Fremstilling af gødningsstoffer og nitrogenprodukter;Manufacture of fertilisers and nitrogen compounds;Branchen omfatter fremstilling af gødningsstoffer og nitrogenprodukter, fx carbamid, salpetersyre, pottemuld samt fremstillinger af andre gødningsstoffer, fx ved hjælp af kemisk behandling af animalske eller vegetabilske produkter.;"- fremstilling af gødning:
• enkelt eller kompleks nitrogenholdig, fosforholdig eller kaliumholdig gødning
• carbamid, uforarbejdede naturligt forekommende fosfater og kaliumsalt
- fremstilling af relaterede nitrogenprodukter:
• salpetersyre og sulfatsalpetersyre, ammoniak, ammoniumklorid, ammoniumcarbonat, kaliumnitrit og kaliumnitrat";"- fremstilling af pottejordsblandinger af naturjord, sand, ler og mineraler, med nitrogen, fosfor eller kalium som en væsentlig bestanddel
- fremstilling af andre gødningsstoffer ved hjælp af blanding eller kemisk behandling af animalske eller vegetabilske produkter";"- indvinding af guano, jf. 08.91.00
- fremstilling af agrokemiske produkter, såsom pesticider, jf. 20.20.00
- fremstilling af kalkningsagenter, jf. 20.59.00
- fremstilling af affaldskompost, jf. 38.21.00"
1349;4;C;20.16;2016;;Fremstilling af plast i ubearbejdet form;Manufacture of plastics in primary forms;Denne undergruppe omfatter fremstilling af harpiks, plastmaterialer og ikke-vulkaniserbare termoplastisk elastomer, blanding af harpiks efter behov samt fremstilling af ikke-tilpasset syntetisk harpiks.;;;
1350;5;C;20.16.00;201600;;Fremstilling af plast i ubearbejdet form;Manufacture of plastics in primary forms;Branchen omfatter fremstilling af polymerer, forskellige former for harpiks, cellulose, plastpulvere og granulater samt genanvendt plast.;"- fremstilling af plast i ubearbejdet form:
• polymerer, herunder af ethylen, propylen, styren, vinylchlorid, vinylacetat og akryl
• polyamider
• phenoplast og epoxyharpiks samt polyurethanharpiks
• alkydharpiks og polyesterharpiks samt polyurethanharpiks
• ionbyttere baseret på polymerer
- fremstilling af silikone i ubearbejdet form
- aktiviteter til plastblanding";"- fremstilling af cellulose og dets kemiske derivater
- fremstilling af plastpulvere, -granulater eller flager ved hjælp af blanding eller ændring af sammensætningen af plastharpiks fra genanvendt plastaffald
- fremstilling af genanvendt plast ved hjælp af afskalning og/eller i flager eller plastgranulater baseret på forbehandlet plastaffald
- omsmeltning af plast til fremstilling af granulater eller forbindelser";"- fremstilling af kunstige og syntetiske fibre, filamenter og garn, jf. 20.60.00
- forarbejdning af plastaffald ved fragmentering, rensning eller knusning, jf. 38.21.00"
1351;4;C;20.17;2017;;Fremstilling af syntetisk gummi i ubearbejdet form;Manufacture of synthetic rubber in primary forms;;;;
1352;5;C;20.17.00;201700;;Fremstilling af syntetisk gummi i ubearbejdet form;Manufacture of synthetic rubber in primary forms;Branchen omfatter fremstilling af syntetisk gummi, fx syntetisk gummi og factis samt fremstilling af blandinger af syntetisk gummi og naturgummi.;"- fremstilling af syntetisk gummi i ubearbejdet form:
• syntetisk gummi
• factis
- fremstilling af blandinger af syntetisk gummi og naturgummi eller gummilignende materiale, fx balata";;- sortering, fragmentering, rensning, knusning og pelletering af gummiaffald, jf. 38.21.00
1353;3;C;20.2;202;;Fremstilling af pesticider, desinfektionsmidler og andre agrokemiske produkter;Manufacture of pesticides, disinfectants and other agrochemical products;;;;
1354;4;C;20.20;2020;;Fremstilling af pesticider, desinfektionsmidler og andre agrokemiske produkter;Manufacture of pesticides, disinfectants and other agrochemical products;;;;
1355;5;C;20.20.00;202000;;Fremstilling af pesticider, desinfektionsmidler og andre agrokemiske produkter;Manufacture of pesticides, disinfectants and other agrochemical products;Branchen omfatter fremstilling af bekæmpelsesmidler, fx til at bekæmpe insekter, gnavere, svampe, ukrudt og snegle, samt fremstilling af planteveækstreguleringsmidler, desinfektionsmidler (til landbrug) og agrokemiske produkter.;"- fremstilling af insektbekæmpelsesmidler, gnaverbekæmpelsesmidler, svampebekæmpelsesmidler, ukrudtsbekæmpelsesmidler, midebekæmpelsesmidler, sneglebekæmpelsesmidler og biocidholdige produkter
- fremstilling af antispiringsmidler og plantevækstreguleringsmidler
- fremstilling af desinfektionsmidler (til landbrug og anden brug)
- fremstilling af andre agrokemiske produkter i.a.n.";;- fremstilling af gødningsstoffer og nitrogenforbindelser, jf. 20.15.00
1356;3;C;20.3;203;;Fremstilling af maling, lak og lignende overfladebehandlingsmidler, trykfarver samt tætningsmaterialer;Manufacture of paints, varnishes and similar coatings, printing ink and mastics;;;;
1357;4;C;20.30;2030;;Fremstilling af maling, lak og lignende overfladebehandlingsmidler, trykfarver samt tætningsmaterialer;Manufacture of paints, varnishes and similar coatings, printing ink and mastics;;;;
1358;5;C;20.30.00;203000;;Fremstilling af maling, lak og lignende overfladebehandlingsmidler, trykfarver samt tætningsmaterialer;Manufacture of paints, varnishes and similar coatings, printing ink and mastics;"Branchen omfatter fremstilling af maling, lak mv., fx fernis, emalje, færdiglavede pigmenter og farvestoffer, opløsningsmidler, fugemasser og trykfarve. 

Fremstilling af farvestoffer, tuffer og pigmenter henvises til 20.12.00.";"- fremstilling af maling og fernis, emalje eller lak
- fremstilling af færdiglavede pigmenter og farvestoffer, opaksieringsmidler og farver
- fremstilling af emaljefarver og glasurer samt begitninger og lignende præparater
- fremstilling af mastiks
- fremstilling af fugemasser og lignende ikke-ildfaste fyldninger eller overfladebearbejdning
- fremstilling af opløsningsmidler og fortyndingsmidler med organisk komposit
- fremstilling af færdiglavet maling eller fernisfjerner
- fremstilling af trykfarve";;"- fremstilling af farvestoffer, tuffer og pigmenter, jf. 20.12.00
- fremstilling af skrive- eller tegnefarve, jf. 20.59.00"
1359;3;C;20.4;204;;Fremstilling af vaske-, rengørings- og rensemidler samt poleremidler;Manufacture of washing, cleaning and polishing preparations;;;;
1360;4;C;20.41;2041;;Fremstilling af sæbe, rengørings- og rensemidler samt poleremidler;Manufacture of soap and detergents, cleaning and polishing preparations;;;;
1361;5;C;20.41.00;204100;;Fremstilling af sæbe, rengørings- og rensemidler samt poleremidler;Manufacture of soap and detergents, cleaning and polishing preparations;"Branchen omfatter fremstilling af sæbe, rengørings- og rensemidler samt poleringmidler, fx papir, vat, filt, vaskepulvere, rengøringsmidler, opvaskemidler og skyllemidler. 

Fremstilling af kosmetisk sæbe henvises til 20.42.00.";"- fremstilling af organiske overfladeaktive stoffer
- fremstilling af papir, vat, filt mv. overfladebehandlet eller beklædt med sæbe eller rengøringsmiddel
- fremstilling af uforarbejdet glycerin
- fremstilling af sæbe, undtagen kosmetisk sæbe
- fremstilling af overfladeaktive præparater:
• vaskepulvere i massiv eller flydende form samt rengøringsmidler
• opvaskemidler
• skyllemidler
- fremstilling af rengørings- og poleringsprodukter:
• præparater til parfumering af eller lugtfjernelse i rum
• kunstig voks og færdiglavet voks
• polérmidler og cremer til læder
• polérmidler og cremer til træ
• polérmidler til vognmagerarbejde, glas og metal
• skuremidler og -pulvere, herunder papir, vat mv. overfladebehandlet eller beklædt med disse";;"- fremstilling af separate, kemisk definerede forbindelser, jf. 20.13.00 og 20.14.00
- fremstilling af glycerin syntetiseret fra råolieprodukter, jf. 20.14.00
- fremstilling af kosmetisk sæbe, jf. 20.42.00"
1362;4;C;20.42;2042;;Fremstilling af parfume, hårshampoo, tandpasta mv.;Manufacture of perfume and toilet preparations;;;;
1363;5;C;20.42.00;204200;;Fremstilling af parfume, hårshampoo, tandpasta mv.;Manufacture of perfume and toilet preparations;Branchen omfatter fremstilling af parfume, hårshampoo og tandpasta, inkl. barberpræparater, deodoranter og badesalt samt hårfjerningsmidler og kosmetisk sæbe.;"- fremstilling af parfume, hårshampoo, tandpasta mv.:
• parfume og eau de toilette
• skønheds- og makeuppræparater
• solcreme og præparater til forebyggelse af solskoldninger
• manicure- og pedicurepræparater
• shampoo, hårlak, præparater til krølning og glatning
• tandplejeprodukter og præparater til mundhygiejne, herunder præparater til fastgørelse af tandprotese
• barberpræparater, herunder præparater til før og efter barbering
• deodoranter og badesalt
• hårfjerningsmidler
- fremstilling af kosmetisk sæbe";;- indvinding og raffinering af naturlige æteriske olier, jf. 20.59.00
1364;3;C;20.5;205;;Fremstilling af andre kemiske produkter;Manufacture of other chemical products;Denne gruppe omfatter fremstilling af flydende biobrændstoffer og kemiske produkter i.a.n., fx sprængstoffer og pyrotekniske produkter, lim, æteriske olier og sammensatte diagnostiske præparater.;;;
1365;4;C;20.51;2051;;Fremstilling af flydende biobrændstoffer;Manufacture of liquid biofuels;;;;
1366;5;C;20.51.00;205100;;Fremstilling af flydende biobrændstoffer;Manufacture of liquid biofuels;Branchen omfatter fremstilling af flydende biobrændstoffer, fx biodiesel, ethanol fra biomasse og flydende biobrændstoffer.;"- fremstilling af biodiesel
- fremstilling af ethanol fra biomasse
- fremstilling af blandinger af bioethanol og æter delvist afledt af biomasse
- fremstilling af flydende biobrændstoffer, selvom der bruges affald som input i processerne";;"- fremstilling af fast brændsel fra vegetabilsk biomasse, jf. 16.26.00
- fremstilling af ethanol bortset fra bioethanol til biobrændstoffer, jf. 20.14.00
- fremstilling af sprængstoffer, jf. 20.59.00"
1367;4;C;20.59;2059;;Fremstilling af andre kemiske produkter i.a.n.;Manufacture of other chemical products n.e.c.;;;;
1368;5;C;20.59.00;205900;;Fremstilling af andre kemiske produkter i.a.n.;Manufacture of other chemical products n.e.c.;Branchen omfatter fremstilling af andre kemiske produkter, fx kemiske præparater til fotografisk brug, sprængstoffer, væsker til brug i dampenheder, kemisk modificerede olier og fedstoffer samt pulvere og pastaer, der bruges til lodning.;"- fremstilling af fotografiske plader, film, kemisk påvirkeligt papir og andre kemisk påvirkelige ubrugte materialer
- fremstilling af kemiske præparater til fotografisk brug
- fremstilling af gelatine og dets derivater
- fremstilling af lim og færdiglavede klæbemidler, herunder gummibaseret lim og klæbemiddel
- fremstilling af æteriske olier
- fremstilling af udtræk af naturligt aromatiske produkter
- fremstilling af resinoider
- fremstilling af blandinger af lugtstoffer til producenter af parfumer eller mad
- fremstilling af sprængstoffer
- fremstilling af drivmiddelpulver
- fremstilling af sprængstoffer og pyrotekniske produkter, herunder tændsatser, detonatorer, signallys mv.
- fremstilling af væsker til brug i dampenheder
- fremstilling af forskellige kemiske produkter:
• peptoner, peptonderivater, andre proteinstoffer og deres derivativer i.a.n.
• kemisk modificerede olier og fedtstoffer
• materialer, der bruges i efterbehandlingen af tekstiler og læder
• pulver og pastaer, der bruges til lodning, slaglodning eller svejsning
• stoffer, der bruges til dekapering af metal
• færdiglavede tilsætningsstoffer til cement
• aktivt kul, tilsætningsstoffer til smøreolie, færdiglavede vulkaniseringsacceleratorer, katalysatorer og andre
kemiske produkter til industriel brug
• præparater til modvirkning af bankning, antifrostpræparater
• væsker til hydraulisk transmission
• sammensatte diagnostiske reagensmidler eller laboratoriereagensmidler
• brændstofadditiver, fx baseret på ethyl-tertiær-butyl-ether (ETBE) og methyl-tertiær-butyl-ether (MTBE)";"- fremstilling af skrive- eller tegnefarve
- fremstilling af tændstikker";"- fremstilling af syntetiske aromatiske produkter, jf. 20.14.00
- fremstilling af trykfarve, jf. 20.30.00
- fremstilling af parfume, hårshampoo og tandpasta mv., jf. 20.42.00
- fremstilling af flydende biobrændstoffer, jf. 20.51.00"
1369;3;C;20.6;206;;Fremstilling af kemofibre;Manufacture of man-made fibres;;;;
1370;4;C;20.60;2060;;Fremstilling af kemofibre;Manufacture of man-made fibres;;;;
1371;5;C;20.60.00;206000;;Fremstilling af kemofibre;Manufacture of man-made fibres;"Branchen omfatter fremstilling af kemofibre, fx syntetiske eller kunstige filamenter, filamentgarn og genanvendte fibre. 

Fremstilling af garn lavet af regenereret fiber henvises til 13.10.00.";"- fremstilling af syntetiske eller kunstige filamenter
- fremstilling af syntetiske eller kunstige stabelfibre, som ikke er kartet, kæmmet eller på anden måde forarbejdet til spinding
- fremstilling af syntetisk eller kunstig filamentgarn, herunder garn med høj trækstyrke
- fremstilling af syntetiske eller kunstige monofilamenter eller strimler
- fremstilling af genanvendte fibre";;"- spinding af syntetiske fibre eller kunstfibre, jf. 13.10.00
- fremstilling af garn lavet af regenereret fiber, jf. 13.10.00
- fremstilling af kulfibre, jf. 23.99"
1372;2;C;21;21;;Fremstilling af farmaceutiske råvarer og farmaceutiske præparater;Manufacture of basic pharmaceutical products and pharmaceutical preparations;Denne hovedgruppe omfatter fremstilling af farmaceutiske produkter og farmaceutiske præparater. Denne hovedgruppe omfatter også fremstilling af kemiske lægemidler og botaniske produkter.;;;
1373;3;C;21.1;211;;Fremstilling af farmaceutiske råvarer;Manufacture of basic pharmaceutical products;;;;
1374;4;C;21.10;2110;;Fremstilling af farmaceutiske råvarer;Manufacture of basic pharmaceutical products;;;;
1375;5;C;21.10.00;211000;;Fremstilling af farmaceutiske råvarer;Manufacture of basic pharmaceutical products;Branchen omfatter fremstilling af farmaceutiske råvarer til brug i fx lægemidler. Branchen omfatter også forarbejdning af blod, fremstilling af kemisk rent sukker og forarbejdning af kirtler.;"- fremstilling af aktive stoffer til fremstilling af lægemidler, som bruges pga. deres farmakologiske egenskaber i fremstillingen af medicinske produkter, fx antibiotika, basisvitaminer samt salicyl- og O-acetylsalicylsyrer
- forarbejdning af blod";"- fremstilling af kemisk rent sukker
- fremstilling af probiotika
- forarbejdning af kirtler, fremstilling af udtræk af kirtler mv.";- fremstilling af lægemidler til avanceret celle- og genterapi, farmaceutiske præparater, jf. 21.20.00
1376;3;C;21.2;212;;Fremstilling af farmaceutiske præparater;Manufacture of pharmaceutical preparations;;;;
1377;4;C;21.20;2120;;Fremstilling af farmaceutiske præparater;Manufacture of pharmaceutical preparations;;;;
1378;5;C;21.20.00;212000;;Fremstilling af farmaceutiske præparater;Manufacture of pharmaceutical preparations;Branchen omfatter fremstilling af lægemidler, fx vacciner og homøopatiske præparater samt fremstilling af vat, gaze, bandager, forbindinger mv. imprægneret med lægemidler.;"- fremstilling af lægemidler:
• antisera og andre blodfraktioner
• vacciner
• diverse lægemidler, herunder homøopatiske præparater
- fremstilling af kemiske præventionsmidler til ekstern brug og hormonelle præventionsmidler
- fremstilling af medicinske diagnostiske præparater, herunder graviditetstest
- fremstilling af radioaktive in-vivo-diagnosticeringsstoffer
- fremstilling af bioteknologiske farmaceutiske præparater
- fremstilling af lægemidler til avanceret celle- og genterapi";"- fremstilling af vat, gaze, bandager, forbindinger mv. imprægneret med lægemidler
- forarbejdning af botaniske produkter (knusning, sortering og maling) til farmaceutisk brug
- fremstilling af medicin eller vacciner baseret på virusvektorer
- fremstilling af farmaceutiske præparater til veterinærlægemidler";"- fremstilling af urteudtræk (mynte, verbena og kamille mv.), jf. 10.83.00
- fremstilling af tandfyldningsmidler og dentalcement, jf. 32.50.00
- fremstilling af cement til knoglegenopbygning, jf. 32.50.00
- fremstilling af afdækningsstykker til brug under kirurgiske indgreb, jf. 32.50.00
- engroshandel med lægemidler, jf. 46.46.10
- detailhandel med lægemidler, jf. 47.73.00
- forskning og udvikling i forbindelse med lægemidler og andre biotekprodukter, jf. 72.10.00
- emballering af lægemidler, jf. 82.92.00"
1379;2;C;22;22;;Fremstilling af gummi- og plastprodukter;Manufacture of rubber and plastic products;"Denne hovedgruppe omfatter fremstilling af gummi- og plastprodukter. Denne hovedgruppe er karakteriseret ved de råmaterialer, der anvendes i fremstillingsprocessen. Dette indebærer dog ikke, at fremstillingen af alle produkter lavet af disse materialer, er klassificeret her.

Denne hovedgruppe omfatter også fremstillingen af produkter af sammensatte materialer, hvor plast er det fremherskende materiale.";;;
1380;3;C;22.1;221;;Fremstilling af gummiprodukter;Manufacture of rubber products;Denne gruppe omfatter fremstilling af gummiprodukter.;;;
1381;4;C;22.11;2211;;Fremstilling og vulkanisering af gummidæk og fremstilling af gummislanger;Manufacture, retreading and rebuilding of rubber tyres and manufacture of tubes;;;;
1382;5;C;22.11.00;221100;;Fremstilling og vulkanisering af gummidæk og fremstilling af gummislanger;Manufacture, retreading and rebuilding of rubber tyres and manufacture of tubes;Branchen omfatter fremstilling af gummidæk og gummislanger til diverse køretøjer, herunder også fremstilling af slidbaner og regummiering.;"- fremstilling af gummidæk til køretøjer, udstyr, mobile maskiner, luftfartøjer, legetøj, møbler og anden brug:
• luftgummidæk
• massive dæk eller halvmassive dæk
- fremstilling af slanger til dæk
- fremstilling af udskiftelige slidbaner til dæk, fælgbånd, ""regummieringsslidbaner"" til pålægning af slidbaner på dæk mv.
- regummiering og slidbanepålægning";;"- fremstilling af materialer til reparation af slanger, jf. 22.12.00
- reparation, justering eller udskiftning af dæk og slanger, jf. 95.31.10"
1383;4;C;22.12;2212;;Fremstilling af andre gummiprodukter;Manufacture of other rubber products;;;;
1384;5;C;22.12.00;221200;;Fremstilling af andre gummiprodukter;Manufacture of other rubber products;Branchen omfatter fremstilling af andre produkter af naturligt eller syntetisk gummi, fx gummitransportbånd, hygiejniske gummiprodukter, ekspansionsfuger af gummi til byggesektoren og beklædning af latex (limet og ikke syet).;"- fremstilling af andre produkter af naturlig eller syntetisk gummi, ikke-vulkaniseret, vulkaniseret eller hærdet:
• gummiplader, -duge, -bånd, -stænger og -profilfigurer
• rør, ledninger og slanger
• gummitransportbånd eller drivremme eller remmateriale
• hygiejniske gummiprodukter: kondomer, sutter, varmeflasker mv.
• beklædningsgenstande af gummi, limet og ikke syet
• gummitråd og -reb
• garn og stoffer af gummi
• gummiringe, -fatninger og -forseglinger
• valsebelægninger af gummi
• oppustelige luftmadrasser af gummi
• oppustelige balloner
- fremstilling af gummibørster
- fremstilling af pibehalse af hård gummi
- fremstilling af kamme, hårnåle, curlere og lignende af hård gummi
- fremstilling af ekspansionsfuger af gummi til byggesektoren
- fremstilling af latex af cellegummi
- fremstilling af gulvbelægning af gummi";"- fremstilling af reparationsmaterialer i gummi
- fremstilling af tekstiler imprægneret, overfladebehandlet, beklædt eller lamineret med gummi
- fremstilling af madrasser af gummi til vandsenge
- fremstilling af badehætter og forklæder af gummi
- fremstilling af gummivåddragter og dykkerdragter
- fremstilling af sexartikler af gummi
- fremstilling af udstyr af latex";"- fremstilling af cordlærred, jf. 13.96.00
- fremstilling af udstyr af elastiske stoffer, jf. 14.22.00 og 14.29.00
- gummisåle og andre gummidele af fodtøj, jf. 15.20.00
- fremstilling af lim og klæbemidler baseret på gummi, jf. 20.59.00
- fremstilling af ""regummieringsslidbaner"", jf. 22.11.00
- fremstilling af oppustelige flåder og både, jf. 30.11.00, 30.12.00 og 30.13.00
- fremstilling af madrasser af udækket cellegummi, jf. 31.00.00
- fremstilling af sportsrekvisitter af gummi, undtagen udstyr, fx svømme- og soppebassiner, jf. 32.30.00
- fremstilling af spil og legetøj af gummi (herunder soppebassiner af gummi, oppustelige gummibåde til børn, oppustelige badedyr, bolde og lignende), jf. 32.40.00
- regenerering af gummi, jf. 38.21.00"
1385;3;C;22.2;222;;Fremstilling af plastprodukter;Manufacture of plastic products;"Denne gruppe omfatter forarbejdning af nyt eller brugt (dvs. genanvendt) plastharpiks til halvfabrikata eller slutprodukter ved hjælp af processer såsom pressestøbning, ekstruderingsstøbning, sprøjtestøbning, blæsestøbning og afstøbning. For de fleste af disse er fremstillingsprocessen på en sådan måde, at der kan laves en lang række produkter.

Gruppen omfatter ikke:
- fremstilling af plastdele eller tilbehør, som er helt eller primært egnet til brug til motorkøretøjer, jf. 29.3";;;
1386;4;C;22.21;2221;;Fremstilling af plader, ark, rør og slanger samt profiler af plast;Manufacture of plastic plates, sheets, tubes and profiles;;;;
1387;5;C;22.21.00;222100;;Fremstilling af plader, ark, rør og slanger samt profiler af plast;Manufacture of plastic plates, sheets, tubes and profiles;"Branchen omfatter fremstilling af både færdigvarer og halvfabrikata af plast. 

Fremstilling af plast i ubearbejdet form henvises til 20.16.00 og fremstilling af emballage af plast henvises til 22.22.00.";"- fremstilling af halvfabrikata af plastprodukter:
• tallerkener, folie, blokke, film, bånd mv.
- fremstilling af færdiglavede plastprodukter:
• rør, ledninger og slanger, beslag til rør og ledninger
• cellofan
- fremstilling af fleksible eller faster plader eller folie af cellepolyurethan
- fremstilling af plasttallerkener, plastfolie, plastfilm, plastbånd mv., som er forstærket, lamineret, understøttet eller på tilsvarende vis kombineret med andre materialer
- fremstilling af selvklæbende plader, film, folie, tape og foliestrimler af plast";;"- fremstilling af plast i ubearbejdet form, jf. 20.16.00
- fremstilling af artikler af syntetisk gummi eller naturgummi, jf. 22.1
- indlejring af metalrør med polyurethanskum og omslutning med et plastrør, fx til forsyningstjenester med damp eller varmt vand, jf. 22.25.00"
1388;4;C;22.22;2222;;Fremstilling af plastemballage;Manufacture of plastic packing goods;;;;
1389;5;C;22.22.00;222200;;Fremstilling af plastemballage;Manufacture of plastic packing goods;Branchen omfatter fremstilling af plastemballage, fx poser, kasser og flasker.;"- fremstilling af plastartikler til emballering af varer:
• poser, sække, beholdere, kasser, etuier, flasker mv. af plast";;- fremstilling af kufferter og håndtasker af plast, jf. 15.12.00
1390;4;C;22.23;2223;;Fremstilling af døre og vinduer af plast;Manufacture of doors and windows of plastic;;;;
1391;5;C;22.23.00;222300;;Fremstilling af døre og vinduer af plast;Manufacture of doors and windows of plastic;Branchen omfatter fremstilling af døre og vinduer med rammer af plast samt skodder og persienner af plast.;"- fremstilling af døre, vinduer og deres rammer af plast
- fremstilling af døre og vinduer af flere materialer, med rammer af plast
- fremstilling af skodder, rullegardiner (inkl. persienner) og lignende artikler samt dele deraf, lavet af plast
- fremstilling af skodder, af flere materialer, til døre og vinduer med rammer af plast";;
1392;4;C;22.24;2224;;Fremstilling af bygningsartikler af plast;Manufacture of builders’ ware of plastic;;;;
1393;5;C;22.24.00;222400;;Fremstilling af bygningsartikler af plast;Manufacture of builders’ ware of plastic;"Branchen omfatter fremstilling af andre bygningsartikler af plast, fx fodpaneler, tanke, gulvbelægninger til gulve, samt sanitetsartikler af en blanding af plast og mineraler. 

Fremstilling af gulvbelægning af gummi henvises til 22.12.00.";"- fremstilling af andre bygningsartikler af plast:
• fodpaneler
• tanke og reservoirer
• belægning til gulve, vægge eller lofter af plast i ruller eller i form af fliser mv.
• sanitetsartikler af plast, fx badekar, brusere, håndvaske, wc-kummer, cisterner mv.
- fremstilling af fleksible gulvbelægninger, fx vinyl, linoleum mv.";- fremstilling af sanitetsartikler lavet af en blanding af plast og mineraler, med mineraler, der fungerer som fyldstof;"- fremstilling af gulvbelægning af gummi, jf. 22.12.00
- fremstilling af døre og vinduer af plast, jf. 22.23.00"
1394;4;C;22.25;2225;;Forarbejdning og færdigbehandling af plastprodukter;Processing and finishing of plastic products;Denne undergruppe omfatter generelle aktiviteter inden for forarbejdning og færdigbearbejdning af plastprodukter, som typisk udføres for et honorar eller på kontrakt.;;;
1395;5;C;22.25.00;222500;;Forarbejdning og færdigbehandling af plastprodukter;Processing and finishing of plastic products;"Branchen omfatter forarbejdning og færdigbehandling af plast, fx klipning, svejsning, gravering og overfladebehandling af plast. 

Beklædning af metalrør med plast og svejsning af plasttanke er også omfattet, hvorimod overfladebehandling af metaloverflader med plast henvises til 25.51.00.";"- forarbejdning af plast, fx klipning, affasning, drejning, maling, boring, skrueskæring af CNC (computer numerical control – numerisk styring ved hjælp af computer) eller andre maskiner
- bøjning, limning og svejsning af plastmaterialer
- forarbejdning af plastoverflader, fx ved gravering, sandblæsning, mikroblæsning og polering
- overfladebehandling af plastoverflader, fx maling, lakering og metalbelægning af plast";"- beklædning af metalrør med plast
- svejsning af plasttanke og -rør
- metalbelægning af plast";- overfladebehandling med plast af metaloverflader, jf. 25.51.00
1396;4;C;22.26;2226;;Fremstilling af andre plastprodukter;Manufacture of other plastic products;;;;
1397;5;C;22.26.00;222600;;Fremstilling af andre plastprodukter;Manufacture of other plastic products;"Branchen omfatter fremstilling af produkter i plast, fx service, køkkengrej, toiletartikler og beklædningsartikler. 

Fremstilling af fodtøj af plast henvises til 15.20.00.";"- fremstilling af service, køkkengrej og toiletartikler af plast
- fremstilling af diverse plastprodukter, fx:
• hovedbeklædning af plastisolerende beslag, undtagen sikkerhedshovedbeklædning
• dele af armaturer
• kontor- eller skoleartikler
• beklædningsartikler
• møbelbeslag
• statuetter
• drivremme og transportbånd
• skolæster af plast
• plastholdere til cigarer og cigaretter
• kamme og curlere af plast
• plastgadgets
- fremstilling af produkter fra polymerler";- fremstilling af plastudstyr til rengøring;"- fremstilling af kufferter af plast, jf. 15.12.00
- fremstilling af fodtøj af plast, jf. 15.20.00
- fremstilling af møbler af plast, jf. 31.00.00
- fremstilling af madrasser af udækket celleplast, jf. 31.00.00
- fremstilling af sportsrekvisitter af plast, jf. 32.30.00
- fremstilling af spil og legetøj af plast, jf. 32.40.00
- fremstilling af medicinske redskaber og dentalredskaber af plast, jf. 32.50.00
- fremstilling af plastvarer til øjne, jf. 32.50.00
- fremstilling af sikkerhedshjelme og andet personligt sikkerhedsudstyr af plast, jf. 32.99.00"
1398;2;C;23;23;;Fremstilling af andre ikke-metalholdige mineralske produkter;Manufacture of other non-metallic mineral products;"Denne hovedgruppe omfatter fremstillingsaktiviteter relateret til et enkelt stof af mineralsk oprindelse. Denne hovedgruppe omfatter også fremstillingen af glas og glasprodukter (fx planglas, hulglas, fibre og teknisk glas), keramiske produkter, teglsten og produkter af bagt ler, cement, beton og gips, fra råmaterialer til færdiglavede artikler. Fremstillingen af formstøbte og færdiglavet sten og andre mineralske produkter er også omfattet i denne hovedgruppe.

Denne hovedgruppe omfatter desuden fremstillingen af produkter af sammensatte materialer, hvor glas eller ikke-metalliske mineraler, såsom sand, grus, sten eller ler, er de fremherskende materialer.";;;
1399;3;C;23.1;231;;Fremstilling af glas og glasprodukter;Manufacture of glass and glass products;Denne gruppe omfatter glas i alle sine former, fremstillet via en hvilken som helst proces, samt artikler af glas.;;;
1400;4;C;23.11;2311;;Fremstilling af planglas;Manufacture of flat glass;;;;
1401;5;C;23.11.00;231100;;Fremstilling af planglas;Manufacture of flat glass;"Branchen omfatter fremstilling af planglas, herunder trådarmeret, farvet eller tonet glas. 

Formning og forarbejdning af planglas henvises til 23.12.00.";"- fremstilling af planglas, fx:
• støbt, valset, trukket eller blæst
• slebet eller poleret glas i plader, og plader af floatglas, herunder trådarmeret, gennemfarvet eller tonet glas";- formning og forarbejdning som en del af fremstillingsprocessen;- formning og forarbejdning af planglas, fx bøjning, gravering, laminering og hærdning mv., jf. 23.12.00
1402;4;C;23.12;2312;;Formning og forarbejdning af planglas;Shaping and processing of flat glass;;;;
1403;5;C;23.12.00;231200;;Formning og forarbejdning af planglas;Shaping and processing of flat glass;"Branchen omfatter formning og forarbejdning af planglas, herunder hærdning og laminering, samt fremstilling af glasspejle og termoruder. 

Fremstilling af spejle til køretøjer henvises til 29.32.00.";"- fremstilling af bøjet, kantbearbejdet, graveret, boret eller emaljeret planglas eller profiler
- fremstilling af hærdet eller lamineret sikkerhedsglas
- fremstilling af glasspejle
- fremstilling af flerlagsisoleringsglas og -termoruder
- fremstilling af overfangsglas
- overfladebehandling af planglas";;"- trykning på glas, jf. 18.12.00
- fremstilling af spejle til køretøjer, jf. 29.32.00"
1404;4;C;23.13;2313;;Fremstilling af flasker, drikkeglas mv.;Manufacture of hollow glass;;;;
1405;5;C;23.13.00;231300;;Fremstilling af flasker, drikkeglas mv.;Manufacture of hollow glass;"Branchen omfatter fremstilling af glasvarer, fx flasker, drikkeglas og andre husholdningsartikler af glas. Branchen omfatter også skæring og dekorering af drikkeglas. 

Trykning på glas henvises til 18.12.00.";"- fremstilling af flasker og andre beholdere af glas og krystal
- fremstilling af drikkeglas, glasvarer til brug på spisebordet eller i køkkenet samt andre husholdningsglas eller krystalartikler";"- fremstilling af glasindsatser til vakuumbeholdere
- skæring eller på anden måde dekorering af drikkeglas";"- trykning på glas, jf. 18.12.00
- fremstilling af glaslegetøj, jf. 32.40.00"
1406;4;C;23.14;2314;;Fremstilling af glasfiber;Manufacture of glass fibres;;;;
1407;5;C;23.14.00;231400;;Fremstilling af glasfiber;Manufacture of glass fibres;"Branchen omfatter fremstilling af glasfiber, herunder glasuld og ikke-vævede produkter af glasuld samt produkter af glasfiber. 

Fremstilling af slaggeuld, stenuld og lignende mineralsk uld henvises til 23.99.90.";"- fremstilling af glasfiber, herunder glasuld og ikke-vævede produkter deraf
- fremstilling af produkter af glasfiber";;"- fremstilling af vævede stoffer af glasgarn, jf. 13.96.00
- fremstilling af slaggeuld, stenuld og lignende mineralsk uld, jf. 23.99.90
- fremstilling af lyslederkabler til datatransmission eller direkte transmission af billeder, jf. 27.31.00"
1408;4;C;23.15;2315;;Fremstilling og bearbejdning af andet glas, herunder teknisk glas;Manufacture and processing of other glass, including technical glassware;;;;
1409;5;C;23.15.00;231500;;Fremstilling og bearbejdning af andet glas, herunder teknisk glas;Manufacture and processing of other glass, including technical glassware;Branchen omfatter fremstilling og bearbejdning af glas, fx glasvarer til laboratorier, ure, glasindsatser til lamper og glasvægge.;"- fremstilling af glasvarer til laboratorier, hygiejnisk glas eller farmaceutisk glas
- fremstilling af ure eller urglas, optisk glas og optiske elementer, som endnu ikke er optisk forarbejdet
- fremstilling af glasvarer, der bruges i bijouteri
- fremstilling af glasisolatorer og glasisoleringsdele
- fremstilling af glasindsatser til lamper
- fremstilling af glasfigurer
- fremstilling af glasblokke og -mursten, plader, firkanter og fliser af den slags, der bruges til byggeri, og skumglas i blokke, paneler, plader, skaller eller lignende former
- fremstilling af glas i stænger eller rør";"- fremstilling af glasdøre, -vægge mv.
- færdigbearbejdning af andet glas, herunder teknisk glas, fx skæring eller mekanisk polering af glas";"- fremstilling af optiske elementer, der er optisk forarbejdet, jf. 26.70.00
- fremstilling af kanyler og andet medicinsk udstyr til laboratorier, jf. 32.50.00"
1410;3;C;23.2;232;;Fremstilling af ildfaste produkter;Manufacture of refractory products;;;;
1411;4;C;23.20;2320;;Fremstilling af ildfaste produkter;Manufacture of refractory products;;;;
1412;5;C;23.20.00;232000;;Fremstilling af ildfaste produkter;Manufacture of refractory products;Branchen omfatter fremstilling af ildfaste produkter, fx ildfast mørtel, beton og mursten. Fremstilling af halvfabrikata, fx sand, grus, ler og sten, er også omfattet.;"- fremstilling af halvfabrikata fra udvundne eller brudte ikke-metalliske mineraler, fx grus, sten eller ler
- fremstilling af ildfast mørtel, beton mv.
- fremstilling af ildfaste keramiske produkter, fx:
• varmeisolerende keramiske produkter af fossilt kiselmel
• ildfaste mursten, blokke og teglsten mv.
• retorter, digler, mufler, dyser, rør, ledninger mv.";- fremstilling af ildfaste artikler indeholdende magnesiumoxid, kalciummagnesiumoxid eller chromit;
1413;3;C;23.3;233;;Fremstilling af byggematerialer af ler;Manufacture of clay building materials;;;;
1414;4;C;23.31;2331;;Fremstilling af keramiske teglsten og gulvfliser;Manufacture of ceramic tiles and flags;;;;
1415;5;C;23.31.00;233100;;Fremstilling af keramiske teglsten og gulvfliser;Manufacture of ceramic tiles and flags;"Branchen omfatter fremstilling af keramiske teglsten og gulvfliser, inkl. væg- eller mosaikfliser og belægningssten. 

Fremstilling af keramiske mursten og tagsten henvises til 23.32.00.";"- fremstilling af keramiske teglsten og gulvfliser
- fremstilling af ikke-ildfaste keramiske gulv- eller vægfliser o.lign., mosaikfliser mv.
- fremstilling af ikke-ildfaste keramiske belægningssten og -fliser";;"- fremstilling af ildfaste keramiske produkter, jf. 23.20.00
- fremstilling af keramiske mursten og tagsten, jf. 23.32.00
- fremstilling af bygningsartikler af kunststen, jf. 23.61.00"
1416;4;C;23.32;2332;;Fremstilling af mursten, teglsten og byggematerialer af brændt ler;Manufacture of bricks, tiles and construction products, in baked clay;;;;
1417;5;C;23.32.00;233200;;Fremstilling af mursten, teglsten og byggematerialer af brændt ler;Manufacture of bricks, tiles and construction products, in baked clay;Branchen omfatter fremstilling af strukturerede ikke-ildfaste keramiske artikler og gulvfliser i brændt ler.;"- fremstilling af strukturerede ikke-ildfaste keramiske artikler, fremstillet ved at brænde byggematerialer af ler, fx keramiske mursten, tagsten, skorstenspibe, rør og rørledninger
- fremstilling af gulvfliser i brændt ler";;"- fremstilling af ildfaste keramiske produkter, jf. 23.20.00
- fremstilling af ikke-strukturerede ikke-ildfaste keramiske produkter, jf. 23.4"
1418;3;C;23.4;234;;Fremstilling af andre porcelænsvarer og keramiske produkter;Manufacture of other porcelain and ceramic products;Denne gruppe omfatter fremstilling af slutprodukter fra udvundne eller brudte ikke-metalliske mineraler, fx sand, grus, sten eller ler.;;;
1419;4;C;23.41;2341;;Fremstilling af keramiske husholdningsartikler og pyntegenstande;Manufacture of ceramic household and ornamental articles;;;;
1420;5;C;23.41.00;234100;;Fremstilling af keramiske husholdningsartikler og pyntegenstande;Manufacture of ceramic household and ornamental articles;Branchen omfatter fremstilling af keramiske husholdningsartikler og pyntegenstande, fx service, køkkentøj og statuetter.;- fremstilling af keramisk service, køkkentøj, husholdningsartikler, toiletartikler, statuetter og andre pyntegenstande af keramik, fx porcelæn, stentøj, lertøj, fajance eller finkeramik;;"- fremstilling af bijouteri, jf. 32.13.00
- fremstilling af legetøj af keramik, jf. 32.40.00"
1421;4;C;23.42;2342;;Fremstilling af keramiske sanitetsartikler;Manufacture of ceramic sanitary fixtures;;;;
1422;5;C;23.42.00;234200;;Fremstilling af keramiske sanitetsartikler;Manufacture of ceramic sanitary fixtures;Branchen omfatter fremstilling af keramiske sanitetsartikler, fx håndvaske, badekar og toiletkummer.;- fremstilling af keramiske sanitetsartikler, fx håndvaske, vaskekummer, sokler til vaskekummer, badekar, bideter, wc-kummer og cisterner;;"- fremstilling af ildfaste keramiske produkter, jf. 23.20.00
- fremstilling af byggematerialer af keramik, jf. 23.3"
1423;4;C;23.43;2343;;Fremstilling af keramiske isolatorer og isoleringsdele;Manufacture of ceramic insulators and insulating fittings;;;;
1424;5;C;23.43.00;234300;;Fremstilling af keramiske isolatorer og isoleringsdele;Manufacture of ceramic insulators and insulating fittings;Branchen omfatter fremstilling af elektriske isolatorer og isoleringsdele af keramik til elarbejde.;- fremstilling af elektriske isolatorer og isoleringsbeslag af keramik til elarbejde;;- fremstilling af ildfaste keramiske produkter, jf. 23.20.00
1425;4;C;23.44;2344;;Fremstilling af andre keramiske produkter til teknisk brug;Manufacture of other technical ceramic products;;;;
1426;5;C;23.44.00;234400;;Fremstilling af andre keramiske produkter til teknisk brug;Manufacture of other technical ceramic products;Branchen omfatter fremstilling af keramiske artikler til teknisk brug, fx permanente magneter eller keramiske produkter til brug i laboratorier.;"- fremstilling af permanente magneter og artikler, der er beregnet til at blive permanente magneter efter magnetisering af materialer som ikke er metal, fx agglomereret ferrit
- fremstilling af keramiske produkter til brug i laboratorier, til kemisk eller anden teknisk brug";;"- fremstilling af ildfaste keramiske produkter, jf. 23.20.00
- fremstilling af byggematerialer af keramik, jf. 23.3
- fremstilling af kunststen (fx kunstig marmor), jf. 23.66.00"
1427;4;C;23.45;2345;;Fremstilling af andre keramiske produkter;Manufacture of other ceramic products;;;;
1428;5;C;23.45.00;234500;;Fremstilling af andre keramiske produkter;Manufacture of other ceramic products;Branchen omfatter fremstilling af andre keramiske produkter til transport eller emballering, fx potter og krukker, samt til landbrugsformål, fx keramiske trug og kar.;"- fremstilling af keramiske potter, krukker og lignende artikler, der bruges til transport eller emballering af produkter
- fremstilling af keramiske trug, kar og lignende beholdere, der bruges i landbrug
- fremstilling af keramiske produkter i.a.n.";;"- fremstilling af keramiske sanitetsartikler, jf. 23.42.00
- fremstilling af kunstige tænder, jf. 32.50.00"
1429;3;C;23.5;235;;Fremstilling af cement, kalk og gips;Manufacture of cement, lime and plaster;;;;
1430;4;C;23.51;2351;;Fremstilling af cement;Manufacture of cement;;;;
1431;5;C;23.51.00;235100;;Fremstilling af cement;Manufacture of cement;"Branchen omfatter fremstilling af forskellige former for cement og klinker. 

Fremstilling af cement, der bruges i tandlægearbejde, henvises til 32.50.00.";- fremstilling af klinker og cement, herunder portlandcement, smeltecement, slaggecement, aluminatcement og lignende hydraulisk cement, uanset om det er farvet eller i form af klinker eller ej;;"- fremstilling af ildfast mørtel, beton mv., jf. 23.20.00
- fremstilling af færdigblandet og tørblandet beton og mørtel, jf. 23.63.00 og 23.64.00
- fremstilling af cementartikler, jf. 23.65.00 og 23.66.00
- fremstilling af cement, der bruges i tandlægearbejde, jf. 32.50.00"
1432;4;C;23.52;2352;;Fremstilling af kalk og gips;Manufacture of lime and plaster;;;;
1433;5;C;23.52.00;235200;;Fremstilling af kalk og gips;Manufacture of lime and plaster;"Branchen omfatter fremstilling af kalk og gips. 

Fremstilling af gipsartikler henvises til 23.62.00 og 23.66.00.";"- fremstilling af brændt kalk, ulæsket kalk og hydraulisk kalk
- fremstilling af gips af brændt gips eller calciumsulfat";- fremstilling af brændt eller sintrit dolomit;"- fremstilling af ren calciumoxid og calciumhydroxid, jf. 20.12.00
- fremstilling af gipsartikler, jf. 23.62.00 og 23.66.00"
1434;3;C;23.6;236;;Fremstilling af produkter af beton, cement og gips;Manufacture of articles of concrete, cement and plaster;;;;
1435;4;C;23.61;2361;;Fremstilling af byggematerialer af beton;Manufacture of concrete products for construction purposes;;;;
1436;5;C;23.61.00;236100;;Fremstilling af byggematerialer af beton;Manufacture of concrete products for construction purposes;Branchen omfatter fremstilling af byggematerialer af beton, fx fliser, plader og rør, samt præfabrikerede betonelementer til fx regnvandshåndtering.;"- fremstilling af præfabrikeret beton, cement eller artikler af kunststen til brug i byggeri:
• teglsten, fliser, byggeblokke, mursten, plader, paneler, rør, stolper mv.
- fremstilling af præfabrikerede strukturer og bærende komponenter til byggeri eller anlægsarbejde, trafikregulering og -blokering af cement, beton eller kunststen
- fremstilling af præfabrikerede fabriksfremstillede betonelementer til konstruktion af præfabrikerede strukturer til brug i landskabspleje og støttemure, spildevands- og regnvandshåndtering samt underjordiske forsyninger
- fremstilling af fabriksfremstillede elementer af beton
- fremstilling af præfabrikerede betonrør til drikkevand";"- fremstilling af murværkselementer af calciumsilikat
- fremstilling af autoklaveret gasbetonelementer";- fremstilling af andre genstande og artikler af beton, cement og gips, der ikke er beregnet til byggeri, jf. 23.66.00
1437;4;C;23.62;2362;;Fremstilling af byggematerialer af gips;Manufacture of plaster products for construction purposes;;;;
1438;5;C;23.62.00;236200;;Fremstilling af byggematerialer af gips;Manufacture of plaster products for construction purposes;Branchen omfatter fremstilling af byggematerialer af gips, fx plader, paneler og fliser.;"- fremstilling af artikler af gips eller sammensætninger baseret på gips til brug i byggeri:
• plader, paneler, fliser og lignende artikler uden udsmykning";;
1439;4;C;23.63;2363;;Fremstilling af færdigblandet beton;Manufacture of ready-mixed concrete;;;;
1440;5;C;23.63.00;236300;;Fremstilling af færdigblandet beton;Manufacture of ready-mixed concrete;"Branchen omfatter fremstilling af færdigblandet beton og mørtel. 

Vognmandstransport med cement henvises til 49.41.00.";- fremstilling af færdigblandet beton, inkl. beton, der er færdigblandet under transport, samt tørblandet beton og mørtel;;"- fremstilling af ildfast cement, jf. 23.20.00
- vognmandstransport med cement, jf. 49.41.00"
1441;4;C;23.64;2364;;Fremstilling af mørtel;Manufacture of mortars;;;;
1442;5;C;23.64.00;236400;;Fremstilling af mørtel;Manufacture of mortars;Branchen omfatter fremstilling af ikke-ildfast mørtel og beton, som endnu ikke er blandet med vand.;- fremstilling af ikke-ildfast mørtel og beton, som endnu ikke er blandet med vand;;"- fremstilling af ildfast mørtel, jf. 23.20.00
- fremstilling af færdigblandet og brugsklar beton, jf. 23.63.00"
1443;4;C;23.65;2365;;Fremstilling af fibercement;Manufacture of fibre cement;;;;
1444;5;C;23.65.00;236500;;Fremstilling af fibercement;Manufacture of fibre cement;Branchen omfatter fremstilling af fibercement, fx fremstilling af artikler af vegetabilske stoffer, artikler af asbestcement eller cement af cellulosefibre.;"- fremstilling af paneler, plader, fliser, blokke og lignende artikler af vegetabilske stoffer (fx træuld, strå, tagrør og siv) agglomereret med cement, gips eller et andet mineralsk bindemiddel
- fremstilling af artikler af asbestcement eller cement af cellulosefibre, fx:
• bølgede plader, andre plader, paneler, fliser, rør, ledninger, tanke, trug, bassiner, vaske, krukker, møbler, vinduesrammer mv.";;- fremstilling af isoleringsfiberplader af træ eller andre træagtige fibre, uanset om de er sammenklæbet med harpiks eller andre organiske stoffer eller ej, jf. 16.21.00
1445;4;C;23.66;2366;;Fremstilling af andre produkter af beton, cement og gips;Manufacture of other articles of concrete, cement and plaster;;;;
1446;5;C;23.66.00;236600;;Fremstilling af andre produkter af beton, cement og gips;Manufacture of other articles of concrete, cement and plaster;"Branchen omfatter fremstilling af andre artikler af beton, gips eller sammensætninger baseret på gips, cement eller kunststen. Fremstilling af udsmykkede plader eller paneler af gips er også omfattet.

Fremstilling af præfabrikerede beton-, cement- eller kunststensartikler til brug i byggeri henvises til 23.61.00.";- fremstilling af andre artikler af beton, gips eller sammensætninger baseret på gips, cement eller kunststen, fx billedhuggerkunst, bas- og hautrelieffer, vaser og urtepotter;"- fremstilling af udsmykkede plader eller paneler af gips eller sammensætning baseret på gips
- andre artikler af calciumsilikat
- andre artikler af autoklaveret gasbeton";- fremstilling af præfabrikerede beton-, cement- eller kunststensartikler til brug i byggeriet, jf. 23.61.00
1447;3;C;23.7;237;;Tilhugning, tilskæring og færdigbearbejdning af sten;Cutting, shaping and finishing of stone;;;;
1448;4;C;23.70;2370;;Tilhugning, tilskæring og færdigbearbejdning af sten;Cutting, shaping and finishing of stone;;;;
1449;5;C;23.70.00;237000;;Tilhugning, tilskæring og færdigbearbejdning af sten;Cutting, shaping and finishing of stone;Branchen omfatter tilskæring, tilhugning og færdigbearbejdning af sten, fx til byggeri, veje og kirkegårde.;"- tilhugning, tilskæring og færdigbearbejdning af sten, fx til brug i byggeri, på kirkegårde og gravpladser, på veje, som tagbeklædning
- fremstilling af møbler af sten";;"- aktiviteter udført af stenbrudsoperatører, fx fremstilling af grovslebne sten, jf. 08.11.00
- fremstilling af møllesten, slibesten og lignende produkter, jf. 23.91.00"
1450;3;C;23.9;239;;Fremstilling af slibemidler og ikke-metalholdige mineralske produkter i.a.n.;Manufacture of abrasive products and non-metallic mineral products n.e.c.;;;;
1451;4;C;23.91;2391;;Fremstilling af slibemidler;Manufacture of abrasive products;;;;
1452;5;C;23.91.00;239100;;Fremstilling af slibemidler;Manufacture of abrasive products;Branchen omfatter fremstilling af naturlige og kunstige slibemidler, fx møllesten og slibesten. Fremstilling af naturligt eller kunstigt skurepulver eller slibekorn baseret på tekstiler, pap eller andre materialer er også omfattet.;- fremstilling af møllesten, slibesten, slibeskiver og lignende uden stel til knusning, slibning, afretning eller tilhugning, håndslibning eller polering af sten;- fremstilling af naturligt eller kunstigt skurepulver eller slibekorn baseret på tekstiler, af papir, pap eller andre materialer, uanset om det er formskåret, syet eller på anden måde fremstillet;
1453;4;C;23.99;2399;;Fremstilling af andre ikke-metalholdige mineralske produkter i.a.n.;Manufacture of other non-metallic mineral products n.e.c.;;;;
1454;5;C;23.99.10;239910;;Fremstilling af asfalt og tagpap;Production of asphalt and roofing felt;Branchen omfatter fremstilling af asfalt og tagpap, fx artikler af asfalt eller lignende materiale såsom asfaltbitumen eller kultjærebeg.;"- fremstilling af asfalt
- fremstilling af artikler af asfalt eller lignende materiale, fx asfaltbitumen eller kultjærebeg
- fremstilling af tagpap";;"- fremstilling af glasuld og ikke-vævede produkter af glasuld, jf. 23.14.00
- fremstilling af elektroder af grafit, jf. 27.90.00
- fremstilling af pakninger af kulstof eller grafit, jf. 28.29.00"
1455;5;C;23.99.90;239990;;Fremstilling af andre ikke-metalholdige mineralske produkter, bortset fra asfalt og tagpap;Manufacture of other non-metallic mineral products, except asphalt and roofing felt;Branchen omfatter fremstilling af ikke-metalholdige mineralske produkter, fx isoleringsmaterialer.;"- fremstilling af friktionsmateriale og ikke-monterede artikler deraf baseret på mineralske stoffer eller af cellulose
- fremstilling af mineralske isoleringsmaterialer, fx:
• slaggeuld, stenuld og lignende mineralsk uld, eksfolieret vermiculit, ekspanderet ler og lignende
varmeisolerende, lydisolerende eller lydabsorberende materialer
- fremstilling af artikler af diverse mineralske stoffer, fx:
• forarbejdet mica og artikler af mica, tørv og grafit (bortset fra elartikler)
- fremstilling af fibre og produkter af kulstof og grafit (undtagen elektroder og elektriske anordninger)
- fremstilling af kunstig korund";- fremstilling af tørret og malet lerpulver;"- fremstilling af glasuld og ikke-vævede produkter af glasuld, jf. 23.14.00
- fremstilling af elektroder af grafit, jf. 27.90.00
- fremstilling af pakninger af kulstof eller grafit, jf. 28.29.00"
1456;2;C;24;24;;Fremstilling af basismetaller;Manufacture of basic metals;"Denne hovedgruppe omfatter aktiviteter med smeltning og/eller raffinering af jernholdige og ikke-jernholdige metaller fra malm, råjern, metalaffald eller -skrot ved hjælp af elektrometallurgiske processer og andre processer med metallurgiske teknikker.

Denne hovedgruppe omfatter også fremstilling af metallegeringer og superlegeringer ved at introducere andre kemiske elementer til rene metaller. Outputtet af smeltning og raffinering, normalt i form af smelteblokke, bruges i valsning, trækning og ekstrudering til at fremstille produkter såsom plader, bånd, stænger, wire, rør eller slanger og hule profiler, og andre grundlæggende metalprodukter samt i smeltet form for at fremstille støbninger.";;;
1457;3;C;24.1;241;;Fremstilling af råjern og råstål samt jernlegeringer;Manufacture of basic iron and steel and of ferro-alloys;Denne gruppe omfatter aktiviteter såsom direkte reduktion af jernmalm, fremstilling af råjern i smeltet eller massiv form, konvertering af råjern til stål, fremstilling af ferrolegeringer og fremstilling af stålprodukter.;;;
1458;4;C;24.10;2410;;Fremstilling af råjern og råstål samt jernlegeringer;Manufacture of basic iron and steel and of ferro-alloys;;;;
1459;5;C;24.10.00;241000;;Fremstilling af råjern og råstål samt jernlegeringer;Manufacture of basic iron and steel and of ferro-alloys;Branchen omfatter fremstilling af råjern og råstål samt jernlegeringer, fx ferrolegeringer, granulereat jern og valsede produkter af stål. Drift af højovne og fremstilling af højovnsgas er også omfattet.;"- drift af højovne, stålforædlere, valseværk og færdigvalsemaskiner
- fremstilling af råjern og spejljern i råjern, blokke eller andre primære former
- fremstilling af ferrolegeringer
- fremstilling af jernlegeringer ved direkte reduktion af jern og andre porøse jernlegeringer
- fremstilling af jern med særlig renhed efter elektrolyse eller andre kemiske processer
- omsmeltning af smelteblokkeskrot af jern eller stål
- fremstilling af granuleret jern og jernpulver
- fremstilling af jern og stål i smelteblokke eller andre primære former
- fremstilling af halvfabrikata af jern og stål
- fremstilling af varmvalsede og koldvalsede fladvalsede produkter af jern og stål
- fremstilling af varmvalsede stænger af jern og stål
- fremstilling af varmvalsede åbne sektioner af jern og stål
- fremstilling af spunsvægge og svejsede åbne sektioner af jern og stål
- fremstilling af materialer til jernbaneskinner (usamlede skinner) af jern og stål
- fremstilling af højovnsgas";- fremstilling af overfladebehandlede eller ikke-overfladebehandlede fladvalsede stålprodukter i spoler eller i lige bånd med en bredde på mere end 600 mm ved kold genvalsning af fladvalsede produkter eller stålstænger;- koldtrækning af stænger, jf. 24.31.00
1460;3;C;24.2;242;;Fremstilling af rør, hule profiler og tilhørende fittings af stål;Manufacture of tubes, pipes, hollow profiles and related fittings, of steel;;;;
1461;4;C;24.20;2420;;Fremstilling af rør, hule profiler og tilhørende fittings af stål;Manufacture of tubes, pipes, hollow profiles and related fittings, of steel;;;;
1462;5;C;24.20.00;242000;;Fremstilling af rør, hule profiler og tilhørende fittings af stål;Manufacture of tubes, pipes, hollow profiles and related fittings, of steel;Branchen omfatter fremstilling af rør, hule profiler og tilhørende fittings af stål mv., herunder sømløse rør, bortset fra fremstilling af sømløse stålrør ved centrifugalstøbning, hvilket henvises til 24.52.00.;"- fremstilling af sømløse rør af cirkulære eller ikke-cirkulære tværsnit og af tomme cirkulære tværsnit til yderligere forarbejdning ved varmvalsning, varmtrækning eller andre varmeprocesser af halvfabrikata, som kan være en stang eller en barre, ved varmvalsning eller strengstøbning
- fremstilling af præcisions- og ikke-præcisionssømløse rør og rør af varmvalsede eller varmekstruderede emner ved yderligere forarbejdning, ved koldtrækning eller koldvalsning af rør og rør med cirkulært tværsnit og ved koldtrækning kun for rør af ikke-cirkulært tværsnit og hule profiler
- fremstilling af svejsede rør med en ekstern diameter over 406,4 mm, koldbearbejdet fra varmvalsede fladvalsede produkter og produkter, der er svejset i længderetning eller i spiralform
- fremstilling af svejsede rør med en ekstern diameter på 406,4 mm eller mindre af cirkulære tværsnit ved kontinuerlig kold- eller varmdeformation af varm- eller koldvalsede fladvalsede produkter og produkter, der er svejset i længderetningen eller spiralsnoet og af ikke-cirkulære tværsnit ved varm- eller kolddeformation til deres form fra varm- eller koldvalsede bånd, der er svejset i længderetning
- fremstilling af svejsede præcisionsrør med en ekstern diameter på 406,4 mm eller mindre ved varm- eller kolddeformation af varm- eller koldvalsede bånd og produkter, der er svejset i længderetningen, som leveres svejset eller yderligere forarbejdet ved koldtrækning eller koldvalsning eller kolddeformation til deres form til rør af ikke-cirkulære tværsnit
- fremstilling af planflanger og flanger med smedede kraver ved forarbejdning af varmvalsede produkter af stål
- fremstilling af stuksvejsefittings, fx vinkler og reduktioner ved smedning af varmvalsede sømløse stålrør
- gevindrør og andre rørfittings af stål";;- fremstilling af sømløse stålrør ved centrifugalstøbning, jf. 24.52.00
1463;3;C;24.3;243;;Fremstilling af andre produkter af den primære forarbejdning af stål;Manufacture of other products of first processing of steel;Denne gruppe omfatter fremstilling af andre produkter via koldpresning af stål.;;;
1464;4;C;24.31;2431;;Fremstilling af stænger ved koldtrækning;Cold drawing of bars;;;;
1465;5;C;24.31.00;243100;;Fremstilling af stænger ved koldtrækning;Cold drawing of bars;Branchen omfatter fremstilling af stålrør og massive sektioner af stål ved koldtrækning, slibning eller kold færdigbearbejdning.;- fremstilling af stålrør og massive sektioner af stål ved koldtrækning, slibning eller kold færdigbearbejdning;;- koldtrækning af wire, jf. 24.34.00
1466;4;C;24.32;2432;;Fremstilling af stålbånd ved koldvalsning;Cold rolling of narrow strip;;;;
1467;5;C;24.32.00;243200;;Fremstilling af stålbånd ved koldvalsning;Cold rolling of narrow strip;Branchen omfatter fremstilling af fladvalsede stålprodukter ved koldvalsning af varmevalsede flade produkter eller stålstænger. Produkterne kan være med eller uden belægning, oprullede eller i lige stykker - bredden skal være mindre end 600 mm.;- fremstilling af overfladebehandlede eller ikke-overfladebehandlede fladvalsede stålprodukter i spoler eller i lige bånd med en bredde på mindre end 600 mm ved kold genvalsning af fladvalsede produkter eller stålstænger;;- fremstilling af overfladebehandlede eller ikke-overfladebehandlede fladvalsede stålprodukter i spoler eller i lige bånd med en bredde på mindst 600 mm ved kold genvalsning af fladvalsede produkter eller stålstænger, jf. 24.10.00
1468;4;C;24.33;2433;;Koldbehandling;Cold forming or folding;;;;
1469;5;C;24.33.00;243300;;Koldbehandling;Cold forming or folding;"Branchen omfatter fremstilling af åbne sektioner ved progressiv koldbehandling på en valsemølle. 

Fremstilling af zinklpulver ved atomisering af smeltet zink henvises til 24.43.00.";"- fremstilling af åbne sektioner ved progressiv koldbehandling på en valsemølle eller presse af fladvalsede produkter af stål
- fremstilling af koldformede korrugerede plader og sandwichpaneler";;
1470;4;C;24.34;2434;;Fremstilling af tråd ved koldtrækning;Cold drawing of wire;;;;
1471;5;C;24.34.00;243400;;Fremstilling af tråd ved koldtrækning;Cold drawing of wire;Branchen omfatter fremstilling af trukket sålarmering ved koldtrækning af valsetråd.;- fremstilling af trukket stålarmering ved koldtrækning af valsetråd;;"- trækning af stænger og massive sektioner af stål, jf. 24.31.00
- fremstilling af afledte wireprodukter, jf. 25.93.00"
1472;3;C;24.4;244;;Fremstilling af ædelmetaller og andre ikke-jernholdige metaller;Manufacture of basic precious and other non-ferrous metals;;;;
1473;4;C;24.41;2441;;Fremstilling af ædelmetaller;Precious metals production;;;;
1474;5;C;24.41.00;244100;;Fremstilling af ædelmetaller;Precious metals production;"Branchen omfatter fremstilling og raffinering af både bearbejdede og ubearbejdede ædelmetaller, fx guld, sølv, platin mv., samt legeringer af disse. 

Støbning af kobber, zink og andre ikke-jernholdige metaller henvises til 24.54.00.";"- fremstilling af ædelmetaller:
• fremstilling og raffinering af ubearbejdede eller bearbejdede ædelmetaller: guld, sølv, platin mv. fra malm og skrot
- fremstilling af legeringer af ædelmetal
- fremstilling af ædelmetaller i halvfabrikata eller pulverform
- beklædning af grundmetaller med sølv, guld eller platin fæstnet ved lodning, slaglodning, svejsning, varmvalsning eller lignende mekaniske midler";"- fremstilling af wire af ædelmetaller ved trækning
- fremstilling af plader, bånd og folielaminater af ædelmetaller
- genvinding af sølv fra affald og skrot ved elektrolytisk raffinering
- smeltning og støbning af ædelmetaller til smelteblokke, blokke eller lignende former";"- støbning af kobber, zink og andre ikke-jernholdige metaller, jf. 24.54.00
- fremstilling af smykker af ædelmetaller, jf. 32.12.00"
1475;4;C;24.42;2442;;Fremstilling af aluminium;Aluminium production;;;;
1476;5;C;24.42.00;244200;;Fremstilling af aluminium;Aluminium production;"Branchen omfatter fremstilling af aluminium, fx ubearbejdet aluminium, legeret og ikke-legeret, samt fremstilling af rør, rørfittings og folie i aluminium. 

Støbning af aluminium og andre lette metaller henvises til 24.53.00.";"- fremstilling af ubearbejdet aluminium, legeret eller ikke-legeret, fra alumina eller aluminiumaffald og -skrot
- fremstilling af stænger, profiler og wire af aluminium
- fremstilling af rør og rørfittings i aluminium
- fremstilling af plader og bånd af aluminium, uanset om de er malet eller ej, lakeret eller overfladebehandlet med plast
- fremstilling af aluminiumfolie, uanset om det er trykt eller belagt med papir, pap, plast eller lignende beklædningsmaterialer";- fremstilling af aluminiumoxid (alumina);"- støbning af aluminium og andre lette metaller, jf. 24.53.00
- fragmentering af aluminiumaffald og -skrot, jf. 38.21.00"
1477;4;C;24.43;2443;;Fremstilling af bly, zink og tin;Lead, zinc and tin production;;;;
1478;5;C;24.43.00;244300;;Fremstilling af bly, zink og tin;Lead, zinc and tin production;"Branchen omfatter fremstilling af ubearbejdet bly, zink eller tin samt stænger, profiler og folie af bly, zink eller tin. 

Støbning af bly, zink og tin henvises til 24.54.00.";"- fremstilling af ubearbejdet bly, zink og tin, legeret eller ikke-legeret, fra malm eller affald eller skrot af bly, zink eller tin
- fremstilling af stænger, profiler, wire, plader, bånd og folie af bly, zink eller tin";- fremstilling af zinkpulver ved atomisering af smeltet zink;"- støbning af bly, zink eller tin, jf. 24.54.00
- fragmentering af affald eller skrot af bly, zink eller tin, jf. 38.21.00"
1479;4;C;24.44;2444;;Fremstilling af kobber;Copper production;;;;
1480;5;C;24.44.00;244400;;Fremstilling af kobber;Copper production;"Branchen omfatter fremstilling af kobber, fx fremstilling af stænger, profiler, wire af kobber samt kobberfolie. Branchen omfatter også fremstilling af stænger, profiler, plader, bånd, wire og rør af messing. 

Støbning af kobber henvises til 24.54.00.";"- fremstilling af uraffineret eller raffineret ubearbejdet kobber, legeret eller ikke-legeret, fra malm eller kobberaffald og -skrot
- fremstilling af stænger, profiler, plader og bånd af kobber og kobberlegeringer
- fremstilling af wire af kobber og kobberlegeringer
- fremstilling af rør og rørfitting af kobber og kobberlegeringer
- fremstilling af kobberfolie, uanset om det er trykt eller belagt med papir, pap, plast eller lignende beklædningsmaterialer";- fremstilling af stænger, profiler, plader, bånd, wire og rør af messing;"- støbning af kobber, jf. 24.54.00
- fragmentering af kobberaffald og -skrot, jf. 38.21.00"
1481;4;C;24.45;2445;;Anden fremstilling af ikke-jernholdige metaller;Other non-ferrous metal production;;;;
1482;5;C;24.45.00;244500;;Anden fremstilling af ikke-jernholdige metaller;Other non-ferrous metal production;Branchen omfatter fremstilling af ubearbejdet krom, mangan og nikkel samt fremstilling af stænger, profiler, plader og bånd deraf.;"- fremstilling af ubearbejdet krom, mangan og nikkel mv., legeret eller ikke-legeret, fra malm eller oxid eller fra elektrolytisk raffinering og termitraffinering af affald og skrot af krom, mangan, nikkel mv.
- fremstilling af stænger, profiler og wire af krom, mangan, nikkel mv.
- fremstilling af plader, bånd og folie af krom, mangan, nikkel mv.
- fremstilling af nikkelsten
- fremstilling af ikke-jernholdig metal";;"- støbning af ikke-jernholdige metaller, jf. 24.53.00 og 24.54.00
- fragmentering af ikke jernholdig metalaffald og -skrot, jf. 38.21.00"
1483;4;C;24.46;2446;;Oparbejdning af nukleart brændsel;Processing of nuclear fuel;;;;
1484;5;C;24.46.00;244600;;Oparbejdning af nukleart brændsel;Processing of nuclear fuel;Branchen omfatter fremstilling af naturligt uran og legeringer af uran samt smeltning og raffinering heraf.;"- fremstilling af naturligt uran og dets forbindelser fra begblende eller anden malm
- fremstilling af legeringer af naturlig uran, spredninger (herunder cermet), keramiske produkter og blandinger indeholdende naturligt uran eller forbindelser med naturligt uran
- smeltning og raffinering af naturligt uran";;- berigelse af uran- og thoriummalme, jf. 20.13.00
1485;3;C;24.5;245;;Støbning af metalprodukter;Casting of metals;"Denne gruppe omfatter aktiviteter på støberier, hvor der benyttes forskellige støbeprocesser til at producere støbninger med alle jernholdige og ikke-jernholdige metallegeringer. Efterfølgende afskæring eller afskalning af støbninger kan være omfattet, men uden yderligere forarbejdning. Gruppen omfatter også fremstilling af støbninger, der bruges i forskellige brancher.

Gruppen omfatter ikke:
- fremstilling af produkter gennem fremstillingsprocesser, som ikke er gennem støbning, fx smedede, pressede, trukne eller stansede dele, valsede ringe eller pulvermetallurgiprodukter osv., jf. hovedgruppe 25
- fremstilling af færdiglavede produkter via yderligere forarbejdning af støbninger, fx:
• kedler og radiatorer, jf. 25.21.00
• støbte husholdningsemner, ankre, skibsskruer og -klokker, jf. 25.99.00";;;
1486;4;C;24.51;2451;;Støbning af jernprodukter;Casting of iron;Denne undergruppe omfatter aktiviteter på fx jernstøberier.;;;
1487;5;C;24.51.00;245100;;Støbning af jernprodukter;Casting of iron;Branchen omfatter støbning af jernprodukter af alle typer jern.;"- fremstilling af støbninger lavet af gråt støbejern
- fremstilling af støbninger lavet af nodular jernstøbning (herunder støbninger af sfærisk grafitjern og aducerjern)
- fremstilling af støbninger lavet af andre specialjernlegeringer";;
1488;4;C;24.52;2452;;Støbning af stålprodukter;Casting of steel;;;;
1489;5;C;24.52.00;245200;;Støbning af stålprodukter;Casting of steel;Branchen omfatter støbning af stålprodukter af alle typer stål, herunder støbninger af kulstof.;"- fremstilling af støbninger lavet af legeringer eller almindeligt stål
- fremstilling af støbninger lavet af kulstof eller almindeligt stål
- fremstilling af støbninger lavet af legeringer og højlegeringer
- fremstilling af støbninger lavet af rustfrit stål";;
1490;4;C;24.53;2453;;Støbning af letmetalprodukter;Casting of light metals;;;;
1491;5;C;24.53.00;245300;;Støbning af letmetalprodukter;Casting of light metals;Branchen omfatter støbning af letmetalprodukter, fx aluminium, magnesium og titanium, herunder støbning af dentalredskaber mv. af letmetaller.;"- aktiviteter på støberier med støbninger af letmetaller
- fremstilling af støbninger lavet af aluminium
- fremstilling af støbninger lavet af magnesium
- fremstilling af støbninger lavet af titanium";- støbning af dentalredskaber mv. af letmetaller;- støbning af metalprodukter, der ikke anses for at være letmetaller, jf. 24.51.00, 24.52.00 og 24.54.00
1492;4;C;24.54;2454;;Støbning af andre ikke-jernholdige metalprodukter;Casting of other non-ferrous metals;;;;
1493;5;C;24.54.00;245400;;Støbning af andre ikke-jernholdige metalprodukter;Casting of other non-ferrous metals;Branchen omfatter støbning af andre ikke-jernholdige metalprodukter, fx kobber, zink, bly - eller nikkellegeringer. Støbning af dentalredskaber mv. af ikke-jernholdige metaller, dvs. ikke-letmetaller, er også omfattet.;"- aktiviteter på støberier i forbindelse med andre ikke-jernholdige metaller
- fremstilling af støbninger lavet af kobber-, zink-, bly- eller nikkellegeringer
- fremstilling af støbninger lavet af andre ikke jernholdige metallegeringer";- støbning af dentalredskaber mv. af andre ikke-jernholdige metaller;
1494;2;C;25;25;;Fremstilling af færdige metalprodukter, undtagen maskiner og udstyr;Manufacture of fabricated metal products, except machinery and equipment;"Denne hovedgruppe omfatter fremstillingen af ""rene"" metalprodukter (såsom dele, beholdere og konstruktioner), normalt med en statisk, ubevægelig funktion. Dette er i modsætning til følgende hovedgrupper 26-30, som dækker fremstillingen af kombinationer eller samlinger af sådanne metalprodukter (nogle gange med andre materialer) til mere komplekse enheder, som fungerer med bevægelige dele, medmindre de er helt og alderes elektriske, elektroniske eller optiske.

Denne hovedgruppe omfatter også fremstillingen af produkter af sammensatte materialer, hvor metaller er det fremherskende materiale. Fremstilling af våben og ammunition er også omfattet af denne hovedgruppe.

Denne hovedgruppe omfatter ikke:
- specialiseret reparation og vedligeholdelse af færdige metalprodukter, maskiner og udstyr, jf. 33.1
- specialiseret installation af færdige produkter produceret i denne hovedgruppe i bygninger såsom centralvarmekedler, jf. 43.22.00";;;
1495;3;C;25.1;251;;Fremstilling af metalkonstruktioner;Manufacture of structural metal products;Denne gruppe omfatter fremstillingen af metalkonstruktioner (fx metalstrukturer eller metaldele til konstruktioner).;;;
1496;4;C;25.11;2511;;Fremstilling af metalkonstruktioner og dele heraf;Manufacture of metal structures and parts of structures;;;;
1497;5;C;25.11.00;251100;;Fremstilling af metalkonstruktioner og dele heraf;Manufacture of metal structures and parts of structures;Branchen omfatter fremstilling af metalkonstruktioner og dele heraf, fx master, udstyr til stilladser, arbejdsskure og bærende konstruktioner af metal, fx til lys eller højttalere.;"- fremstilling af metalstrukturer eller -skeletter til konstruktion og dele deraf (master, gittermaster, stivere, broer, brosektioner mv.)
- fremstilling af udstyr til stilladser, forskallinger, afstivning eller pitprop
- fremstilling af industrielle strukturer i metal (strukturer til højovne, løfte- og håndteringsudstyr mv.)
- fremstilling af præfabrikerede bygninger lavet primært af metal:
• arbejdsskure, modulopbyggede udstillingselementer mv.";- fremstilling af bærende konstruktioner af metal, fx til lys eller højttalere;"- fremstilling af dele til skibs- eller elkedler, jf. 25.21.00
- fremstilling af samlebeslag til jernbaneskinner, jf. 25.99.00
- fremstilling af vognmagerarbejde, jf. 29.20.00
- fremstilling af skibssektioner, jf. 30.11.00 og 30.13.00"
1498;4;C;25.12;2512;;Fremstilling af døre og vinduer af metal;Manufacture of doors and windows of metal;;;;
1499;5;C;25.12.00;251200;;Fremstilling af døre og vinduer af metal;Manufacture of doors and windows of metal;Branchen omfatter fremstilling af døre, vinduer, skodder, porte og lignende af metal.;"- fremstilling af metaldøre og -vinduer samt deres stel, dørtærskler, kølerjalousi og led
- skillevægge af metal til etagefastgørelse
- fremstilling af rullegardiner, metal solskærme og insektnet af metal";- fremstilling af midlertidige rumudbygninger lavet af metal;
1500;3;C;25.2;252;;Fremstilling af tanke og beholdere af metal;Manufacture of tanks, reservoirs and containers of metal;Denne gruppe omfatter fremstilling af metaltanke, centralvarmeanlæg, dampkedler eller andre dampgenererende kedler (bortset fra kedler til centralvarme).;;;
1501;4;C;25.21;2521;;Fremstilling af radiatorer, damp- og fyringskedler til centralvarmeanlæg;Manufacture of central heating radiators, steam generators and boilers;;;;
1502;5;C;25.21.00;252100;;Fremstilling af radiatorer, damp- og fyringskedler til centralvarmeanlæg;Manufacture of central heating radiators, steam generators and boilers;Branchen omfatter fremstilling af radiatorer, damp- og fyringskedler til centralvarmeanlæg og kondensatorer til damp og kernereaktorer.;"- fremstilling af anlæg til centralvarme, som ikke el-opvarmes
- fremstilling af dampkedler eller andre dampgenererende kedler
- fremstilling af hjælpegeneratorer til brug med dampkedler eller andre dampgenererende kedler, fx forvarmere, overhedere, dampindsamlere og -akkumulatorer
- fremstilling af kondensatorer til damp eller andre kraftenheder drevet af damp
- fremstilling af kernereaktorer, undtagen isotopseparatorer
- fremstilling af skibs- eller elkedler";;"- fremstilling af elovne og vandvarmere, jf. 27.51.00
- fremstilling af kedelturbinesæt, jf. 28.11.00
- fremstilling af varmeudstyr til husholdning, jf. 28.21.00
- fremstilling af isotopseparatorer, jf. 28.99.00"
1503;4;C;25.22;2522;;Fremstilling af andre tanke og beholdere af metal;Manufacture of other tanks, reservoirs and containers of metal;;;;
1504;5;C;25.22.00;252200;;Fremstilling af andre tanke og beholdere af metal;Manufacture of other tanks, reservoirs and containers of metal;Branchen omfatter fremstilling af reservoirer, tanke, kar og lignende beholdere med en kapacitet på minimum 300 liter.;"- fremstilling af reservoirer, tanke, kar og lignende beholdere af metal med en kapacitet over 300 liter, uanset om de er foret eller ej eller er varmeisoleret eller ej
- fremstilling af metalbeholdere til komprimeret eller flydende gas";;"- fremstilling af fade, tønder, dunke, spande, kasser mv. af metal af den type, der normal bruges til at bære og emballere produkter med en kapacitet, der ikke overstiger 300 liter, jf. 25.91.00 og 25.92.00
- fremstilling af transportcontainere, jf. 29.20.00
- fremstilling af kampvogne (pansret militært køretøj), jf. 30.40.00"
1505;3;C;25.3;253;;Fremstilling af våben og ammunition;Manufacture of weapons and ammunition;;;;
1506;4;C;25.30;2530;;Fremstilling af våben og ammunition;Manufacture of weapons and ammunition;;;;
1507;5;C;25.30.00;253000;;Fremstilling af våben og ammunition;Manufacture of weapons and ammunition;"Branchen omfatter fremstilling af militære våben og ammunition, fx maskingeværer, bomber, missiler og patronhylstre til geværer. Fremstilling af skydevåben og ammunition til jagt, sport eller beskyttelse er også omfattet. 

Fremstilling af huggerter, sværd, bajonetter mv. henvises til 25.61.00.";"- fremstilling af militære våben, fx artillerivåben, raketaffyringsrør, flammekastere, granatkastere, torpedorør og lignende udskydningsrør samt maskingeværer
- fremstilling af pistoler, haglgeværer og rifler
- fremstilling af fjederudløste geværer og pistoler, luftgeværer og -pistoler, gaskanoner mv.
- fremstilling af krigsammunition
- fremstilling af patronhylstre til geværer, revolvere og pistoler
- fremstilling af bomber, granater, torpedoer, miner, missiler og lignende krigsmateriel";- fremstilling af skydevåben og ammunition til jagt, sport eller beskyttelse;"- fremstilling af sprænghætter, detonatorer eller signallys, jf. 20.59.00
- fremstilling af huggerter, sværd, bajonetter mv., jf. 25.61.00
- fremstilling af optisk sigteudstyr til våben, jf. 26.70.00
- fremstilling af karosserier til pansrede køretøjer, jf. 29.20.00
- bygning af militærskibe og -fartøjer, jf. 30.13.00
- fremstilling af militære fly og rumfartøjer, jf. 30.32.00
- fremstilling af kampvogne og andre pansrede og motoriserede kampkøretøjer, jf. 30.40.00"
1508;3;C;25.4;254;;Smedning og valsning af metal samt pulvermetallurgi;Forging and shaping metal and powder metallurgy;Denne gruppe omfatter generelle aktiviteter til formgivning af metal, fx smedning eller presning.;;;
1509;4;C;25.40;2540;;Smedning og valsning af metal samt pulvermetallurgi;Forging and shaping metal and powder metallurgy;;;;
1510;5;C;25.40.00;254000;;Smedning og valsning af metal samt pulvermetallurgi;Forging and shaping metal and powder metallurgy;Branchen omfatter smedning og valsning af metal samt pulvermetallurgi og efterfølgende bearbejdning.;"- smedning, presning, stansning og valsning af metal
- fremstilling af metalgenstande direkte fra metalpulvere ved varmebehandling (sintring) eller under pres, dvs. pulvermetallurgi";- efterfølgende afskæring eller afskalning af metallet uden yderligere forarbejdning;- fremstilling af metalpulver, jf. 24.10.00 og 24.4
1511;3;C;25.5;255;;"Overfladebehandling af metal; maskinforarbejdning";"Treatment and coating of metals; machining";Denne gruppe omfatter generelle aktiviteter i forbindelse med forarbejdning af metal, fx plettering, overfladebehandling, gravering, udboring, polering eller svejsning, som typisk udføres for et honorar eller på kontrakt.;;;
1512;4;C;25.51;2551;;Overfladebehandling af metal;Coating of metals;;;;
1513;5;C;25.51.00;255100;;Overfladebehandling af metal;Coating of metals;Branchen omfatter overfladebehandling af metal, fx galvanisering, beklædning, farvning og emaljering.;"- galvanisering, inkl. generel varmgalvanisering (batch)
- konverteringsoverfladebelægning med fosfat eller chromat
- beklædning, elektroplettering, anodisering mv. af metal
- farvning af metal
- ikke-metallisk overfladebehandling af metal, fx:
• overfladebehandling, emaljering, lakering mv. med pulver eller plast";;"- smedeaktiviteter, jf. 01.62.00
- trykning på metal, jf. 18.12.00
- overfladebehandling af plast med metal, jf. 22.25.00
- beklædning af grundmetaller med sølv, guld eller platin, jf. 24.41.00
- varmebehandling af metal, jf. 25.52.00
- hærdning af metal, jf. 25.52.00
- maling af metal på bygninger og bygge- og anlægsarbejder, jf. 43.34.10
- graveringstjenester ""mens du venter"", jf. 95.29.00"
1514;4;C;25.52;2552;;Varmebehandling af metal;Heat treatment of metals;;;;
1515;5;C;25.52.00;255200;;Varmebehandling af metal;Heat treatment of metals;Branchen omfatter varmebehandling af metal, fx forvarmning, glødning, hærdning, oxidering og borering.;"- generelle aktiviteter i forbindelse med varmebehandling af metal
- termomekanisk varmebehandling af metal, fx forvarmning, glødning, hærdning, temperering, bratkøling og dybfrysning af metal.
- termokemisk varmebehandling af metal, fx opkulning, carbonitrering, nitroopkulning, nitrering, oxidering, sulfidisering og borering";;
1516;4;C;25.53;2553;;Maskinforarbejdning af metal;Machining of metals;;;;
1517;5;C;25.53.00;255300;;Maskinforarbejdning af metal;Machining of metals;Branchen omfatter maskinforarbejdning af metal, fx drejning, fræsning, slibning og svejsning.;"- udboring, drejning, fræsning, udhulning, høvling, bevikling, rømning, planering, savning, formaling, slibning, afgratning, sandblæsning, tromling, polering, svejsning, splejsning mv. af metalarbejde
- skæring og gravering eller skrivning på metal ved hjælp af laser";;- smedeaktiviteter, jf. 01.62.00
1518;3;C;25.6;256;;Fremstilling af bestik, skære- og klipperedskaber, håndværktøj og diverse metalprodukter;Manufacture of cutlery, tools and general hardware;Denne gruppe omfatter fremstilling af bestik, skære- og klipperedskaber, håndværktøj i metal og generel hardware.;;;
1519;4;C;25.61;2561;;Fremstilling af bestik, skære- og klipperedskaber;Manufacture of cutlery;;;;
1520;5;C;25.61.00;256100;;Fremstilling af bestik, skære- og klipperedskaber;Manufacture of cutlery;"Branchen omfatter fremstilling af produkter i metal, fx bestik og skære- og klipperedskaber samt fremstilling af huggerter, sværd, bajonetter mv. 

Fremstilling af bestik, skære- og klipperedskaber af ædelmetal henvises til 32.12.00.";"- fremstilling af husholdningsbestik, fx knive, gafler, skeer mv.
- fremstilling af andre skære- og klipperedskaber, fx:
• flækkeknive og kødøkser
• barberknive og barberblade
• sakse og klippemaskiner
- fremstilling af huggerter, sværd, bajonetter mv.";;"- fremstilling af knive og klinger til industrimaskiner, jf. 25.63.00
- fremstilling af beholdere (kander og kedler mv.), service (skåle og fade mv.) eller spisegrej (tallerkener og underkopper mv.), jf. 25.99.00
- fremstilling af bestik, skære- og klipperedskaber af ædelmetal, jf. 32.12.00"
1521;4;C;25.62;2562;;Fremstilling af låse og hængsler;Manufacture of locks and hinges;;;;
1522;5;C;25.62.00;256200;;Fremstilling af låse og hængsler;Manufacture of locks and hinges;Branchen omfatter fremstilling af isenkram i metal, fx låse, hængsler og beslag til bygninger, møbler, køretøjer mv.;- fremstilling af isenkram, fx hængelåse, låse, nøgler, hængsler, til fx ophæng, beslag og lignende i grundmetal til bygninger, møbler, køretøjer mv.;;- reparation af låse og levering af nøglekopieringsydelser, jf. 95.29.00
1523;4;C;25.63;2563;;Fremstilling af håndværktøj;Manufacture of tools;;;;
1524;5;C;25.63.00;256300;;Fremstilling af håndværktøj;Manufacture of tools;"Branchen omfatter fremstilling af håndværktøj, fx knive og klinger til maskiner eller mekaniske apparater, save og savklinger samt udskifteligt værktøj til håndværktøj. 

Fremstilling af eldrevet håndværktøj henvises til 28.24.00.";"- fremstilling af knive og klinger til maskiner eller mekaniske apparater
- fremstilling af håndværktøj, fx tænger, skruetrækkere
- fremstilling af håndværktøj, ikke motordrevet, til landbruget
- fremstilling af save og savklinger, herunder rundsavklinger og kædesavklinger
- fremstilling af udskifteligt værktøj til håndværktøj, uanset om de er eldrevne eller ej, eller til maskinværktøj, fx bor, stansemaskiner og fræseværktøj
- fremstilling af stanseværktøj
- fremstilling af smedeværktøj, fx smedje og ambolte
- fremstilling af formkasser og støbeforme (undtagen kokiller)
- fremstilling af skruestik og klemmer";;"- fremstilling af eldrevet håndværktøj, jf. 28.24.00
- fremstilling af kokiller, jf. 28.91.00"
1525;3;C;25.9;259;;Fremstilling af andre færdige metalprodukter;Manufacture of other fabricated metal products;"Denne gruppe omfatter fremstilling af forskellige metalprodukter til forskelligt brug i hjemmet og industriel brug, fx: 
- dunke og spande
- søm, bolte og møtrikker
- husholdningsartikler af metal
- metalbeslag
- skibsskruer og -ankre
- samlebeslag til jernbaneskinner";;;
1526;4;C;25.91;2591;;Fremstilling af metaltønder og lignende beholdere;Manufacture of steel drums and similar containers;;;;
1527;5;C;25.91.00;259100;;Fremstilling af metaltønder og lignende beholdere;Manufacture of steel drums and similar containers;Branchen omfatter fremstilling af tanke og tønder af metal samt lignende beholdere af jern og stål med en kapacitet på højst 300 liter.;- fremstilling af tanke, dunke, tønder, spande, kasser og lignende beholdere af jern og stål med en kapacitet på højst 300 liter;;- fremstilling af beholdere af metal til komprimeret eller flydende gas med en kapacitet over 300 liter, jf. 25.22.00
1528;4;C;25.92;2592;;Fremstilling af letmetalemballage;Manufacture of light metal packaging;;;;
1529;5;C;25.92.00;259200;;Fremstilling af letmetalemballage;Manufacture of light metal packaging;Branchen omfatter fremstilling af emballage af letmetal, fx dunke af jern eller stål, dåser til fødevarer, komprimerbare kasser og tuber, samt fremstilling af metallukninger.;"- fremstilling af dunke af jern eller stål, som lukkes ved hjælp af hårdlodning eller presning, med en kapacitet på under 50 liter
- fremstilling af fade, tønder, dunke, kasser og lignende beholdere af aluminium med en kapacitet højst 300 liter
- fremstilling af dåser og dunke til fødevarer, komprimerbare tuber og kasser
- fremstilling af metallukninger";;- fremstilling af beholdere af metal til komprimeret eller flydende gas eller beholdere med en kapacitet over 300 liter, jf. 25.22.00
1530;4;C;25.93;2593;;Fremstilling af trådvarer, kæder og fjedre;Manufacture of wire products, chain and springs;;;;
1531;5;C;25.93.00;259300;;Fremstilling af trådvarer, kæder og fjedre;Manufacture of wire products, chain and springs;"Branchen omfatter fremstilling af trådvarer, kæder og fjedre, fx kabler med metalelementer, søm og bolte, blade til fjedre og fremstilling af kæder. 

Fremstilling af urfjedre henvises til 26.52.00 og fremstilling af kraftoverføringskæder henvises til 28.15.00.";"- fremstilling af kabler med metalelementer, flettede bånd og lignende artikler
- fremstilling af uisoleret kabel med metalelementer eller isoleret kabel, der ikke kan bruges som elektrisk leder
- fremstilling af beklædt tråd eller tråd med metalkerne
- fremstilling af artikler lavet af tråd, fx pigtråd, trådgitre, riste, trådnet og trådvæv
- beskyttede elektroder til elektrisk lysbuesvejsning
- fremstilling af søm og bolte
- fremstilling af fjedre (undtagen urfjedre), fx:
• bladfjedre, spiralfjedre og torsionsfjedre
• blade til fjedre
- fremstilling af kæder, undtagen kraftoverføringskæder";;"- fremstilling af urfjedre, jf. 26.52.00
- fremstilling af tråd og kabel til eltransmission, jf. 27.32.00
- fremstilling af kraftoverføringskæder, jf. 28.15.00"
1532;4;C;25.94;2594;;Fremstilling af lukkeanordninger, bolte, skruer og møtrikker;Manufacture of fasteners and screw machine products;;;;
1533;5;C;25.94.00;259400;;Fremstilling af lukkeanordninger, bolte, skruer og møtrikker;Manufacture of fasteners and screw machine products;Branchen omfatter fremstilling af lukkeanordninger, bolte, skruer og møtrikker, fx nitter, bolte og skruer med og uden gevind.;"- fremstilling af nitter, spændeskiver og lignende produkter uden gevind
- fremstilling af produkter til skruemaskiner
- fremstilling af bolte, skruer og møtrikker og lignende produkter med gevind";;
1534;4;C;25.99;2599;;Fremstilling af andre færdige metalprodukter i.a.n.;Manufacture of other fabricated metal products n.e.c.;;;;
1535;5;C;25.99.00;259900;;Fremstilling af andre færdige metalprodukter i.a.n.;Manufacture of other fabricated metal products n.e.c.;Branchen omfatter fremstilling af andre færdige metalprodukter, fx husholdningsartikler, pengeskabe, skibsskruer, stiger, termokander og militære værdighedstegn af metal.;"- fremstilling af husholdningsartikler af metal:
• spisegrej: tallerkener, underkopper mv.
• beholdere: kander, kedler mv.
• service: skåle, fade mv.
• kasseroller, stegepander og andet ikke-eldrevet spisegrej til brug ved bordet eller i køkkenet
• små håndbetjente køkkenapparater og tilbehør
• skuresvampe af metal
- fremstilling af byggekomponenter af zink: afløbsrør, tagafslutning, badekar, håndvaske, vaskekummer og lignende artikler
- fremstilling af metalprodukter til kontorbrug, undtagen møbler
- fremstilling af pengeskabe, armerede døre mv.
- fremstilling af forskellige metalartikler:
• skibsskruer og skrueblade
• ankre
• klokker
• samlebeslag til jernbaneskinner
• spænder, bæltespænder og kroge
• metalstiger
• metalskilte, herunder vejskilte
- fremstilling af folieposer
- fremstilling af permanent metalmagneter
- fremstilling af metalbadges og militære værdighedstegn af metal
- fremstilling af metal curlere af metal, håndtag på og stel til paraplyer af metal samt kamme";;"- fremstilling af sværd, bajonetter, jf. 25.61.00
- fremstilling af indkøbsvogne, jf. 30.99.00
- fremstilling af møbler af metal, jf. 31.00.00
- fremstilling af sportsudstyr, jf. 32.30.00
- fremstilling af spil og legetøj, jf. 32.40.00"
1536;2;C;26;26;;Fremstilling af computere, elektroniske og optiske produkter;Manufacture of computer, electronic and optical products;"Denne hovedgruppe omfatter fremstilling af computere, computertilbehør, kommunikationsudstyr og lignende elektroniske produkter samt fremstilling af komponenter til sådanne produkter. Fremstillingsprocesserne i denne hovedgruppe er karakteriseret ved designet og brugen af integrerede kredsløb og anvendelsen af yderst specialiserede miniaturiseringsteknologier.

Hovedgruppen omfatter også fremstilling af elektronik til husholdninger, fx:
- måle-, test- og navigationsudstyr
- bestrålingsudstyr, elektromedicinsk udstyr og elektroterapeutisk udstyr
- optiske instrumenter og udstyr 
- magnetiske og optiske medier

Denne hovedgruppe omfatter ikke:
- fremstilling af elektriske ledere og fiberkabler, jf. hovedgruppe 27";;;
1537;3;C;26.1;261;;Fremstilling af elektroniske komponenter og plader;Manufacture of electronic components and boards;;;;
1538;4;C;26.11;2611;;Fremstilling af elektroniske komponenter;Manufacture of electronic components;Denne undergruppe omfatter fremstilling af halvledere og andre komponenter til elektronisk anvendelse.;;;
1539;5;C;26.11.00;261100;;Fremstilling af elektroniske komponenter;Manufacture of electronic components;"Branchen omfatter fremstilling af elektroniske komponenter, fx kondensatorer, elektroniske krystaller, mikroprocessorer, induktionsspoler og skærmkomponenter. 

Fremstilling af computer- og tv-skærme henvises til 26.20.00.";"- fremstilling af kondensatorer, elektronisk
- fremstilling af modstande, elektronisk
- fremstilling af mikroprocessorer
- fremstilling af elektronrør
- fremstilling af kabler, printerkabler, monitorkabler og USB-kabler
- fremstilling af blottede printplader, der kun består af lederelementer og kontakter
- fremstilling af integrerede kredsløb (analoge, digitale eller hybrid)
- fremstilling af dioder, transistorer og relaterede diskrete enheder
- fremstilling af induktionsspoler (fx drosselspoler, ruller og transformere) samt elektroniske transformerkomponenter
- fremstilling af elektroniske krystaller og krystalsammensætninger
- fremstilling af solenoider, switches og transducere til elektronisk anvendelse
- fremstilling af plader eller skiver, til integrerede kredsløb
- fremstilling af skærmkomponenter (plasma, polymer og flydende krystakskærme (LCD)
- fremstilling af lysdioder (LED)
- fremstilling af fotoelektromotoriske celler, moduler og paneler";;"- fremstilling af chipkort, jf. 18.12.00
- fremstilling af printplader bestående af lederelementer, kontakter og andre passive elementer, jf. 26.12.00
- fremstilling af computer- og tv-skærme, jf. 26.20.00 og 26.40.00
- fremstilling af modemmer (bæreudstyr), jf. 26.30.00
- fremstilling af røntgenrør og lignende bestrålingsenheder, jf. 26.60.90
- fremstilling af optisk udstyr og optiske instrumenter, jf. 26.70.00
- fremstilling af lignende enheder til elektrisk anvendelse, jf. hovedgruppe 27
- fremstilling af fluorescerende ballast, jf. 27.11.00
- fremstilling af solgeneratorer, der kan bruges direkte til strømforsyning til fx en motor eller elektrolysator, jf. 27.11.00
- fremstilling af elektriske relæer, jf. 27.12.00
- fremstilling af enheder til elektrisk ledningsmateriel, jf. 27.33.00
- fremstilling af samlede elektriske ledere, isoleret og monteret i stik, jf. 27.90.00
- fremstilling af solvandvarmere, jf. 28.21.00
- installation af solceller, jf. 43.21.00
- installation af solvarmeanlæg, jf. 43.22.00"
1540;4;C;26.12;2612;;Fremstilling af printplader o.lign.;Manufacture of loaded electronic boards;;;;
1541;5;C;26.12.00;261200;;Fremstilling af printplader o.lign.;Manufacture of loaded electronic boards;Branchen omfatter fremstilling af ladede printplader, kontakter, passive elementkomponenter på printplader samt interfacekort, fx lyd, video eller netværk ladet med passive elementer.;"- fremstilling af ladede printplader bestående af lederelementer, kontakter og andre passive elementer
- ladning af passive elementkomponenter på printplader
- fremstilling af interface-kort, fx lyd, video, controllere, netværk og modemmer, der er ladet med passive elementer";;"- fremstilling af chipkort, jf. 18.12.00
- fremstilling af nøgne printplader, der kun består af lederelementer og kontakter, jf. 26.11.00"
1542;3;C;26.2;262;;Fremstilling af computere og ydre enheder;Manufacture of computers and peripheral equipment;;;;
1543;4;C;26.20;2620;;Fremstilling af computere og ydre enheder;Manufacture of computers and peripheral equipment;"Denne undergruppe omfatter fremstilling og/eller samling af elektroniske computere, såsom mainframes, stationære computere, bærbare computere og computerservere, samt eksternt computerudstyr, såsom lagerenheder og input/output-enheder (printere, skærme, tastaturer). Computere kan være analoge, digitale eller hybrid. Digitale computere, som er den mest almindelige type, er enheder, hvor følgende er muligt:
(1) de kan lagre behandlingsprogrammet eller -programmerne og de data, der umiddelbart er nødvendige for at køre programmet, 
(2) de kan programmeres frit i henhold til brugerens krav, 
(3) de kan udføre aritmetiske beregninger, som brugeren har angivet, og 
(4) de kan køre et behandlingsprogram, uden menneskelig indblanding, som kræver, at computeren ændrer sin kørsel gennem logiske beslutninger under kørslen. Analoge computere kan simulere matematiske modeller og omfatter som minimum analoge kontrolelementer og programmeringselementer.";;;
1544;5;C;26.20.00;262000;;Fremstilling af computere og ydre enheder;Manufacture of computers and peripheral equipment;"Branchen omfatter fremstilling af computere, fx stationære og bærbare, samt computerudstyr, fx printere, skærme, mus og tastaturer, samt fremstilling af multifunktionelt kontorudstyr. 

Fremstilling af mobiltelefoner henvises til 26.30.00.";"- fremstilling af stationære computere
- fremstilling af bærbare computere
- fremstilling af mainframecomputere
- fremstilling af håndholdte computere
- fremstilling af magnetiske diskdrev, flashdrev og andre lagerenheder
- fremstilling af optiske diskdrev til computere
- fremstilling af printere
- fremstilling af skærme
- fremstilling af tastaturer
- fremstilling af alle typer af mus, joystick og trackball-tilbehør
- fremstilling af dedikerede computerterminaler
- fremstilling af computerservere
- fremstilling af scannere, herunder stregkodescannere
- fremstilling af chipkortlæsere
- fremstilling af computerprojektorer (videobeamer)
- fremstilling af tonerpatroner";"- fremstilling af computerterminaler, såsom hæveautomater og betalingsterminaler, der ikke styres mekanisk
- fremstilling af multifunktionelt kontorudstyr, der udfører to eller flere funktioner, fx udskrivning, scanning, kopiering og telefaxning
- efterfyldning af blækpatroner";"- reproduktion af indspillede medier (computermedier, -lyd, -video mv.), jf. 18.20.00
- fremstilling af elektroniske komponenter og elektroniske samlinger, der bruges i computere og udstyr, jf. 26.1
- fremstilling af computermodemmer, jf. 26.12.00
- fremstilling af interface-kort, moduler og samlinger, jf. 26.12.00
- fremstilling af printplader ladet med passive elementer, jf. 26.12.00
- fremstilling af modemmer og relateret kommunikationsudstyr, jf. 26.30.00
- fremstilling af digitale kommunikationskoblinger, datakommunikationsudstyr (fx broer, routere og gateways), jf. 26.30.00
- fremstilling af elektronik til husholdninger, fx CD-, DVD- og Blu-ray-afspillere, jf. 26.40.00
- fremstilling af tv-skærme, jf. 26.40.00
- fremstilling af videospilkonsoller, jf. 26.40.00
- fremstilling af blanke optiske og magnetiske medier til brug med computere eller andre enheder, jf. 26.70.00
- genopfyldning af blæk- og tonerpatroner af detailhandlere, jf. 47.40.00"
1545;3;C;26.3;263;;Fremstilling af kommunikationsudstyr;Manufacture of communication equipment;;;;
1546;4;C;26.30;2630;;Fremstilling af kommunikationsudstyr;Manufacture of communication equipment;Denne undergruppe omfatter fremstilling af telefon- og datakommunikationsudstyr, der bruges til at flytte signaler elektronisk via kablede netværk eller trådløse netværk, såsom radio- og tv-udsendelse og trådløs kommunikationsudstyr.;;;
1547;5;C;26.30.00;263000;;Fremstilling af kommunikationsudstyr;Manufacture of communication equipment;"Branchen omfatter fremstilling af kommunikationsudstyr, fx telefoncentraludstyr, mobiltelefoner, personsøgere og modemmer, inkl. smart-watches. 

Fremstilling af elektroniske komponenter og delkomponenter, der bruges i kommunikationsudstyr, henvises til 26.12.00.";"- fremstilling af telefoncentraludstyr
- fremstilling af trådløse telefoner
- fremstilling af udstyr til privat telefoncentral
- fremstilling af telefon- og faxudstyr, herunder telefonsvarere
- fremstilling af datakommunikationsudstyr, såsom broer, routere og gateways
- fremstilling af sende- og modtageantenner
- fremstilling af udstyr til kabel-tv
- fremstilling af personsøgere
- fremstilling af mobiltelefoner
- fremstilling af mobilkommunikationsudstyr
- fremstilling af radio- og tv-studie og udsendelsesudstyr, herunder tv-kameraer
- fremstilling af modemmer, bæreudstyr
- fremstilling af radio- og tv-sendere
- fremstilling af kommunikationsenheder, der bruger infrarøde signaler (fx fjernbetjeninger)";- fremstilling af smart-watches;"- fremstilling af elektroniske komponenter og delkomponenter, der bruges i kommunikationsudstyr, herunder i computermodemmer, jf. 26.12.00
- fremstilling af printplader ladet med passive elementer, jf. 26.12.00
- fremstilling af computere og eksternt computerudstyr, jf. 26.20.00
- fremstilling af lyd- og videoudstyr til husholdninger, jf. 26.40.00
- fremstilling af tyveri- og brandalarmer, der sender signaler til et kontrolrum, jf. 26.51.00
- fremstilling af GPS-enheder, jf. 26.51.00
- fremstilling af elektroniske resultattavler, jf. 27.90.00
- fremstilling af trafiksignaler, jf. 27.90.00"
1548;3;C;26.4;264;;Fremstilling af elektronik til husholdninger;Manufacture of consumer electronics;;;;
1549;4;C;26.40;2640;;Fremstilling af elektronik til husholdninger;Manufacture of consumer electronics;Denne undergruppe omfatter fremstilling af elektronisk lyd- og videoudstyr til hjemmeunderholdning, motorkøretøjer, højttaleranlæg og forstærkning af musikinstrumenter.;;;
1550;5;C;26.40.00;264000;;Fremstilling af elektronik til husholdninger;Manufacture of consumer electronics;"Branchen omfatter fremstilling af elektronik til husholdninger, fx tv'er, højttalersystemer, mikrofoner, karaokemaskiner, videospillekonsoller og lyd- og videoudstyr til hjemmebiografer. 

Fremstilling af fjernbetjeninger til elektronik henvises til 26.30.00.";"- fremstilling af videooptagere og duplicerende udstyr
- fremstilling af tv'er
- fremstilling af tv-skærme
- fremstilling af lydoptagere og duplicerende udstyr
- fremstilling af multimedieprojektorer, der kun eller primært er egnet til brug til transmissions- og modtageudstyr til tv-udsendelse
- fremstilling af stereoudstyr
- fremstilling af radiomodtagere
- fremstilling af højttalersystemer
- fremstilling af videokameraer til husholdninger
- fremstilling af jukeboxe
- fremstilling af forstærkere til musikinstrumenter og højttaleranlæg
- fremstilling af mikrofoner
- fremstilling af optiske medieafspillere med optiske læsesystemer
- fremstilling af karaokemaskiner
- fremstilling af hovedtelefoner, fx til radio, stereo og computer
- fremstilling af videospillekonsoller
- fremstilling af personlige lyd- og videohovedtelefoner, herunder til virtuel virkelighed (VR)
- fremstilling af lyd- og videoudstyr til hjemmebiograf";;"- reproduktion af indspillede medier (computermedier, -lyd, -video mv.), jf. 18.20.00
- fremstilling af eksterne computerenheder og computerskærme, jf. 26.20.00
- fremstilling af telefonsvarere, jf. 26.30.00
- fremstilling af personsøgere, jf. 26.30.00
- fremstilling af fjernbetjeninger (radio og infrarød), jf. 26.30.00
- fremstilling af radio- og tv-studieudstyr såsom reproduktionsudstyr, sende- og modtageantenner, videokameraer til erhvervsbrug, jf. 26.30.00
- fremstilling af antenner, jf. 26.30.00
- fremstilling af digitale kameraer, jf. 26.70.00
- fremstilling af elektroniske spil med fast software (ikke-udskiftelig), jf. 32.40.00"
1551;3;C;26.5;265;;Fremstilling af udstyr til måling og afprøvning samt ure;Manufacture of measuring testing instruments, clocks and watches;Denne gruppe omfatter fremstilling af udstyr til føling, måling, test og navigering til forskellige industrielle og ikke-industrielle formål, herunder tidsbaserede måleenheder, fx ure og relaterede enheder.;;;
1552;4;C;26.51;2651;;Fremstilling af instrumenter og udstyr til måling, afprøvning og navigation;Manufacture of instruments and appliances for measuring, testing and navigation;"Denne undergruppe omfatter fremstilling af systemer og instrumenter til fx:
- søgning, detektering, navigation og styring samt aeronautiske og nautiske systemer og instrumenter
- automatiske kontrolenheder og reguleringsudstyr til anvendelse, såsom opvarmning, aircondition, afkøling og apparater
- instrumenter og enheder til måling, visning, indikering, optagelse, transmittering og kontrol af temperatur, fugtighed, tryk, vakuum, forbrænding, flow, niveau, viskositet, densitet, surhedsgrad, koncentration og rotation
- summåler (dvs. registrering) af væske og tælleapparater
- instrumenter til måling og test af egenskaberne af elektricitet og elektriske signaler
- instrumenter og instrumenteringssystemer til laboratorieanalyse af kemiske eller fysiske sammensætninger eller koncentration af prøver på massiv, flydende eller gasholdig materiale eller kompositmateriale
- andre måle- og testinstrumenter og dele dertil

Fremstilling af ikke-elektriske måle-, test- og navigationsudstyr (undtagen simpelt mekanisk værktøj) er også omfattet.";;;
1553;5;C;26.51.00;265100;;Fremstilling af instrumenter og udstyr til måling, afprøvning og navigation;Manufacture of instruments and appliances for measuring, testing and navigation;"Branchen omfatter fremstilling af udstyr til måling, afprøvning og navigation, fx tællere, radarudstyr og løgnedetektormaskiner samt meteorologiske instrumenter. 

Fremstilling af vejningsmaskiner (bortset fra følsomme laboratorievægte), nivelleringsinstrumenter, målebånd mv. henvises til 28.29.00.";"- fremstilling af instrumenter til flymotorer
- fremstilling af udstyr til emissionstest af biler
- fremstilling af meteorologiske instrumenter
- fremstilling af udstyr til afprøvning og inspektion af fysiske egenskaber
- fremstilling af løgnedetektormaskiner
- fremstilling af instrumenter til påvisning og overvågning af stråling
- fremstilling af landmålingsinstrumenter
- fremstilling af termometre af typen med væske i glas og bimetal (undtagen til medicinsk brug)
- fremstilling af hygrostater
- fremstilling af flamme- og brænderstyringer
- fremstilling af spektrometre
- fremstilling af trykluftsmålere
- fremstilling af forbrugsmålere, fx vand, gas og elektricitet
- fremstilling af flowmålere og tælleapparater
- fremstilling af tællere
- fremstilling af minesøgere, impulsgeneratorer (signal) og metaldetektorer
- fremstilling af udstyr til søgning, påvisning og navigation samt aeronautisk og nautisk udstyr, herunder sonarbøjer
- fremstilling af radarudstyr
- fremstilling af navigationsenheder (GPS)
- fremstilling af tyveri- og brandalarmanlæg, der sender signaler til en kontrolstation
- fremstilling af miljøkontrolenheder og automatiske kontrolenheder til apparater
- fremstilling af måle- og optageudstyr, fx sorte bokse i fly
- fremstilling af bevægelsessensorer
- fremstilling af radarer
- fremstilling af instrumenter til laboratorieanalyse (fx udstyr til analyse af blod)
- fremstilling af laboratorievægte, inkubatorer og forskellige laboratorieapparater til måling og afprøvning mv.
- fremstilling af sensorer og registreringsudstyr";;"- fremstilling af telefonsvarere, jf. 26.30.00
- fremstilling af bestrålingsudstyr, jf. 26.60.90
- fremstilling af optisk positioneringsudstyr, jf. 26.70.00
- fremstilling af diktérmaskiner, jf. 28.23.00
- fremstilling af vejningsmaskiner (bortset fra følsomme laboratorievægte), nivelleringsinstrumenter og målebånd mv., jf. 28.29.00
- fremstilling af medicinske termometre, jf. 32.50.00
- installation af kontroludstyr til industriprocesser, jf. 33.20.00"
1554;4;C;26.52;2652;;Fremstilling af ure;Manufacture of watches and clocks;Denne undergruppe omfatter fremstilling af ure og tidsindstillingsmekanismer og dele deraf.;;;
1555;5;C;26.52.00;265200;;Fremstilling af ure;Manufacture of watches and clocks;Branchen omfatter fremstilling af alle typer ure, fx parkometre, tidsregistreringsudstyr og komponenter til ure, bortset fra smart-watches, som henvises til 26.30.00.;"- fremstilling af alle typer ure, herunder ure på instrumentbræt
- fremstilling af urkasser, herunder kasser af ædelmetaller
- fremstilling af tidsregistreringsudstyr og udstyr til måling, optagelse og som på anden måde viser tidsintervaller på et ur eller urværk eller med synkronmotor, fx:
• parkometre
• stempelure
• tids-/datostempel
• procestimere
- fremstilling af tidsafbrydere og andre udløsere med et ur eller urværk eller med en synkronmotor:
• tidslåse
- fremstilling af komponenter til ure, fx:
• værk af enhver art til ure
• fjedre, juveler, urskiver, visere, plader, broer og andre dele
• urkasser og kabinetter af alle materialer";;"- fremstilling af urremme, som ikke er af metal (stof, læder og plast), jf. 15.12.00
- fremstilling af smart-watches, jf. 26.30.00
- fremstilling af urremme af ædelmetal, jf. 32.12.00
- fremstilling af urremme af metal, som ikke er ædelmetal, jf. 32.13.00"
1556;3;C;26.6;266;;Fremstilling af bestrålingsudstyr og elektromedicinsk og elektroterapeutisk apparatur;Manufacture of irradiation, electromedical and electrotherapeutic equipment;;;;
1557;4;C;26.60;2660;;Fremstilling af bestrålingsudstyr og elektromedicinsk og elektroterapeutisk apparatur;Manufacture of irradiation, electromedical and electrotherapeutic equipment;;;;
1558;5;C;26.60.10;266010;;Fremstilling af høreapparater og dele hertil;Manufacture of hearing aids and parts therefor;Branchen omfatter fremstilling af høreapparater og dele hertil.;- fremstilling af høreapparater;;
1559;5;C;26.60.90;266090;;Fremstilling af bestrålingsudstyr og elektromedicinsk og elektroterapeutisk udstyr;Manufacture of irradiation equipment and electromedical and electrotherapeutic equipment;Branchen omfatter fremstilling af bestrålingsudstyr samt elektromedicinsk og elektroterapeutisk udstyr, fx udstyr til MR-billeddannelse, pacemakere, CT og Pet scannere samt medicinsk laserudstyr.;"- fremstilling af bestrålingsapparatur og -rør, fx til industrielle, medicinsk diagnostiske, medicinsk terapeutiske, forskningsmæssige og videnskabelige formål, fx:
• alfa-, beta- og gammastråler samt røntgenstråler eller andet bestrålingsudstyr
- fremstilling af CT scannere
- fremstilling af PET scannere
- fremstilling af udstyr til MR-billeddannelse (billeddannelse med magnetisk resonans)
- fremstilling af medicinsk ultralydsudstyr
- fremstilling af elektrokardiografer
- fremstilling af elektromedicinsk endoskopisk udstyr
- fremstilling af medicinsk laserudstyr
- fremstilling af respirationsapparat til kunstigt åndedræt eller apparat til respirationsterapi
- fremstilling af pacemakere";"- fremstilling af bestrålingsudstyr til fødevarer og mælk
- fremstilling af elektriske vibrationsmassageapparater";- fremstilling af solarier, jf. 27.90.00
1560;3;C;26.7;267;;Fremstilling af optiske instrumenter, magnetiske og optiske medier og fotografisk udstyr;Manufacture of optical instruments, magnetic and optical media and photographic equipment;;;;
1561;4;C;26.70;2670;;Fremstilling af optiske instrumenter, magnetiske og optiske medier og fotografisk udstyr;Manufacture of optical instruments, magnetic and optical media and photographic equipment;Denne undergruppe omfatter fremstilling af optiske instrumenter og linser såsom kikkerter, mikroskoper (undtagen elektron, proton), teleskoper, prismer og linser (undtagen til øjenbrug). Undergruppen omfatter også overfladebehandling eller polering af linser (undtagen til øjenbrug), monteringer af linser (undtagen til øjenbrug), fremstilling af fotografisk udstyr som fx kameraer og fremstilling af lysmålere.;;;
1562;5;C;26.70.00;267000;;Fremstilling af optiske instrumenter, magnetiske og optiske medier og fotografisk udstyr;Manufacture of optical instruments, magnetic and optical media and photographic equipment;"Branchen omfatter fremstilling af optiske instrumenter, magnetiske og optiske medier samt fotografisk udstyr, fx optiske spejle, linser, optiske mikroskoper, kikkerter og tomme optiske medier. 

Fremstilling af videokameraer til private henvises til 26.40.00.";"- fremstilling af optiske spejle
- fremstilling af optisk sigteudstyr til våben
- fremstilling af optisk positioneringsudstyr
- fremstilling af optiske forstørrelsesinstrumenter
- fremstilling af maskinarbejderes optiske præcisionsværktøj
- fremstilling af optiske komparatorer
- fremstilling af filmkameraer og digitalkameraer
- fremstilling af filmprojektorer og lysbilledapparater
- fremstilling af overheadprojektorer
- fremstilling af optiske enheder og instrumenter til måling og kontrol (fx brandmateriel, fotografisk lysmålere og afstandsmålere)
- fremstilling af linser, optiske mikroskoper, kikkerter og teleskoper
- fremstilling af objektiver til kameraer, projektorer eller fotografiske forstørrelsesapparater eller afsvækkere
- fremstilling af lasersamlinger
- fremstilling af tomme magnetiske lyd- og videobånd
- fremstilling af tomme optiske diske";;"- reproduktion af indspillede medier (computermedier, -lyd og -video mv.), jf. 18.20.00
- fremstilling af computerprojektorer, jf. 26.20.00
- fremstilling af tv- og videokameraer til erhvervsbrug, jf. 26.30.00
- fremstilling af videokameraer til husholdning, jf. 26.40.00
- fremstilling af brandalarmer, jf. 26.51.00
- fremstilling af komplet udstyr, der bruger laserkomponenter, jf. fremstillingsklasse efter type af maskineri (fx medicinsk laserudstyr, jf. 26.60.90)
- fremstilling af fotokopieringsmaskiner, jf. 28.23.00
- fremstilling af produkter til øjne, jf. 32.50.00"
1563;2;C;27;27;;Fremstilling af elektrisk udstyr;Manufacture of electrical equipment;"Denne hovedgruppe omfatter fremstilling af produkter, der genererer, distribuerer og bruger elektricitet. Gruppen omfatter også fremstilling af elektrisk belysning, signaludstyr og elektriske husholdningsapparater.

Denne hovedgruppe omfatter ikke:
- fremstilling af elektroniske produkter, jf. hovedgruppe 26";;;
1564;3;C;27.1;271;;Fremstilling af elektriske motorer, generatorer, transformatorer og elektriske fordelings- og kontroltavler;Manufacture of electric motors, generators, transformers and electricity distribution and control apparatus;Denne gruppe omfatter fremstilling af strøm, distribution og specialtransformatorer samt fremstilling af elmotorer, generatorer og motorgeneratorer.;;;
1565;4;C;27.11;2711;;Fremstilling af elektriske motorer, generatorer og transformatorer;Manufacture of electric motors, generators and transformers;Denne undergruppe omfatter fremstilling af alle elmotorer og transformatorer: Vekselstrøm, jævnstrøm og vekselstrøm/jævnstrøm.;;;
1566;5;C;27.11.00;271100;;Fremstilling af elektriske motorer, generatorer og transformatorer;Manufacture of electric motors, generators and transformers;Branchen omfatter fremstilling af alle typer af elektriske motorer, generatorer og transformerer, undtagen startmotorer til forbrændingsmotorer, der henvises til 29.31.00.;"- fremstilling af elmotorer, undtagen til motorkøretøjer
- fremstilling af distributionstransformere, elektrisk
- fremstilling af transformere for lysbuesvejsning
- fremstilling af ballast til udladningslamper eller -rør (dvs. transformatorer)
- fremstilling af transformerstationer til strømforsyning
- fremstilling af transmissions- og spændingsregulerende distribution
- fremstilling af vekselrettere, ensrettere og omformere
- fremstilling af elektriske lineære aktuatorer
- fremstilling af drivende generatorsæt (undtagen turbinegeneratorsæt)
- fremstilling af elgeneratorer (undtagen batteriopladningsgeneratorer til interne forbrændingsmotorer)
- fremstilling af motorgeneratorer (undtagen turbinegeneratorsæt)
- tilbagespoling af ankre på fabriksbasis
- fremstilling af solgeneratorer, der kan bruges direkte til strømforsyning, fx til en motor eller elektrolysator";;"- fremstilling af transformatorer og afbrydere som elektroniske komponenter, jf. 26.11.00
- fremstilling af fotoelektromotoriske celler, moduler og paneler, jf. 26.11.00
- fremstilling af elektrisk udstyr til svejsning og lodning, jf. 27.90.00
- fremstilling af turbinegeneratorsæt, jf. 28.11.00
- fremstilling af elmotorer til motorkøretøjer, jf. 29.10.00
- fremstilling af startmotorer og generatorer til interne forbrændingsmotorer, jf. 29.31.00"
1567;4;C;27.12;2712;;Fremstilling af elektriske fordelings- og kontrolapparater;Manufacture of electricity distribution and control apparatus;;;;
1568;5;C;27.12.00;271200;;Fremstilling af elektriske fordelings- og kontrolapparater;Manufacture of electricity distribution and control apparatus;"Branchen omfatter fremstilling af elektriske fordelings- og kontrolapparater, fx fremstilling af strømafbrydere, elektriske relæer og elektriske sikringer. 

Fremstilling af afbrydere til elektriske kredsløb, såsom trykknapper og hurtigafbrydere, henvises til 27.33.00.";"- fremstilling af strømafbrydere
- fremstilling af overspændingsbeskyttere (for distributionsspændingsniveau)
- fremstilling af styretavler til strømforsyning
- fremstilling af elektriske relæer
- fremstilling af kabelkanaler til strømtavler
- fremstilling af elektriske sikringer
- fremstilling af udstyr til effektafbrydere
- fremstilling af effektafbrydere (undtagen trykknapper, hurtigafbrydere, solenoider og vippeafbrydere)";;"- fremstilling af miljøkontroller og kontrolinstrumenter til industrielle processer, jf. 26.51.00
- fremstilling af motorgeneratorer (undtagen turbinegeneratorsæt), jf. 27.11.00
- fremstilling af afbrydere til elektriske kredsløb, såsom trykknapper og hurtigafbrydere, jf. 27.33.00"
1569;3;C;27.2;272;;Fremstilling af batterier og akkumulatorer;Manufacture of batteries and accumulators;;;;
1570;4;C;27.20;2720;;Fremstilling af batterier og akkumulatorer;Manufacture of batteries and accumulators;Denne undergruppe omfatter fremstilling af ikke-genopladelige batterier og genopladelige batterier.;;;
1571;5;C;27.20.00;272000;;Fremstilling af batterier og akkumulatorer;Manufacture of batteries and accumulators;Branchen omfatter fremstilling af alle typer af batterier og akkumulatorer, fx vådcellebatterier, tørbatterier, batterier til køretøjer og cykler samt fremstilling af lagringssystemer til batterier.;"- fremstilling af primærceller og primærbatterier
• celler, der indeholder mangandioxyd, kviksølvdioxyd, sølvoxid mv.
- fremstilling af sekundære batterier, herunder dele deraf:
• separatorer, beholdere og covere
- fremstilling af blysyrebatterier
- fremstilling af nikkel-kadmium-batterier
- fremstilling af nikkelhydrid-batterier
- fremstilling af lithiumbatterier
- fremstilling af tørbatterier
- fremstilling af vådcellebatterier
- fremstilling af batterier til køretøjer og cykler o.lign.
- fremstilling af lagringssystemer til batterier";;"- fremstilling af ladestationer til biler, jf. 27.90.00
- installation af energilagringssystemer på bygninger, jf. 43.21.00"
1572;3;C;27.3;273;;Fremstilling af ledninger og kabler og tilbehør hertil;Manufacture of wiring and wiring devices;Denne gruppe omfatter fremstilling af strømførende ledningsmateriel og ikke-strømførende ledningsmateriel til kabelføring til elektriske kredsløb i materiel. Gruppen omfatter også isolering af ledninger og fremstilling af lyslederkabler.;;;
1573;4;C;27.31;2731;;Fremstilling af lyslederkabler;Manufacture of fibre optic cables;;;;
1574;5;C;27.31.00;273100;;Fremstilling af lyslederkabler;Manufacture of fibre optic cables;Branchen omfatter fremstilling af lyslederkabler til datatransmission eller direkte transmission af billeder.;- fremstilling af lyslederkabler til datatransmission eller direkte transmission af billeder, uanset om de er monteret i stik eller ej;;"- fremstilling af glasfibre eller -tråde, jf. 23.14.00
- fremstilling af stik til lyslederkabler, bundter og kabler af optiske fibre, jf. 27.33.00
- installation af lyselederkabler og andre kabler i bygninger, jf. 43.21.00"
1575;4;C;27.32;2732;;Fremstilling af andre elektroniske og elektriske ledninger og kabler;Manufacture of other electronic and electric wires and cables;;;;
1576;5;C;27.32.00;273200;;Fremstilling af andre elektroniske og elektriske ledninger og kabler;Manufacture of other electronic and electric wires and cables;"Branchen omfatter fremstilling af isolerede ledninger og kabler af stål, kobber eller aluminium. 

Fremstilling af elledninger med isolering og stik henvises til 27.90.00.";- fremstilling af isolerede ledninger og kabler, lavet af stål, kobber og aluminium;;"- fremstilling (trækning) af tråde, jf. 24.34.00, 24.41.00, 24.42.00, 24.43.00, 24.44.00 og 24.45.00
- fremstilling af elledninger med isolering og stik, jf. 27.90.00
- fremstilling af kabelsæt, ledningsnet og lignende kabelsæt eller samlinger til biler, jf. 29.31.00"
1577;4;C;27.33;2733;;Fremstilling af tilbehør til ledninger og kabler;Manufacture of wiring devices;Denne undergruppe omfatter fremstilling af strømførende og ikke-strømførende ledningsmateriel til elektriske kredsløb, uanset hvad materialet er.;;;
1578;5;C;27.33.00;273300;;Fremstilling af tilbehør til ledninger og kabler;Manufacture of wiring devices;"Branchen omfatter fremstilling af tilbehør til ledninger og kabler, fx HFI-relæer, lampefatninger, stikpropper, stik, fatninger og forsyningsmaster. 

Fremstilling af stik, fatninger og afbrydere som elektroniske komponenter henvises til 26.11.00.";"- fremstilling af samleskinner, elektriske ledere (undtagen koblingsudstyr)
- fremstilling af HFI-relæ (jordfejlsafbryder)
- fremstilling af lampefatninger
- fremstilling af overspændingsafleder og spoler
- fremstilling af afbrydere til elektrisk ledningsmateriel (fx tryk, trykknap, hurtigafbrydere og vippeafbryder)
- fremstilling af stikpropper eller fatninger
- fremstilling af kasser til elektrisk ledningsmateriel (fx samledåser, forgreningsdåser og afbryderdåser)
- fremstilling af elledninger og udstyr
- fremstilling af forsyningsmaster og ledningshardware
- fremstilling af ikke-strømførende ledningsmateriel af plast, herunder samledåser af plast, planskiver og lignende samt plastikudstyr til trådmast og dækplade for afbryder";;- fremstilling af isolatorer af keramik, jf. 23.43.00
1579;3;C;27.4;274;;Fremstilling af belysningsartikler;Manufacture of lighting equipment;;;;
1580;4;C;27.40;2740;;Fremstilling af belysningsartikler;Manufacture of lighting equipment;Denne undergruppe omfatter fremstilling af elpærer og rør samt dele og komponenter deraf (undtagen glasemner til elektriske pærer), elektrisk belysning og andre armaturer og komponenter til belysningsarmaturer (undtagen strømførende ledningsmateriel).;;;
1581;5;C;27.40.00;274000;;Fremstilling af belysningsartikler;Manufacture of lighting equipment;Branchen omfatter fremstilling af belysningsartikler, fx lofts- eller vægbelysning, bord- eller standerlamper samt belysningsartikler, såsom elektriske pejse, lommelygter og belysningsartikler til transportudstyr.;"- fremstilling af lamper, fatninger og pærer, fx udladnings-, gløde-, lysstofs- og LED-lamper samt ultraviolette og infrarøde lamper
- fremstilling af lofts- eller vægbelysning, fx lysekroner
- fremstilling af bord- eller standerlamper (dvs. armaturer)
- fremstilling af lyskæder
- fremstilling af elektriske pejse
- fremstilling af lommelygter
- fremstilling af elektriske insektlamper
- fremstilling af lanterner (fx karbid, elektrisk, gas, benzin og petroleum)
- fremstilling af spotlights
- fremstilling af armaturer til gadebelysning (undtagen trafiksignaler)
- fremstilling af belysningsartikler til transportudstyr (fx motorkøretøjer, luftfartøjer og både)
- fremstilling af belysningsartikler med solpaneler";;"- fremstilling af glasvarer og glasdele til belysningsarmaturer, jf. 23.15.00
- fremstilling af lysemitterende dioder, jf. 26.11.00
- fremstilling af strømførende og ikke-strømførende ledningsmateriel til belysningsarmaturer, jf. 27.33.00
- fremstilling af lofts- eller badeværelsesventilatorer med belysningsarmaturer, jf. 27.51.00
- fremstilling af elektrisk signaludstyr, fx trafiksignaler og signaludstyr til fodgængere, jf. 27.90.00
- fremstilling af elektriske skilte, jf. 27.90.00"
1582;3;C;27.5;275;;Fremstilling af husholdningsapparater;Manufacture of domestic appliances;Denne gruppe omfatter fremstilling af små elektriske apparater og elektriske husholdningsapparater, ventilatorer til husholdning, støvsugere til husholdning, elektriske husholdningsmaskiner til pleje af gulve, kogeapparater til husholdning, vaskemaskiner og tørretumblere til husholdning, køleskabe til husholdning, fryseskabe og kummefrysere samt andre elektriske og ikke-elektriske husholdningsapparater, såsom opvaskemaskiner, vandvarmere og affaldshåndteringsudstyr. Gruppen omfatter også fremstilling af apparater med el, gas eller andre brændstofskilder.;;;
1583;4;C;27.51;2751;;Fremstilling af elektriske husholdningsapparater;Manufacture of electric domestic appliances;;;;
1584;5;C;27.51.00;275100;;Fremstilling af elektriske husholdningsapparater;Manufacture of electric domestic appliances;Branchen omfatter elektriske husholdningsapparater, fx køleskabe, støvsugere, opvaskemaskiner, vandvarmere, dåseåbnere og føntørrere.;"- fremstilling af elektriske husholdningsapparater:
• køleskabe
• frysere
• opvaskemaskiner
• vaskemaskiner og tørretumblere
• støvsugere
• polermaskiner til gulve
• affaldskværne
• kværne, blendere og saftpressere
• dåseåbnere
• elektriske barbermaskiner, eltandbørster og andre elektriske apparater til personlig pleje
• knivslibere
• ventilations- eller genveksanlæg
- fremstilling af elektrotermiske husholdningsapparater:
• elektriske vandvarmere
• varmetæpper
• hårtørrere, inkl. kamme, børster, curlere, glattejern mv.
• elektriske strygejern
• varmeovne og husholdningsventilatorer, transportable
• elovne
• mikrobølgeovne
• komfurer og kogeplader
• brødristere
• elgrill
• kaffemaskiner eller elkedler
• pander, ristere, grill og emhætter
• elektriske varmemodstande mv.
• ventilatorer, fx bord-, gulv-, væg-, vindues-, lofts- eller tagventilatorer";;"- fremstilling af ikke-elektriske varmeovne, jf. 27.52.00
- fremstilling af erhvervsmæssige og industrielle køleskabe og frysere, airconditionanlæg til rum, loftsventilation, permanent monterede varmeovne, erhvervsmæssige ventilatorer og udsugningsventilatorer, erhvervsmæssigt madlavningsudstyr; erhvervsmæssige vaskemaskiner og tørretumblere samt udstyr til kemisk rensning og presning; erhvervsmæssige, industrielle og institutionelle støvsugere, jf. hovedgruppe 28
- fremstilling af permanent monterede centralvarmeanlæg, jf. 28.21.00
- fremstilling af symaskiner til husholdning, jf. 28.94.00
- installation af centralstøvsugere, jf. 43.24.00"
1585;4;C;27.52;2752;;Fremstilling af ikke-elektriske husholdningsapparater;Manufacture of non-electric domestic appliances;;;;
1586;5;C;27.52.00;275200;;Fremstilling af ikke-elektriske husholdningsapparater;Manufacture of non-electric domestic appliances;Branchen omfatter fremstilling af ikke-elektriske husholdningsapparater, fx ikke-elektriske varmeovne, kogeapparater og grill.;"- fremstilling af ikke-elektriske madlavnings- og varmeudstyr til husholdning:
• ikke-elektriske varmeovne, komfurer, kaminer, kogeplader, vandvarmere, kogeapparater, tallerkenvarmere og grill";;- fremstilling af solvandvarmere, jf. 28.21.00
1587;3;C;27.9;279;;Fremstilling af andet elektrisk udstyr;Manufacture of other electrical equipment;;;;
1588;4;C;27.90;2790;;Fremstilling af andet elektrisk udstyr;Manufacture of other electrical equipment;Denne undergruppe omfatter fremstilling af forskelligt elektrisk udstyr undtagen motorer, generatorer og transformatorer, batterier og akkumulatorer, ledninger og ledningsmateriel, belysningsartikler eller husholdningsapparater.;;;
1589;5;C;27.90.00;279000;;Fremstilling af andet elektrisk udstyr;Manufacture of other electrical equipment;Branchen omfatter fremstilling af andet elektrisk udstyr, fx batteriopladere, ringklokker, sirener, elektriske skilte, solarier og maskiner til ultralydsrensning og opladere til motorkøretøjer.;"- fremstilling af batteriopladere, halvledere
- fremstilling af elektriske enheder til døråbning og -lukning
- fremstilling af ringklokker
- fremstilling af forlængerledninger lavet af købt isoleret ledning
- fremstilling af maskiner til ultralydsrensning (undtagen laboratorium og dental)
- fremstilling af solarier
- fremstilling af brændselsceller, regulerede og ikke-regulerede strømforsyninger
- fremstilling af nødstrømsforsyninger
- fremstilling af overspændingsbeskyttere (undtagen distributionsspændingsniveau)
- fremstilling af ledninger til apparater, forlængerledninger og andet ledningsmateriel med isoleret ledning og stik
- fremstilling af kul- og grafitelektroder, kontakter og andre elektriske kul- og grafitprodukter
- fremstilling af partikelacceleratorer
- fremstilling af elektriske kondensatorer, modstande og lignende komponenter
- fremstilling af elektromagneter
- fremstilling af sirener
- fremstilling af elektroniske resultattavler
- fremstilling af elektriske skilte
- fremstilling af elektrisk signaludstyr, såsom trafiksignaler og signaludstyr til fodgængere
- fremstilling af elektriske isolatorer (undtagen glas eller porcelæn)
- fremstilling af elektrisk udstyr til svejsning og lodning, herunder håndholdte lodningskolber
- fremstilling af galvaniseringsmaskiner
- fremstilling af opladere til motorkøretøjer
- fremstilling af samlede kabler med stik
- fremstilling af ladestationer til biler";;"- fremstilling af elektriske isolatorer af glas, jf. 23.15.00
- fremstilling af elektriske isolatorer af porcelæn, jf. 23.43.00
- fremstilling af fibre og produkter af kulstof og grafit (undtagen elektroder og elektriske anordninger), jf. 23.99.90
- fremstilling af elektroniske komponentensrettere, spændingsregulerede integrerede kredsløb, strømomformende integrerede kredsløb, elektroniske kondensatorer, elektroniske modstande og lignende enheder, jf. 26.11.00
- fremstilling af fotoelektromotoriske celler, moduler og paneler, jf. 26.11.00
- fremstilling af transformatorer, motorer, generatorer, koblinger, relæer og industrikontrolapparater, jf. 27.1
- fremstilling af batterier, jf. 27.20.00
- fremstilling af kommunikations- og energiledninger, strømførende og ikke-strømførende ledningsmateriel, jf. 27.3
- fremstilling af belysningsartikler, jf. 27.40.00
- fremstilling af husholdningsapparater, jf. 27.5
- fremstilling af ikke-elektrisk udstyr til svejsning og lodning, jf. 28.29.00
- fremstilling af elektrisk udstyr til motorkøretøjer såsom generatorer, vekselstrømsgeneratorer, tændrør, tændingsledningsnet, elektriske rude- og dørsystemer, spændingsregulatorer, jf. 29.31.00
- fremstilling af moduler til vekselrettere og brændselsceller til biler, jf. 29.31.00"
1590;2;C;28;28;;Fremstilling af maskiner og udstyr i.a.n.;Manufacture of machinery and equipment n.e.c.;"Denne hovedgruppe omfatter fremstilling af maskiner og udstyr, der fungerer uafhængigt på materialer enten mekanisk eller termisk eller udfører handlinger på materialer (såsom håndtering, sprøjtebehandling, vejning eller emballering), herunder deres mekaniske komponenter, som producerer eller anvender kraft, samt alle specialfremstillede primære dele. Hovedgruppen omfatter fremstilling af faste, mobile eller håndholdte enheder, uanset om de er designet til driftsteknik, byggearbejder og anlægsarbejder, landbrug eller husholdningsbrug. Fremstilling af specialudstyr til passager- eller godstransport inden for afgrænsede områder hører også under denne hovedgruppe.

Her skelnes mellem fremstilling af maskiner til specielle formål, dvs. maskiner, der udelukkende anvendes i en enkelt økonomisk aktivitet (NACE), eller en mindre klynge af aktiviteter (NACE), og maskiner til generelle formål, dvs. maskiner, der bruges mange forskellige økonomiske aktiviteter (NACE).

Denne hovedgruppe omfatter også fremstilling af maskiner til specielle formål, som ikke er dækket andetsteds i klassifikationen, uanset om de bruges i en fremstillingsproces, som fx forlystelser til markedspladser, automatisk udstyr til bowlingbaner mv.

Denne hovedgruppe omfatter ikke:
- fremstilling af metalprodukter til generel brug, jf. hovedgruppe 25
- fremstilling af kontrolapparater, computerudstyr, måle- og testudstyr, apparater til energifordeling og -styring, jf. hovedgruppe 26 og 27
- fremstilling af motorkøretøjer til generelle formål, jf. hovedgruppe 29";;;
1591;3;C;28.1;281;;Fremstilling af maskiner til generelle formål;Manufacture of general-purpose machinery;;;;
1592;4;C;28.11;2811;;Fremstilling af motorer og turbiner, undtagen motorer til flyvemaskiner, motorkøretøjer og knallerter;Manufacture of engines and turbines, except aircraft, vehicle and cycle engines;;;;
1593;5;C;28.11.00;281100;;Fremstilling af motorer og turbiner, undtagen motorer til flyvemaskiner, motorkøretøjer og knallerter;Manufacture of engines and turbines, except aircraft, vehicle and cycle engines;"Branchen omfatter fremstilling af motorer og turbiner, fx skibsmotorer, jernbanemotorer og forskellige former for turbiner, undtagen motorer til flyvemaskiner, motorkøretøjer og knallerter. Fremstilling af vindmøller med evt. tilhørende opførelse er også omfattet. Fabrikseftersyn af skibs- og bådmotorer er desuden også omfattet.

Reparation og vedligeholdelse af maskin- og motordele på vindmøller henvises til 33.12.00. Installation af turbiner henvises til 33.20.00. Opførelse af solcelle- og vindmølleparker samt enkeltstående vindmøller, herunder reparation af disse, henvises til 42.22.00. ";"- fremstilling af stempelforbrændingsmotorer, undtagen til motorkøretøjer, flyvemaskiner og knallerter:
• skibsmotorer
• jernbanemotorer
- fremstilling af dele, der udelukkende eller primært er beregnet til brug med interne forbrændingsmotorer, fx stempler, stempelringe, karburatorer mv., undtagen til motorkøretøjer
- fremstilling af indsugnings- og udstødningsventiler i interne forbrændingsmotorer
- fremstilling af turbiner og dele deraf
• dampturbiner og andre former for dampturbiner
• vandturbiner, vandhjul og reguleringsudstyr dertil
• vindturbiner og -møller
• gasturbiner, undtagen turbojetmotorer eller propelturbiner til fremdrift af luftfartøjer
- fremstilling af kedelturbinesæt
- fremstilling af turbinegeneratorsæt bestående af en turbine og en generator, der er monteret sammen
- fremstilling af motorer til industriel anvendelse
- fabrikseftersyn af skibs- og bådmotorer";- fremstilling af vindmøller med evt. tilhørende opførelse;"- fremstilling af elgeneratorer (undtagen turbinegeneratorsæt), jf. 27.11.00
- fremstilling af drivmiddelgeneratorsæt (undtagen turbinegeneratorsæt), jf. 27.11.00
- fremstilling af dele af forbrændingsmotorer til motorkøretøjer, jf. 29.10.00
- fremstilling af elektrisk udstyr og komponenter til stempelforbrændingsmotorer til motorkøretøjer, jf. 29.31.00
- fremstilling af stempler, stempelringe og karburatorer til motorkøretøjer, jf. 29.32.00
- fremstilling af stempelforbrændingsmotorer til luftfartøjer, jf. 30.31.00
- fremstilling af flymotorer, turbojetmotorer og propelturbiner, jf. 30.31.00 og 30.32.00
- fremstilling af trækkraftmotorer til motorcykler, jf. 30.91.00
- fundering, samling og elektronisk installation af vindmøller, jf. hovedgruppe 42
- fremstilling af stempler, stempelringe og karburatorer til motorcykler, jf. 30.91.00
- reparation og vedligeholdelse af maskin- og motordele, jf. 33.12.00
- installation af turbiner, jf. 33.20.00
- opførelse af solcelle- og vindmølleparker samt enkeltstående vindmøller, herunder reparation af disse, jf. 42.22.00"
1594;4;C;28.12;2812;;Fremstilling af hydraulisk udstyr;Manufacture of fluid power equipment;;;;
1595;5;C;28.12.00;281200;;Fremstilling af hydraulisk udstyr;Manufacture of fluid power equipment;Branchen omfatter fremstilling af hydraulisk udstyr, fx hydrauliske og pneumatiske pumper, motorer, systemer og transmissionsudstyr.;"- fremstilling af hydrauliske og pneumatiske elmotorer, cylindre og ventiler
- fremstilling af hydrauliske systemer
- fremstilling af hydraulisk transmissionsudstyr
- fremstilling af hydrostatisk transmissionsudstyr";;"- fremstilling af hydrauliske eller pneumatiske rør, ledninger og slanger af gummi, jf. 22.12.00
- fremstilling af hydrauliske eller pneumatiske rør, ledninger og slanger af plast, jf. 22.21.00
- fremstilling af kompressorer, jf. 28.13.00
- fremstilling af pumper undtagen hydrauliske pumper, jf. 28.13.00
- fremstilling af ventiler til elanvendelse uden væske, jf. 28.14.00
- fremstilling af mekanisk energitransmissionsudstyr, jf. 28.15.00"
1596;4;C;28.13;2813;;Fremstilling af andre pumper og kompressorer;Manufacture of other pumps and compressors;;;;
1597;5;C;28.13.00;281300;;Fremstilling af andre pumper og kompressorer;Manufacture of other pumps and compressors;Branchen omfatter fremstilling af luft-eller vakuumpumper, pumper til væsker, brændstofpumper til motorkøretøjer mv.;"- fremstilling af luft- eller vakuumpumper, luftkompressorer eller andre gaskompressorer
- fremstilling af pumper til væsker, uanset om de er monteret med måleudstyr eller ej
- fremstilling af pumper til interne forbrændingsmotorer, fx olie-, vand- og brændstofpumper til motorkøretøjer mv.";- fremstilling af håndpumper;- fremstilling af hydrauliske og pneumatiske pumper, jf. 28.12.00
1598;4;C;28.14;2814;;Fremstilling af andre haner og ventiler;Manufacture of other taps and valves;;;;
1599;5;C;28.14.00;281400;;Fremstilling af andre haner og ventiler;Manufacture of other taps and valves;"Branchen omfatter fremstilling af andre haner og ventiler, fx til sanitetsarmaturer og centralvarmeradiatorer. 

Fremstilling af ventiler til uhærdet vulkaniseret gummi, glas eller af keramiske materialer henvises til 22.12.00, 23.15.00 eller 23.44.00.";"- fremstilling af industrihaner og -ventiler, herunder reguleringsventiler og indtagshaner
- fremstilling af haner og ventiler til sanitetsarmaturer
- fremstilling af centralvarmeradiatorer, haner og -ventiler";;"- fremstilling af ventiler af uhærdet vulkaniseret gummi, glas eller af keramiske materialer, jf. 22.12.00, 23.15.00 eller 23.44.00
- fremstilling af indsugnings- og udstødningsventiler i interne forbrændingsmotorer, jf. 28.11.00
- fremstilling af ventiler til hydraulisk eller pneumatisk transmission samt udstyr til forberedelse til luften til brug i pneumatiske systemer, jf. 28.12.00"
1600;4;C;28.15;2815;;Fremstilling af lejer, tandhjul, tandhjulsudvekslinger og drivelementer;Manufacture of bearings, gears, gearing and driving elements;;;;
1601;5;C;28.15.00;281500;;Fremstilling af lejer, tandhjul, tandhjulsudvekslinger og drivelementer;Manufacture of bearings, gears, gearing and driving elements;"Branchen omfatter fremstilling af kugle- og rullelejer, gear, gearkasser og koblinger samt mekanisk krafttransmissionsudstyr. 

Fremstilling af koblinger til motorkøretøjer henvises til 29.31.00.";"- fremstilling af kugle- og rullelejer og dele deraf
- fremstilling af mekanisk krafttransmissionsudstyr, fx:
• transmissionsaksler, herunder kamaksler, krumtapaksler og krumtapper
• lejehuse og glatte aksellejer
- fremstilling af gear, gearing og gearkasser og andre variatorer
- fremstilling af koblinger og akselkoblinger
- fremstilling af svinghjul og aflederskiver
- fremstilling af ledkæder
- fremstilling af kraftoverføringskæder";;"- fremstilling af andre kæder, jf. 25.93.00
- fremstilling af hydraulisk transmissionsudstyr, jf. 28.12.00
- fremstilling af hydrostatisk transmissionsudstyr, jf. 28.12.00
- fremstilling af koblinger til motorkøretøjer, jf. 29.31.00
- fremstilling af gear, gearkasser og dele deraf til motorkøretøjer, jf. 29.32.00
- fremstilling af delkomponenter til el-transmissionsudstyr, helt eller primært til brug motorkøretøjer eller luftfartøjer, jf. hovedgruppe 29 og 30"
1602;3;C;28.2;282;;Fremstilling af andre maskiner til generelle formål;Manufacture of other general-purpose machinery;;;;
1603;4;C;28.21;2821;;Fremstilling af ovne, ildsteder og fyringsaggregater til boligopvarmning;Manufacture of ovens, furnaces and permanent household heating equipment;;;;
1604;5;C;28.21.00;282100;;Fremstilling af ovne, ildsteder og fyringsaggregater til boligopvarmning;Manufacture of ovens, furnaces and permanent household heating equipment;"Branchen omfatter fremstilling af elektriske og andre industri- og laboratorieovne samt køle- og ventilationsudstyr til husholdninger, herunder ikke-reversible varmepumper. Fremstilling af mekaniske stokere, kaminer og askeudledere er også omfattet. 

Fremstilling af elovne til husholdningsbrug henvises til 27.51.00.";"- fremstilling af elektriske og andre industri- og laboratorieovne, herunder forbrændingsovne
- fremstilling af fyringsaggregater
- fremstilling af centralvarmekedler, solvandvarmere og lignende udstyr
- fremstilling af køle- og ventilationsudstyr til husholdning";"- fremstilling af mekaniske stokere, kaminer, askeudledere mv.
- fremstilling af generelle ikke-reversible varmepumper (arbejder i én retning), hovedsageligt til rumopvarmning eller varmt brugsvandsforsyning";"- fremstilling af elovne til husholdningsbrug, jf. 27.51.00
- fremstilling af bord-, gulv-, væg-, vindues-, lofts- eller tagventilatorer, jf. 27.51.00
- fremstilling af tørreanlæg til landbrugsprodukter, jf. 28.93.00
- fremstilling af industriovne til bagerier, jf. 28.93.00
- fremstilling af tørreanlæg til træ, papirmasse, papir eller pap, jf. 28.99.00
- fremstilling af medicinske, kirurgiske eller laboratorieautoklaver, jf. 32.50.00
- fremstilling af (dentale) laboratorieovne, jf. 32.50.00"
1605;4;C;28.22;2822;;Fremstilling af løfte- og håndteringsudstyr;Manufacture of lifting and handling equipment;;;;
1606;5;C;28.22.00;282200;;Fremstilling af løfte- og håndteringsudstyr;Manufacture of lifting and handling equipment;"Branchen omfatter fremstilling af løfte-og håndteringsudstyr, fx taljer, hejseværk, kraner, trucks, transportbånd, tovbaner, elevatorer og rulletrapper.

Fremstilling af mekaniske skovle og udgravnings- eller læssemaskiner henvises til 28.92.00.";"- fremstilling af manuelt betjente eller motordrevne apparater til flytning, lastning eller losning, fx:
• taljer og bloktaljer, spil, kapstaner og bøsninger
• lastebomme, kraner, mobil portalkran og portaltruck
• motordrevne trucks til løftning, flytning eller håndtering af gods, uanset om løfteudstyr er monteret, og uanset om de er selvkørende, håndbetjente eller ej, herunder trillebøre, fx til brug på fabrikker eller i pakhuse
• mekaniske manipulatorer og industrirobotter, der er specialdesignet til løftning, flytning og lastning eller losning
• fremstilling af ubemandede gaffeltrucks og robotgaffeltrucks samt palletrucks/palleløftere
- fremstilling af transportbånd, tovbaner mv.
- fremstilling af elevatorer, rulletrapper og rullende fortove
- fremstilling af dele egnet til brug i udstyr til løftning eller flytning";- fremstilling af automatiske apparater til løftning og flytning til pakhuse;"- fremstilling af maskineri til vertikalt landbrug, jf. 28.30.00
- fremstilling af stedsegående elevatorer og transportbånd til underjordisk brug, jf. 28.92.00
- fremstilling af mekaniske skovle, udgravnings- eller læssemaskiner, jf. 28.92.00
- fremstilling af industrirobotter til blandet brug, jf. 28.99.00
- fremstilling af kranvogne, flydekraner, jernbanekraner, jf. 29.10.00, 30.11.00 og 30.20.00
- installation af lifte og elevatorer, jf. 43.24.00"
1607;4;C;28.23;2823;;Fremstilling af kontormaskiner og -udstyr, undtagen computere og ydre enheder;Manufacture of office machinery and equipment, except computers and peripheral equipment;;;;
1608;5;C;28.23.00;282300;;Fremstilling af kontormaskiner og -udstyr, undtagen computere og ydre enheder;Manufacture of office machinery and equipment, except computers and peripheral equipment;"Branchen omfatter fremstilling af kontormaskiner og -apparater, fx kasseapparater, lommeregnere, blyantspidsemaskiner, tapedispensere, tavler, whiteboards og diktermaskiner. 

Fremstilling af blyantspidsere henvises til 25.61.00.";"- fremstilling af regnemaskiner
- fremstilling af kasseapparater
- fremstilling af lommeregnere
- fremstilling af frankeringsmaskiner og posthåndteringsmaskiner (udstyr til pakning, lukning af og påførelse af adresser på konvolutter samt udstyr til åbning, sortering og scanning)
- fremstilling af skrivemaskiner og stenografimaskiner
- fremstilling af kontorindbindingsudstyr (dvs. plast- eller tapeindbinding)
- fremstilling af møntsorterings-, mønttælle- og møntpakkemaskiner
- fremstilling af blyantspidsemaskiner
- fremstilling af hæftemaskiner
- fremstilling af stemmeautomater
- fremstilling af tapedispensere
- fremstilling af hulleapparater
- fremstilling af fotokopieringsmaskiner
- fremstilling af tavler, whiteboards og whiteboards med skrive eller tegneoverflader
- fremstilling af diktermaskiner";;"- fremstilling af blyantspidsere, jf. 25.61.00
- fremstilling af computere og eksternt udstyr, jf. 26.20.00"
1609;4;C;28.24;2824;;Fremstilling af motordrevet håndværktøj;Manufacture of power-driven hand tools;;;;
1610;5;C;28.24.00;282400;;Fremstilling af motordrevet håndværktøj;Manufacture of power-driven hand tools;Branchen omfatter fremstilling af motordrevet håndværktøj, fx kædesave, slibemaskiner, sakse, klippeværktøj og boremaskiner.;"- fremstilling af håndværktøj, uafhængigt elektrisk eller ikke-elektrisk drivsystem eller pneumatisk drivsystem, såsom:
• rundsave eller frem- og tilbagegående save
• kædesave
• bor og borehammere
• manuelt betjente elslibemaskiner
• pneumatiske sømmaskiner
• polermaskiner
• overfræsere
• kværne
• hæftemaskiner
• pneumatiske nittehammere
• høvlemaskiner
• sakse og klippeværktøj
• slagnøgler
• boltepistoler";;"- fremstilling af håndværktøj og udskiftelige dele til pneumatisk værktøj og maskinværktøj, jf. 25.63.00
- fremstilling af elektriske manuelt betjente maskiner og apparater til lodning og svejsning, jf. 27.90.00"
1611;4;C;28.25;2825;;Fremstilling af klimaanlæg, ikke til husholdningsbrug;Manufacture of non-domestic air conditioning equipment;;;;
1612;5;C;28.25.00;282500;;Fremstilling af klimaanlæg, ikke til husholdningsbrug;Manufacture of non-domestic air conditioning equipment;Branchen omfatter fremstilling af klimaanlæg, fx køle- og fryseudstyr samt airconditionanlæg, der ikke er til husholdningsbrug eller motorkøretøjer.;"- fremstilling af køle- og fryseudstyr, som ikke er til husholdning
- fremstilling af airconditionanlæg, undtagen til motorkøretøjer
- fremstilling af ventilatorer, som ikke er til husholdning
- fremstilling af varmevekslere
- fremstilling af maskineri til fremstilling af flydende luft eller gas
- fremstilling af loftsventilationsblæser, fx gavlblæsere og tagventilatorer
- fremstilling af fordampere og kondensatorer til industrikøleskabe";- fremstilling af reversible varmepumper, der har en motoriseret ventilator og anordninger til ændring af både lufttemperatur og fugtighed;"- fremstilling af køle- eller fryseudstyr til husholdning, jf. 27.51.00
- fremstilling af husholdningsblæsere, jf. 27.51.00
- fremstilling af køleanlæg til husholdning, jf. 28.21.00
- fremstilling af airconditionanlæg til motorkøretøjer, jf. 29.32.00"
1613;4;C;28.29;2829;;Fremstilling af andre maskiner til generelle formål i.a.n.;Manufacture of other general-purpose machinery n.e.c.;;;;
1614;5;C;28.29.00;282900;;Fremstilling af andre maskiner til generelle formål i.a.n.;Manufacture of other general-purpose machinery n.e.c.;Branchen omfatter fremstilling af en bred vifte af maskiner, fx vægte, målebånd og ikke-optiske præcisionsværktøjer (til maskinarbejde), emballeringsmaskiner, salgsautomater, valsemaskiner (dog ikke til glas eller metal) og destillationsanlæg.;"- fremstilling af vægte (undtagen følsomme laboratorievægte), herunder vægtdrevne tælle- eller kontrolmaskiner, fx husholdnings- og butiksvægte, platformsvægte, vægte til kontinuerlig vejning, brovægte og vejemaskiner
- fremstilling af filtrerings- eller rensningsmaskiner og -apparater til væske, fx til olie, brændstof mv.
- fremstilling af udstyr til projicering, spredning eller sprøjtning af væsker eller pulvere:
• sprøjtepistoler, brandslukkere, sandblæsere, maskiner til damprengøring mv.
- fremstilling af emballerings- og pakkemaskiner:
• maskiner til fyldning, lukning, forsegling, forsyning med kapsel eller mærkater mv.
- fremstilling af rengøringsmaskiner (herunder opvaskemaskiner), som ikke er til husholdningsbrug
- fremstilling af maskiner til rengøring eller tørring af flasker og til drikkevarer med brus
- fremstilling af destillations- eller korrigeringsanlæg til olieraffinaderier, kemiske industrier, drikkevareindustrier mv.
- fremstilling af gasgeneratorer
- fremstilling af kalandere eller andre valsemaskiner og cylindre dertil (undtagen til metal og glas)
- fremstilling af centrifuger, herunder tørrecentrifuger (undtagen mælkecentrifuger, tørretumblere og centrifuger anvendt i laboratorier)
- fremstilling af pakninger og lignende samlinger af metalplader kombineret med andre materialer eller af to eller flere lag metal
- fremstilling af salgsautomater
- fremstilling af vaterpas, målebånd og lignende håndværktøj, maskinarbejderes præcisionsværktøj (undtagen optiske)
- fremstilling af ikke-elektrisk maskineri og udstyr til svejsning og lodning
- fremstilling af køletårne og lignende til indvendig køling ved hjælp af recirkuleret vand";;"- fremstilling af pakninger af vulkaniseret gummi, jf. 22.12.00
- fremstilling af følsomme vægte (til laboratorier), jf. 26.51.00
- fremstilling af køle- eller fryseudstyr til husholdning, jf. 27.51.00
- fremstilling af husholdningsblæsere, jf. 27.51.00
- fremstilling af elektrisk udstyr til svejsning og lodning, jf. 27.90.00
- fremstilling af sprøjteapparater til landbrug eller gartneri, jf. 28.30.00
- fremstilling af valsemaskiner til metal eller glas og cylindre dertil, jf. 28.91.00 og 28.99.00
- fremstilling af tørreanlæg til landbrugsprodukter, jf. 28.93.00
- fremstilling af maskineri til filtrering eller rengøring af fødevarer og drikkevarer, jf. 28.93.00
- fremstilling af mælkecentrifuger, jf. 28.93.00
- fremstilling af tørretumblere til erhvervsbrug, jf. 28.94.00
- fremstilling af trykkemaskiner til trykning på tekstilmaterialer, jf. 28.94.00
- fremstilling af centrifuger, som bruges i laboratorier, jf. 32.50.00"
1615;3;C;28.3;283;;Fremstilling af landbrugs- og skovbrugsmaskiner;Manufacture of agricultural and forestry machinery;;;;
1616;4;C;28.30;2830;;Fremstilling af landbrugs- og skovbrugsmaskiner;Manufacture of agricultural and forestry machinery;;;;
1617;5;C;28.30.00;283000;;Fremstilling af landbrugs- og skovbrugsmaskiner;Manufacture of agricultural and forestry machinery;Branchen omfatter fremstilling af maskiner til land- og skovbrug, fx traktorer, plove, gødningsspredere, malkemaskiner, tærskeværk og maskiner til fjerkræavl, biavl og sortering af æg.;"- fremstilling af landbrugs- og skovbrugstraktorer
- fremstilling af bæltetraktorer
- fremstilling af enakslede traktorer (uden førerplads)
- fremstilling af plæneklippere, herunder græsslåmaskiner
- fremstilling af selvlæssende eller selvaflæssende vogne eller sættevogne til landbrug
- fremstilling af landbrugsmaskiner til jordforberedelse eller -dyrkning, fx:
• plove, harver, møgspredere, såmaskiner og gødningsspredere mv.
- fremstilling af høst- eller tærskemaskiner, fx:
• mejetærskere, tærskeværk og sorteringsmaskiner mv.
- fremstilling af malkemaskiner
- fremstilling af sprøjteapparater til landbrug eller gartneri
- fremstilling af diverse landbrugsmaskiner, fx:
• maskiner til fjerkræavl og biavl samt udstyr til foderforberedelse mv.
• maskiner til rengøring, sortering eller gradering af æg og frugt mv.
- fremstilling af maskineri til vertikalt landbrug";;"- fremstilling af håndværktøj, ikke motordrevet, der bruges i landbrug, gartneri eller skovbrug, jf. 25.63.00
- fremstilling af transportbånd til landbrug, jf. 28.22.00
- fremstilling af eldrevet håndværktøj, jf. 28.24.00
- fremstilling af jordarbejdsmaskiner, jf. 28.92.00
- fremstilling af mælkecentrifuger, jf. 28.93.00
- fremstilling af maskiner til rengøring, sortering eller gradering af frø, korn eller tørrede bælgfrugter, jf. 28.93.00
- fremstilling af vejtraktorer til sættevogne, jf. 29.10.00
- fremstilling af påhængsvogne eller sættevogne til andet end landbrug, jf. 29.20.00"
1618;3;C;28.4;284;;Fremstilling af metalforarbejdende maskiner og maskinværktøj;Manufacture of metal forming machinery and machine tools;Denne gruppe omfatter fremstilling af metalforarbejdende maskiner og maskinværktøj, fx fremstilling af maskinværktøj til bearbejdning af metaller og andre materialer (træ, ben, sten, hård gummi, hård plast og koldt glas osv.), herunder det værktøj, hvor der bruges laserstråler, ultralydsbølger, lysbueplasma og magnetiske impulser osv.;;;
1619;4;C;28.41;2841;;Fremstilling af metalforarbejdende maskiner og maskinværktøj til bearbejdning af metal;Manufacture of metal forming machinery and machine tools for metal work;;;;
1620;5;C;28.41.00;284100;;Fremstilling af metalforarbejdende maskiner og maskinværktøj til bearbejdning af metal;Manufacture of metal forming machinery and machine tools for metal work;Branchen omfatter fremstilling af maskiner og maskinværktøj til bearbejdning af metal, fx til slibning, formaling, polering, stansning og presning.;"- fremstilling af maskinværktøj til bearbejdning af metaller, herunder værktøj, hvor der bruges laserstråler, ultralydsbølger, lysbueplasma, magnetiske impulser mv.
- fremstilling af maskinværktøj til drejning, udboring, boring, gevinddrejning eller indvendig gevindskæring til bearbejdning af metal
- fremstilling af maskinværktøj til afgratning, slibning, formaling, finslibning, bevikling, polering eller på anden måde færdigbearbejdning af metal eller cermet ved hjælp af slibesten, slibemidler eller polerprodukter
- fremstilling af bearbejdningscentre og flerstationsmaskiner til bearbejdning af metal
- fremstilling af maskinværktøj til høvling, tilskæring, stikning, rømning, tandhjulsfræsning, tandhjulsslibning eller -færdigbearbejdning, savning, afskæring og andre maskinværktøj til arbejde med at fjerne metal eller cement
- fremstilling af maskinværktøj til stansning eller presning af metal
- fremstilling af excenterpressere, hydrauliske pressere, hydrauliske bremser, faldhammere, smedemaskiner mv.
- fremstilling af trækbænke, maskiner til gevindvalsning til arbejdswire
- fremstilling af filemaskiner, nitter og pladeskærere";;"- fremstilling af udskifteligt værktøj, jf. 25.63.00
- fremstilling af elektriske maskiner og udstyr til svejsning og lodning, jf. 27.90.00
- fremstilling af maskiner til additiv fremstilling, jf. 28.97.00"
1621;4;C;28.42;2842;;Fremstilling af andet maskinværktøj;Manufacture of other machine tools;;;;
1622;5;C;28.42.00;284200;;Fremstilling af andet maskinværktøj;Manufacture of other machine tools;Branchen omfatter fremstilling af andet maskinværktøj, fx maskinværktøj til bearbejdning af træ, kork, ben, sten mv., inkl. delehoveder og anden hjælpeindretning til maskinværktøj, samt fremstilling af stationære maskiner til fx sømning, hæftning og limning.;"- fremstilling af maskinværktøj til bearbejdning af træ, kork, ben, sten, hård gummi, hård plast, keramik, beton, koldt glas eller lignende hårde ikke-metalliske materialer mv.
- fremstilling af emneholder til maskinværktøj
- fremstilling af delehoveder og anden hjælpeindretning til maskinværktøj
- fremstilling af stationære maskiner til sømning, hæftning, limning eller på anden måde samling af træ, kork, ben, hård gummi, plast mv.
- fremstilling af stationære rotationsbord eller roterende slagbor mv.
- fremstilling af presser til fremstilling af spånplader og lignende";- fremstilling af dele og tilbehør til de angivne maskinværtøjer;"- fremstilling af udskifteligt værktøj til maskinværktøj, fx bor, stanseværktøj, matricer, gevindskæring, fræseværktøj, drejeværktøj, savklinger og skæreklinger, jf. 25.63.00
- fremstilling af elektriske manuelt betjente loddekolber og loddeværktøj, jf. 27.90.00
- fremstilling af eldrevet håndværktøj, jf. 28.24.00
- fremstilling af filemaskiner, nittemaskiner, pladesakse, jf. 28.41.00
- fremstilling af maskineri, der bruges i metalværk eller metalstøberier, jf. 28.91.00
- fremstilling af maskineri til råstofindvinding , jf. 28.92.00
- fremstilling af maskiner til additiv fremstilling, jf. 28.97.00"
1623;3;C;28.9;289;;Fremstilling af andre maskiner til specielle formål;Manufacture of other special-purpose machinery;Denne gruppe omfatter fremstilling af maskiner til andre specielle formål, dvs. maskiner, der udelukkende anvendes i en enkelt økonomisk aktivitet (NACE), eller en mindre klynge af aktiviteter (NACE). Selvom de fleste af disse maskiner til specielle formål anvendes i andre fremstillingsprocesser, fx fødevare- eller tekstilfremstilling, omfatter denne gruppe også fremstilling af maskiner, der er specifikke for andre ikke-fremstillingsbrancher, fx startudstyr til luftfartøjer eller udstyr til forlystelsesparker.;;;
1624;4;C;28.91;2891;;Fremstilling af maskiner til metallurgi;Manufacture of machinery for metallurgy;;;;
1625;5;C;28.91.00;289100;;Fremstilling af maskiner til metallurgi;Manufacture of machinery for metallurgy;Branchen omfatter fremstilling af maskiner og udstyr til metallurgi og til håndtering af varme metaller, samt metalvalseanlæg.;"- fremstilling af maskiner og udstyr til håndtering af varmt metal, fx omformere, kokiller, støbeskeer og støbemaskiner, der bruges i metallurgi eller på metalstøberier
- fremstilling af metalvalseværk og valser til sådanne værk";;"- fremstilling af formkasser og støbeforme (undtagen kokiller), jf. 25.63.00
- fremstilling af trækbænke, jf. 28.41.00
- fremstilling af maskiner til udformning af støbeforme, jf. 28.99.00"
1626;4;C;28.92;2892;;Fremstilling af maskiner til råstofindvindingsindustrien samt bygge- og anlæg;Manufacture of machinery for mining, quarrying and construction;;;;
1627;5;C;28.92.00;289200;;Fremstilling af maskiner til råstofindvindingsindustrien samt bygge- og anlæg;Manufacture of machinery for mining, quarrying and construction;Branchen omfatter fremstilling af maskiner, der bruges i råstofindustrien eller inden for bygge- og anlægssektoren, fx elevatorer og transportbånd til varer og materialer under jorden, bulldozere, piloteringsmaskiner og tipvogne.;"- fremstilling af stedsegående elevatorer og transportbånd til varer og materialer, til underjordisk brug
- fremstilling af bore-, skære- eller sænkemaskiner til boring i jord eller indvinding af mineraler eller malm eller af kul eller stenskærer og tunneleringsmaskiner
- fremstilling af maskiner til bearbejdning af mineraler ved screening, sortering, adskillelse, vask, knusning, formaling, blanding eller bearbejdning af jord, sten, malm eller andre mineraler, i massiv form (herunder pulver eller pasta)
- fremstilling af beton- og mørtelblandere
- fremstilling af jordarbejdsmaskiner:
• bulldozere, planeringstraktorer, sorteringsmaskiner, skrabehøvle, vejhøvle, mekaniske gravemaskiner, læssemaskiner mv.
- fremstilling af piloteringsmaskiner og pæleoptrækkere, mørteludlæggere, asfaltudlæggere, betonbelægningsmaskiner mv.
- fremstilling af maskiner til blanding af mineraler med asfalt
- fremstilling af banelæggende gravemaskiner
- fremstilling af klinger til bulldozere og planeringstraktorer
- fremstilling af terrængående tipvogne
- fremstilling af sneplove og sneblæsere";;"- fremstilling af apparater til løftning og flytning, jf. 28.22.00
- fremstilling af traktorer, jf. 28.30.00 og 29.10.00
- fremstilling af maskinværktøj til bearbejdning af sten, herunder maskiner til kløvning eller rydning af sten, jf. 28.42.00
- fremstilling af betonblandere, jf. 29.20.00"
1628;4;C;28.93;2893;;Fremstilling af maskiner til føde-, drikke- og tobaksvareindustrien;Manufacture of machinery for food, beverage and tobacco processing;;;;
1629;5;C;28.93.00;289300;;Fremstilling af maskiner til føde-, drikke- og tobaksvareindustrien;Manufacture of machinery for food, beverage and tobacco processing;Branchen omfatter fremstilling af maskiner til brug i føde-, drikke- og tobaksvareindustrien, fx maskiner til mejeribranchen eller til fremstilling af mel, ost eller brød.;"- fremstilling af tørreanlæg til landbrugsprodukter
- fremstilling af maskiner til mejeribranchen, fx:
• mælkecentrifuger
• maskiner til forarbejdning af mælk, fx homogeniseringsmaskiner
• maskiner til omsætning af mælk, fx smørkærne, smøræltere og formemaskiner
• ostefremstillingsmaskiner, fx homogeniseringsmaskiner, formere og presser)
- fremstilling af maskiner til formalingsindustrien, fx:
• maskiner til rengøring, sortering eller gradering af frø, korn eller tørrede bælgfrugter, fx stilkeudskillere, sigteremme, adskillere og børstemaskiner til korn
• maskiner til fremstilling af mel mv., fx møller, doseringsapparater, sigter, klidrensere, blendere, risafskalningsmaskiner og ærtebælgsdelere
- fremstilling af presser, knuseværk mv., fx til at lave vin, cider, frugtjuice mv.
- fremstilling af maskiner til bagerbranchen eller til at lave makaroni, spaghetti eller lignende produkter, fx:
• bagerovne, dejæltemaskiner, dejdelere, formere, skæremaskiner og kagestøbningsmaskiner mv.
- fremstilling af maskiner og udstyr til forarbejdning af forskellige fødevarer, fx:
• maskiner til at lave konfekture, kakao eller chokolade; til at fremstille sukker; til bryggerier; til at forarbejde kød eller fjerkræ, til at forarbejde frugt, nødder eller grøntsager; til at forarbejde fisk, skaldyr eller andet fra havet
• andre maskiner til industriel forarbejdning eller fremstilling af føde- eller drikkevarer
- fremstilling af maskiner til filtrering eller rensning af fødevarer og drikkevarer
- fremstilling af maskiner til udvinding af animalske eller vegetabilske fedtstoffer eller olier
- fremstilling af maskiner til forarbejdning af tobak og fremstilling af cigaretter eller cigarer, eller til pipe- eller tyggetobak eller snus
- fremstilling af maskiner, anlæg og udstyr til madlavning eller opvarmning af mad på hoteller og i restauranter";;"- fremstilling af bestrålingsudstyr til fødevarer og mælk, jf. 26.60.90
- fremstilling af emballerings-, pakke- og vejemaskiner, jf. 28.29.00
- fremstilling af rengørings-, sorterings- eller graderingsmaskiner til æg, frugt eller andre afgrøder (undtagen frø, korn eller tørrede bælgfrugter), jf. 28.30.00"
1630;4;C;28.94;2894;;Fremstilling af maskiner til produktion af tekstiler, beklædningsartikler og læder;Manufacture of machinery for textile, apparel and leather production;;;;
1631;5;C;28.94.00;289400;;Fremstilling af maskiner til produktion af tekstiler, beklædningsartikler og læder;Manufacture of machinery for textile, apparel and leather production;Branchen omfatter fremstilling af maskiner til forabejdning og fremstilling af tekstiler, beklædningsartikler og læder, fx spindemaskiner, strikkemaskiner, vævemaskiner og tekstiltryk.;"- fremstilling af tekstilmaskiner, fx:
• maskiner til forarbejdning, fremstilling, ekstrudering, trækning, teksturering eller klipning af syntetisk tekstilfibre, materialer eller garn
• maskiner til forarbejdning af tekstilfibre, fx: bomuldsegreneringsmaskiner, ballebrækkere, kartemaskiner, bomuldsspredere, uldrensere, uldkarboniseringsmaskiner, kamme, forspindekartere og forspindemaskiner
• spindemaskiner
• maskiner til forarbejdning af tekstilgarn, fx: afrullere, garnbomme og relaterede maskiner
• vævemaskiner (vævestole), herunder håndvæve
• strikkemaskiner
• maskiner til fremstilling af kniplet stof, tyl, blonde, borter mv.
- fremstilling af hjælpemaskiner eller -udstyr til tekstilmaskiner:
• skaftmaskiner, jacquardvæve, automatisk stop, skytteskiftmekanismer, tene, tenvinger mv.
- fremstilling af maskiner til tekstiltryk
- fremstilling af maskiner til forarbejdning af stof:
• maskiner til vask, blegning, farvning, sletning, efterbehandling, overfladebehandling eller imprægnering af tekstilstoffer
• fremstilling af maskiner til oprulning, afrulning, foldning, klipning eller prydning af tekstilstoffer
- fremstilling af vaskerimaskiner:
• strygemaskiner, herunder sammensmeltningsmaskiner
• vaskemaskiner og tørretumblere til erhvervsbrug
• maskiner til kemisk rensning
- fremstilling af symaskiner og symaskinenåle (uanset om det er til husholdningsbrug eller ej)
- fremstilling af maskiner til fremstilling eller efterbehandling af fiberdug
- fremstilling af maskiner til læder:
• maskiner til forberedelse, garvning eller bearbejdning af råhuder, skind eller læder
• maskiner til fremstilling eller reparation af fodtøj eller andre artikler af råhuder, skind, læder eller pels";;"- fremstilling af papir- eller papkort til brug i jacquardmaskiner, jf. 17.25.00
- fremstilling af vaskemaskiner og tørretumblere til husholdning, jf. 27.51.00
- fremstilling af kalandere, jf. 28.29.00
- fremstilling af maskiner, der bruges til bogindbinding, jf. 28.99.00"
1632;4;C;28.95;2895;;Fremstilling af maskiner til produktion af papir og pap;Manufacture of machinery for paper and paperboard production;;;;
1633;5;C;28.95.00;289500;;Fremstilling af maskiner til produktion af papir og pap;Manufacture of machinery for paper and paperboard production;Branchen omfatter fremstilling af maskiner til fremstilling af papir og pap, fx maskiner til fremstilling af papirmasse.;"- fremstilling af maskiner til fremstilling af papirmasse
- fremstilling af maskiner til fremstilling eller efterbehandling af papir og pap
- fremstilling af maskiner til fremstilling af papirmasse, papir eller pap, herunder skæremaskiner til papir af enhver art";;
1634;4;C;28.96;2896;;Fremstilling af maskiner til produktion af plast og gummi;Manufacture of plastics and rubber machinery;;;;
1635;5;C;28.96.00;289600;;Fremstilling af maskiner til produktion af plast og gummi;Manufacture of plastics and rubber machinery;Branchen omfatter fremstilling af maskiner til produktion og bearbejdning af blød gummi eller plast og maskiner til produktion af specielle gummi- eller plastprodukter.;"- fremstilling af maskiner til bearbejdning af blød gummi eller plast eller til fremstilling af produkter af disse materialer:
• ekstrudermaskiner, formere, maskiner til fremstilling eller til regummerering af luftgummidæk samt andre maskiner til fremstilling af specielle gummi- eller plastprodukter";;- fremstilling af maskiner til additiv fremstilling, jf. 28.97.00
1636;4;C;28.97;2897;;Fremstilling af maskiner til additiv fremstilling;Manufacture of additive manufacturing machinery;;;;
1637;5;C;28.97.00;289700;;Fremstilling af maskiner til additiv fremstilling;Manufacture of additive manufacturing machinery;Branchen omfatter fremstilling af maskiner til additiv fremstilling, fx maskiner, der kan 3D-printe med metal, plast og gips.;- fremstilling af maskiner til additiv fremstilling af metal, plast, gummi, gips, cement, keramisk sediment mv.;;
1638;4;C;28.99;2899;;Fremstilling af andre maskiner til specielle formål i.a.n.;Manufacture of other special-purpose machinery n.e.c.;;;;
1639;5;C;28.99.00;289900;;Fremstilling af andre maskiner til specielle formål i.a.n.;Manufacture of other special-purpose machinery n.e.c.;Branchen omfatter fremstilling af øvrige maskiner til specielle formål, fx maskiner til produktion af fliser, støbeforme, industrirobotter, centralsmøresystemer, kegleopsættere til bowlingbaner, karruseller og gynger samt affaldskomprimeringsmaskiner.;"- fremstilling af tørreanlæg til træ, papirmasse, papir eller pap og andre materialer (undtagen til landbrugsprodukter og -tekstiler)
- fremstilling af trykkemaskiner og maskiner til bogindbinding samt maskiner til supportaktiviteter til trykning på forskellige materialer
- fremstilling af maskiner til fremstilling af fliser, mursten, formet keramisk masse, rør, grafitelektroder, tavlekridt mv.
- fremstilling af maskiner til fremstilling af halvledere
- fremstilling af maskiner til udformning af støbeforme
- fremstilling af industrirobotter, der udfører flere specialopgaver
- fremstilling af diverse specialmaskiner og -udstyr, fx:
• maskiner til at samle elektriske eller elektroniske lamper, rør (ventiler) eller pærer
• maskiner til fremstilling eller varmformgivning af glas eller glasvarer, glasfiber eller -garn
• maskiner eller apparater til isotopseparation
- fremstilling af udstyr til dækjustering og -afbalancering; afbalanceringsudstyr (undtagen afbalancering af hjul)
- fremstilling af centralsmøresystemer
- fremstilling af startanordninger til luftfartøjer og katapulter til hangarskibe o.lign.
- fremstilling af automatisk udstyr til bowlingbaner, fx kegleopsætter
- fremstilling af karruseller, gynger, skydebaner og andre forlystelser til markedspladser
- fremstilling af affaldskomprimeringsmaskiner
- fremstilling af pudsemaskiner
- fremstilling af krydsbomme
- fremstilling af beslåsystemer, der bruges til at omvikle eller frigøre det løbende gods";;"- fremstilling af husholdningsapparater, jf. 27.5
- fremstilling af fotokopieringsmaskiner mv., jf. 28.23.00
- fremstilling af maskiner eller udstyr til bearbejdning af hård gummi, hård plast eller koldt glas, jf. 28.42.00
- fremstilling af kokiller, jf. 28.91.00
- fremstilling af maskiner til additiv fremstilling, jf. 28.97.00"
1640;2;C;29;29;;Fremstilling af motorkøretøjer, påhængsvogne og sættevogne;Manufacture of motor vehicles, trailers and semi-trailers;"Denne hovedgruppe omfatter fremstilling af motorkøretøjer til transport af passagerer eller gods. Fremstillingen af forskellige dele og tilbehør samt fremstillingen af påhængsvogne og sættevogne er omfatter heri.

Denne hovedgruppe omfatter ikke:
- reparation og vedligeholdelse af motorkøretøjer, der er produceret i denne hovedgruppe, jf. 95.31";;;
1641;3;C;29.1;291;;Fremstilling af motorkøretøjer;Manufacture of motor vehicles;;;;
1642;4;C;29.10;2910;;Fremstilling af motorkøretøjer;Manufacture of motor vehicles;Denne undergruppe omfatter fremstilling af køretøjer med el-, forbrændings- og hybridmotorer samt selvkørende køretøjer.;;;
1643;5;C;29.10.00;291000;;Fremstilling af motorkøretøjer;Manufacture of motor vehicles;"Branchen omfatter fremstilling af motorkøretøjer, fx personbiler, racerbiler, busser, snescootere og fejemaskiner. Ombygning på fabrik af motorer til motorkøretøjer er også omfattet. 

Fremstilling af elektriske dele til motorkøretøjer henvises til 29.31.00.";"- fremstilling af personbiler
- fremstilling af erhvervskøretøjer:
• varevogne, lastbiler, vejtraktorer til sættevogne mv.
- fremstilling af busser, trolleybusser og rutebiler
- fremstilling af motorer til motorkøretøjer, herunder elmotorer
- fremstilling af andre motorkøretøjer, fx:
• snescootere, golfbiler og amfibiemotorkøretøjer
• fejemaskiner
- terrængående køretøjer (ATV), gokarts og lignende, herunder racerbiler";"- ombygning på fabrik af motorer til motorkøretøjer
- fremstilling af chassis monteret med motorer";"- fremstilling af lamper til motorkøretøjer, jf. 27.40.00
- fremstilling af stempler, stempelringe og karburatorer som ikke er til motorkøretøjer eller motorcykler, jf. 28.11.00
- fremstilling af motordrevne trucks (fx monteret med en kran), jf. 28.22.00
- fremstilling af landbrugs- og skovbrugstraktorer, jf. 28.30.00
- fremstilling af udgravningstraktorer til skinnelægning, jf. 28.30.00
- fremstilling af terrængående tipvogne, jf. 28.92.00
- fremstilling af karosserier til motorkøretøjer, fx brandbiler, bogbusser og betonblandere mv., jf. 29.20.00
- fremstilling af karosserier til pansrede køretøjer, jf. 29.20.00
- fremstilling af elektriske dele til motorkøretøjer, jf. 29.31.00
- fremstilling af reservedele og tilbehør til motorkøretøjer, jf. 29.32.00
- fremstilling af kampvogne og andre militære kampkøretøjer, jf. 30.40.00
- reparation og vedligeholdelse af motorkøretøjer, jf. 95.31.90"
1644;3;C;29.2;292;;"Fremstilling af karosserier til motorkøretøjer; fremstilling af påhængsvogne og sættevogne";"Manufacture of bodies and coachwork for motor vehicles; manufacture of trailers and semi-trailers";;;;
1645;4;C;29.20;2920;;"Fremstilling af karosserier til motorkøretøjer; fremstilling af påhængsvogne og sættevogne";"Manufacture of bodies and coachwork for motor vehicles; manufacture of trailers and semi-trailers";;;;
1646;5;C;29.20.00;292000;;"Fremstilling af karosserier til motorkøretøjer; fremstilling af påhængsvogne og sættevogne";"Manufacture of bodies and coachwork for motor vehicles; manufacture of trailers and semi-trailers";"Branchen omfatter fremstilling af karosserier til motorkøretøjer samt fremstilling af påhængsvogne og sættevogne, fx campingvogne, tankvogne, brandbiler og bogbusser. 

Fremstilling af påhængsvogne og sættevogne specialdesignet til brug i landbruget henvises til 28.30.00.";"- fremstilling af karosserier, herunder førerhuse til motorkøretøjer, fx:
• brandbiler, bogbusser og pansrede køretøjer
• betonblandere
- fremstilling af alle typer motorkøretøjer, påhængsvogne og sættevogne
- fremstilling af påhængsvogne og sættevogne, fx:
• tankvogne, påhængsvogne med lukkede og åbne karosserier mv.
• campingvogne mv.
- renovering og tilpasning af motorkøretøjer
- fremstilling af containere (herunder containere til transport af væsker) specialdesignet og udstyret til at blive transporteret med en eller flere forskellige transportmidler
- fremstilling af chassis til påhængsvogne";;"- fremstilling af påhængsvogne og sættevogne specialdesignet til brug i landbruget, jf. 28.30.00
- fremstilling af reservedele og tilbehør til karosserier til motorkøretøjer, jf. 29.32.00
- fremstilling af dyretrukne køretøjer, jf. 30.99.00"
1647;3;C;29.3;293;;Fremstilling af reservedele og tilbehør til motorkøretøjer;Manufacture of motor vehicle parts and accessories;Denne gruppe omfatter fremstilling af reservedele og tilbehør af alle materialer til motorkøretøjer.;;;
1648;4;C;29.31;2931;;Fremstilling af elektrisk og elektronisk udstyr til motorkøretøjer;Manufacture of electrical and electronic equipment for motor vehicles;;;;
1649;5;C;29.31.00;293100;;Fremstilling af elektrisk og elektronisk udstyr til motorkøretøjer;Manufacture of electrical and electronic equipment for motor vehicles;"Branchen omfatter fremstilling af elektrisk udstyr til motorkøretøjer, fx startmotorer, generatorer og tændrør, samt fremstilling af moduler til vekselrettere og brændselsceller til biler. 

Fremstilling af belysningsartikler, fx lygter, til motorkøretøjer henvises til 27.40.00.";"- fremstilling af elektrisk udstyr til motorkøretøjer. fx startmotorer, generatorer, vekselstrømsgeneratorer, tændrør, isolerede tændkabelsæt, elvinduer og -døre, samling af købte målere i instrumentbræt og spændingsregulatorer
- fremstilling af (elektromagnetiske) koblinger til motorkøretøjer";"- fremstilling af moduler til vekselrettere og brændselsceller til biler
- fremstilling af kabelsæt, isolerede ledningsnet og lignende kabelsæt eller samlinger til biler";"- fremstilling af batterier til køretøjer, jf. 27.20.00
- fremstilling af belysningsartikler til motorkøretøjer, jf. 27.40.00
- fremstilling af pumper til motorkøretøjer og motorer, jf. 28.13.00"
1650;4;C;29.32;2932;;Fremstilling af andre dele og tilbehør til motorkøretøjer;Manufacture of other parts and accessories for motor vehicles;;;;
1651;5;C;29.32.00;293200;;Fremstilling af andre dele og tilbehør til motorkøretøjer;Manufacture of other parts and accessories for motor vehicles;Branchen omfatter fremstilling af dele og tilbehør til motorkøretøjer og karosserier, fx bremser, airbags, bakspejle, bilsæder og airconditionanlæg.;"- fremstilling af forskellige dele og tilbehør til motorkøretøjer, fx:
• gearkasser, koblinger, bremser, aksler, kørehjul, støddæmpere mv.
- fremstilling af dele og tilbehør til karosserier til motorkøretøjer, fx:
• kofangere, sikkerhedsseler, airbags og bakspejle
- fremstilling af bilsæder, herunder autostole og barnestole
- fremstilling af airconditionanlæg til motorkøretøjer";;"- fremstilling af dæk, jf. 22.11.00
- fremstilling af gummislanger og gummiremme og andre produkter af gummi, jf. 22.12.00
- fremstilling af stempler, stempelringe og karburatorer, der ikke er til motorkøretøjer eller motorcykler, jf. 28.11.00
- fremstilling af pumper til motorkøretøjer og motorer, jf. 28.13.00
- reparation og vedligeholdelse samt modificering af motorkøretøjer, jf. 95.31.90"
1652;2;C;30;30;;Fremstilling af andre transportmidler;Manufacture of other transport equipment;Denne hovedgruppe omfatter fremstilling af transportudstyr, som ikke er nævnt andetsteds, fx bygning af skibe og fremstilling af både, fremstilling af rullende jernbanemateriel og lokomotiver, luft- og rumfartøjer, motorcykler og cykler samt fremstilling af dele dertil.;;;
1653;3;C;30.1;301;;Bygning af skibe og både;Building of ships and boats;Denne gruppe omfatter bygning af skibe, både, lystbåde og andet flydende materiel til transport og andre erhvervsformål samt til sports-, fritids- og militære formål.;;;
1654;4;C;30.11;3011;;Bygning af civile skibe og flydende materiel;Building of civilian ships and floating structures;Denne undergruppe omfatter bygning af civile skibe undtagen fartøjer til sport eller fritid samt bygning af flydende materiel.;;;
1655;5;C;30.11.00;301100;;Bygning af civile skibe og flydende materiel;Building of civilian ships and floating structures;"Branchen omfatter bygning af skibe, fx færger og fragt- og tankskibe. Branchen omfatter også fremstilling af flydende materiel som boreplatforme, redningsflåder og pramme. 

Både og skibe til sport og lystsejlads henvises til branche 30.12.00.";"- bygning af kommercielle skibe:
• passagerskibe, bilfærger, fragtskibe, tankskibe, slæbebåde mv.
- bygning af fiskefartøjer, fabriksskibe og andre fartøjer til forarbejdning eller konservering af fiskevarer";"- bygning af luftpudefartøjer (undtagen luftpudefartøjer til rekreative formål)
- bygning af boreplatforme, flydende eller submersible
- bygning af flydende materiel, fx:
• flydedokker, pontoner, kofferdamme, flydende landgangsbroer, bøjer, flydetanke, pramme, skubbepramme, flydekraner, oppustelige flåder til ikke-rekreative formål mv.
- bygning af sektioner til skibe og flydende materiel
- bygning af nedsænkbare droner
- fabriksombygning af skibe
- installation af teknisk aptering i både";"- fremstilling af andre skibsdele, undtagen større skrog:
• fremstilling af sejl, jf. 13.96.00
• fremstilling af skibsskruer, jf. 25.99.00
• fremstilling af jern- eller stålankre, jf. 25.99.00
• fremstilling af skibsmaskiner, jf. 28.11.00
- fremstilling af navigationsinstrumenter, jf. 26.51.00
- fremstilling af belysningsartikler til skibe, jf. 27.40.00
- fabrikseftersyn af civile skibs- og bådmotorer, jf. 28.11.00
- fremstilling af amfibiemotorfartøjer, jf. 29.10.00 og 30.40.00
- fremstilling af oppustelige både eller flåder til fritids- og sportsbrug, jf. 30.12.00
- bygning af lystfartøjer, jf. 30.12.00
- bygning af militærskibe og -fartøjer, jf. 30.13.00
- specialreparation og -vedligeholdelse af civile skibe og flydende materiel, jf. 33.15.00
- skibsophugning, jf. 38.21.00
- indvendig ikke-teknisk installation og komplettering af både, jf. 43.3"
1656;4;C;30.12;3012;;Bygning af både til fritid og sport;Building of pleasure and sporting boats;;;;
1657;5;C;30.12.00;301200;;Bygning af både til fritid og sport;Building of pleasure and sporting boats;"Branchen omfatter bygning af både til fritid og sport, fx kanoer, sejlbåde og motorbåde, samt fremstilling af kundespecifikke vandfartøjer. 

Fremstilling af sejl og surfbrætter er er omfattet af 32.30.00.";"- fremstilling af oppustelige både og flåder til sport og rekreativ brug
- fremstilling af sejlbåde med eller uden hjælpemotor
- bygning af motorbåde
- bygning af luftpudefartøjer til rekreative formål
- bygning af lystfortøjer
- fremstilling af vandscootere
- fremstilling af andre både til fritid og sport fx:
• kanoer, kajakker, robåde og joller";- fabriksombygning af både til fritid og sport;"- bygning af både til fritid og sport:
• fremstilling af sejl, jf. 13.96.00
• fremstilling af jern- eller stålankre, jf. 25.99.00
• fremstilling af skibsmaskiner, jf. 28.11.00
- fabrikseftersyn af skibs- og bådmotorer til skibe og både til fritid og sport, jf. 28.11.00
- fremstilling af sejlbåde og surfbrætter, jf. 32.30.00
- reparation af både til fritid, jf. 33.15.00
- udlejning af både til fritid og sejlbåde med besætning, jf. 50.10.00 og 50.30.00
- udlejning af både til fritid og lystbåde uden besætning, jf. 77.21.00"
1658;4;C;30.13;3013;;Bygning af militærfartøjer;Building of military ships and vessels;Denne undergruppe omfatter bygning af militærfartøjer såsom krigsskibe udstyret med forskellige offensive og defensive våben og med beskyttelsesudstyr mod granater samt bygning af militært flydende materiel.;;;
1659;5;C;30.13.00;301300;;Bygning af militærfartøjer;Building of military ships and vessels;Branchen omfatter bygning af militærfartøjer, fx hangarskibe, undervandsbåde og landgangsfartøjer. Fabriksombygning af militærskibe, -fartøjer og flydende materiel er også omfattet.;"- hangarskibe
- amfibiefartøjer til krigsførelse og landgangsskibe
- krydsere
- destroyere
- undervandsbåde
- landgangsfartøjer
- slæbebåde til transport af ammunition eller miner";- fabriksombygning af militærskibe, -fartøjer og flydende materiel;"- fremstilling af våben og ammunition, fx torpedorør og torpedoer, jf. 25.30.00
- fabrikseftersyn af militære skibs- og bådmotorer, jf. 28.11.00
- bygning af civile skibe og flydende materiel, jf. 30.11.00
- fremstilling af oppustelige både eller flåder til fritids- og sportsbrug, jf. 30.12.00"
1660;3;C;30.2;302;;Fremstilling af lokomotiver og andet rullende materiel til jernbaner og sporveje;Manufacture of railway locomotives and rolling stock;;;;
1661;4;C;30.20;3020;;Fremstilling af lokomotiver og andet rullende materiel til jernbaner og sporveje;Manufacture of railway locomotives and rolling stock;;;;
1662;5;C;30.20.00;302000;;Fremstilling af lokomotiver og andet rullende materiel til jernbaner og sporveje;Manufacture of railway locomotives and rolling stock;"Branchen omfatter fremstilling af lokomotiver og andet rullende materiel til jernbaner og sporveje, fx passagervogne, tankvogne og specialdele til lokomotiver, samt fremstilling af mekanisk og elektromagnetisk signal-, sikkerheds- og trafikkontroludstyr. 

Fremstilling af elektriske signalsystemer og sikkerheds- eller trafikkontroludstyr til jernbaner eller sporveje henvises til 27.90.00.";"- fremstilling af elektriske, diesel-, damp- og andre lokomotiver
- fremstilling af selvkørende jernbane- eller sporvogne, lukkede og åbne godsvogne
- fremstilling af jernbane- eller sporvognskøretøjer til vedligeholdelse eller service
- fremstilling af rullende materiel til jernbaner og sporveje, ikke selvkørende, fx:
• passagervogne, godsvogne, tankvogne, selvlossede vogne og godsvogne, værkstedsvogne, kranvogne, tendere mv.
- fremstilling af specialdele til lokomotiver og andet rullende materiel til jernbaner og sporveje, fx:
• bogier, aksler og hjul, bremser og bremsedele, kroge og koblingsanordninger, buffere og bufferdele, støddæmpere, vogns- og lokomotivchassiser, karrosserier, korridorforbindelser mv.";"- fremstilling af minelokomotiver og minejernbanevogne
- fremstilling af mekanisk og elektromagnetisk signal-, sikkerheds- og trafikkontroludstyr, fx til jernbaner, sporveje, indre vandveje, veje, parkeringsanlæg, flyvepladser mv.
- fremstilling af sæder til jernbanevogne";"- fremstilling af ikke-samlede skinner, jf. 24.10.00
- fremstilling af beslag og fiksturer til samlede skinner eller sporvognsskinner, jf. 25.99.00
- fremstilling af elmotorer, ikke til motorkøretøjer, jf. 27.11.00
- fremstilling af elektriske signalsystemer, sikkerheds- eller trafikkontroludstyr til jernbaner eller sporveje, jf. 27.90.00
- fremstilling af motorer og turbiner, undtagen motorkøretøjs-, fly- og cykelmotorer, jf. 28.11.00
- fremstilling af skibsmaskiner, jf. 28.11.00"
1663;3;C;30.3;303;;Fremstilling af luft- og rumfartøjer o.lign.;Manufacture of air and spacecraft and related machinery;;;;
1664;4;C;30.31;3031;;Fremstilling af civile luft- og rumfartøjer o.lign.;Manufacture of civilian air and spacecraft and related machinery;;;;
1665;5;C;30.31.00;303100;;Fremstilling af civile luft- og rumfartøjer o.lign.;Manufacture of civilian air and spacecraft and related machinery;"Branchen omfatter fremstilling af civile luft- og rumfartøjer mv., fx passagerfly, svævefly, helikoptere, styrbare luftskibe og turbojet- og turbopropelmotorer. Fremstilling af missiler til brug i rummet, satellitter og planet-rumsonder samt ombygning af civile luftfartøjer eller flymotorer er også omfattet. 

Fremstilling af militære fly og rumfartøjer henvises til 30.32.00.";"- fremstilling af fly til transport af gods eller passagerer, herunder til sport og fritidsformål
- fremstilling af helikoptere
- fremstilling af svævefly og dragefly
- fremstilling af styrbare luftskibe og varmluftsballoner
- fremstilling af dele og tilbehør til luftfartøjerne i denne undergruppe:
• større komplette enheder såsom fuselager, vinger, døre, styreflader, landingsstel, brændstofstanke, naceller mv.
• propeller, helikopterrotorer og drevne rotorblade
• civile flymotorer
• turbojet- og turbopropelmotorer af en slags, der typisk findes på civile luftfartøjer
• dele, der udelukkende eller fortrinsvist egner sig til brug med stempelforbrændingsmotor til civile luftfartøjer
- fremstilling af stationært flyvetræningsudstyr
- fremstilling af missiler til brug i rummet samt til civile formål
- fremstilling af rumfartøjer og løfteraketter, satellitter, planet-rumsonder, satellitstationer og shuttles
- fremstilling af civile ubemandede luftfartøjer (droner)";"- eftersyn og ombygning af civile luftfartøjer eller flymotorer
- fremstilling af sæder til civile luftfartøjer";"- fremstilling af faldskærme, jf. 13.96.00
- fremstilling af missiler til militære formål, jf. 25.30.00
- fremstilling af telekommunikationsudstyr til satellitter, jf. 26.30.00
- fremstilling af flyinstrumenter og aeronautiske instrumenter, jf. 26.51.00
- fremstilling af flyvenavigationssystemer, jf. 26.51.00
- fremstilling af belysningsartikler til luftfartøjer, jf. 27.40.00
- fremstilling af stempler, stempelringe og karburatorer, ikke til motorkøretøjer og motorcykler, jf. 28.11.00
- fremstilling af startanordninger til luftfartøjer, katapulter til hangarskibe o.lign., jf. 28.99.00
- fremstilling af tændingsdele og andre elektriske dele til forbrændingsmotorer, jf. 29.31.00
- fremstilling af militære fly og rumfartøjer, jf. 30.32.00
- fremstilling af droner til militære formål, jf. 30.32.00
- fremstilling af droner til leg, jf. 32.40.00
- reparation og vedligeholdelse af civile luft- og rumfartøjer, jf. 33.16.00"
1666;4;C;30.32;3032;;Fremstilling af militære luft- og rumfartøjer o.lign.;Manufacture of military air and spacecraft and related machinery;Denne undergruppe omfatter fremstilling af militære luft- og rumfartøjer o.lign.;;;
1667;5;C;30.32.00;303200;;Fremstilling af militære luft- og rumfartøjer o.lign.;Manufacture of military air and spacecraft and related machinery;"Branchen omfatter fremstilling af militære luft-og rumfartøjer mv., fx fastvingefly og droner til militære formål. Branchen omfatter også fabrikseftersyn og ombygning af militære fly og rumfartøjer. 

Reparation og vedligeholdelse af maskiner til militære luft-og rumfartøjer henvises til 33.18.00.";"- fastvingefly
- luftfartøjer med kipbar rotor
- rotorfly
- droner til militære formål (ubemandede luftfartøjer (UAV-er))";"- fabrikseftersyn og -ombygning af militære fly og rumfartøjer
- fremstilling af sæder til militære luftfartøjer";"- fremstilling af våben og ammunition, jf. 25.30.00
- fremstilling af missiler til militære formål, jf. 25.30.00
- fremstilling af civile luft- og rumfartøjer o.lign., jf. 30.31.00
- reparation og vedligeholdelse af maskiner til militære luft- og rumfartøjer, jf. 33.18.00"
1668;3;C;30.4;304;;Fremstilling af militære kampkøretøjer;Manufacture of military fighting vehicles;;;;
1669;4;C;30.40;3040;;Fremstilling af militære kampkøretøjer;Manufacture of military fighting vehicles;Denne undergruppe omfatter fremstilling af militære kampkøretøjer, med eller uden våben, samt dele til sådanne køretøjer.;;;
1670;5;C;30.40.00;304000;;Fremstilling af militære kampkøretøjer;Manufacture of military fighting vehicles;"Branchen omfatter fremstilling af militære kampkøretøjer, fx tanks, pansrede amfibiemilitærkøretøjer, pansrede tårne, døre og dæksler samt fabrikseftersyn og genopbygning af militære kampkøretøjer. 

Reparation og vedligeholdelse af militære kampkøretøjer henvises til 33.18.00.";"- fremstilling af tanks
- fremstilling af pansrede køretøjer til persontransport
- fremstilling af pansrede forsyningsvogne eller pansrede bjærgningskøretøjer med kraner
- fremstilling af pansrede militære amfibiekøretøjer
- fremstilling af fjernbetjente tanks
- fremstilling af pansrede kampkøretøjskarrosserier og dele deraf, fx pansrede tårne, pansrede døre og dæksler
- fremstilling af pansrede plader, der kan genkendes som dele af militære kampkøretøjer
- fremstilling af specialbælter og specialfælge samt trækhjul til pansrede kampkøretøjer";- fabrikseftersyn og genopbygning af militære kampkøretøjer;"- fremstilling af våben og ammunition, jf. 25.30.00
- fremstilling af passagerbiler og lastvogne med let pansring eller med aftagelig pansring, jf. 29.10.00
- fremstilling af militærskibe, jf. 30.13.00
- fremstilling af droner til militære formål, jf. 30.32.00
- reparation og vedligeholdelse af militære kampkøretøjer, jf. 33.18.00"
1671;3;C;30.9;309;;Fremstilling af transportmidler i.a.n.;Manufacture of transport equipment n.e.c.;Denne gruppe omfatter fremstilling af andet transportudstyr end motorkøretøjer og skinne-, vand-, luft- eller rumtransportudstyr og militære køretøjer.;;;
1672;4;C;30.91;3091;;Fremstilling af motorcykler;Manufacture of motorcycles;;;;
1673;5;C;30.91.00;309100;;Fremstilling af motorcykler;Manufacture of motorcycles;"Branchen omfatter fremstilling af motorcykler, fx knallerter, motorer og sidevogne til motorcykler samt tilbehør dertil. 

Fremstilling af gummihjul af den slags, der anvendes til motorcykler, henvises til 22.11.00.";"- fremstilling af motorcykler og knallerter
- fremstilling af motorer til motorcykler
- fremstilling af sidevogne til motorcykler
- fremstilling af dele og tilbehør til motorcykler, fx bremser, gearkasser, koblinger, hjul, lyddæmpere og udstødningsrør samt dele dertil
- fremstilling af stempler, stempelringe og karburatorer til motorcykler";;"- fremstilling af gummihjul af den slags, der anvendes til motorcykler, jf. 22.11.00
- fremstilling af cykler, jf. 30.92.00
- fremstilling af cykler med elektrisk hjælpemotor, jf. 30.92.00
- fremstilling af vogne til handicappede, jf. 30.92.00
- fremstilling af persontransportører, fx elektriske skateboards og løbehjul, jf. 30.92.00"
1674;4;C;30.92;3092;;Fremstilling af cykler og kørestole;Manufacture of bicycles and invalid carriages;;;;
1675;5;C;30.92.00;309200;;Fremstilling af cykler og kørestole;Manufacture of bicycles and invalid carriages;Branchen omfatter fremstilling af cykler og kørestole, fx tandemmer, børnecykler, trehjulede cykler, elektriske skateboards og løbehjul, barnevogne og dele dertil.;"- fremstilling af ikke-motoriserede cykler og andre cykler, herunder trehjulede transportcykler, tandemmer, børnecykler og trehjulede cykler
- fremstilling af dele og tilbehør til cykler, fx rammer, gafler, fælge og egre, nav, bremser, sadler, pedaler, kranke og derailleurgear
- fremstilling af cykler med elektrisk hjælpemotor
- fremstilling af vogne til handicappede, med eller uden motor
- fremstilling af dele og tilbehør til vogne til handicappede
- fremstilling af persontransportører, fx elektriske skateboards og løbehjul
- fremstilling af barnevogne og dele dertil";;"- fremstilling af gummihjul og -slanger af den slags, der anvendes til cykler, jf. 22.11.00
- fremstilling af legetøj med hjul, der er beregnet til at blive kørt, herunder cykler og trehjulede cykler af plast, jf. 32.40.00"
1676;4;C;30.99;3099;;Fremstilling af andre transportmidler i.a.n.;Manufacture of other transport equipment n.e.c.;;;;
1677;5;C;30.99.00;309900;;Fremstilling af andre transportmidler i.a.n.;Manufacture of other transport equipment n.e.c.;"Branchen omfatter fremstilling af andre transportmidler, herunder fremstilling af håndtrukne og dyretrukne køretøjer. 

Transportudstyr af den slags, der anvendes på fabrikker og i lagerbygninger, fx sækkevogne og trillebøre, henvises til 28.22.00.";"- fremstilling af håndtrukne køretøjer, fx bagagevogne, trækvogne, slæder og indkøbsvogne
- fremstilling af dyretrukne køretøjer, fx sulkier, æselvogne og rustvogne";;"- fremstilling af motordrevne trucks, uanset om fx løfteudstyr er monteret, og uanset om de er selvkørende, håndbetjente eller ej, som fx anvendes på fabrikker (herunder sækkevogne og trillebøre), jf. 28.22.00
- fremstilling af dekorative restaurantvogne såsom dessert- og madvogne, jf. 31.00.00"
1678;2;C;31;31;;Fremstilling af møbler;Manufacture of furniture;"Denne hovedgruppe omfatter fremstilling af møbler og dele dertil, undtagen plader og skiver af glas, sten, beton eller lignende materiale, der indgår i møbler. De processer, der anvendes i fremstillingen af møbler, er standardmetoder til formning af materialer og samling af dele, herunder skæring, støbning og laminering. Emnets design er i forbindelse med både æstetiske og funktionelle egenskaber et vigtigt aspekt af fremstillingsprocessen.

Nogle af de processer, der anvendes i møbelfremstilling, svarer til de processer, der anvendes i andre fremstillingssegmenter. Skæring og samling forekommer fx også i fremstillingen af tagværk af træ, der klassificeres i hovedgruppe 16 (Fremstilling af træ og varer af træ). Flere processer skelner imidlertid mellem fremstilling af træmøbler og fremstilling af trævarer. Ligeledes anvender fremstilling af metalmøbler teknikker, der også anvendes i fremstillingen af valsede produkter, der klassificeres i hovedgruppe 25 (Fremstilling af færdige metalprodukter). Støbeprocessen for plastmøbler svarer til støbningen af andre plastprodukter. Fremstillingen af plastmøbler plejer imidlertid at være en specialiseret aktivitet.";;;
1679;3;C;31.0;310;;Fremstilling af møbler;Manufacture of furniture;;;;
1680;4;C;31.00;3100;;Fremstilling af møbler;Manufacture of furniture;Denne undergruppe omfatter fremstillingen af møbler af enhver slags, til ethvert sted og til forskellige formål. Den omfatter også fremstilling af møbeldele, undtagen plader og skiver (uanset om de er formskårne) af glas (herunder spejle), marmor eller andet stenmateriale, beton eller lignede materiale.;;;
1681;5;C;31.00.00;310000;;Fremstilling af møbler;Manufacture of furniture;Branchen omfatter fremstilling af møbler, fx kontormøbler, laboratoriemøbler, senge, sofaer, havestole og madrasser samt sengebunde. Fremstilling af cateringvogne og walk-in garderober samt færdigbehandling af møbler er også omfattet.;"- fremstilling af stole og sæder til kontorer, værksteder, hoteller, restauranter og offentlige rum
- fremstilling af stole og sæder til teatre, biografer o.lign.
- fremstilling af specialmøbler til butikker: diske, udstillingsskabe, hylder mv.
- fremstilling af kontormøbler
- fremstilling af laboratorieborde, taburetter og andre sæder til laboratoriet og laboratoriemøbler (fx skabe og borde)
- fremstilling af møbler til kirker, skoler og restauranter
- fremstilling af køkkenmøbler
- fremstilling af senge
- fremstilling af sofaer, sovesofaer og sofagrupper
- fremstilling af havestole og -sæder
- fremstilling af møbler til soveværelser og dagligstuer, havemøbler mv.
- fremstilling af skabe til symaskiner, fjernsyn mv.
- fremstilling af madrasser og sengebunde";"- fremstilling af cateringvogne
- fremstilling af indbyggede komponenter til butiksinventar
- færdigbehandling af møbler, fx sprøjtelakering, maling, polering og polstring
- fremstilling af walk-in garderober";"- fremstilling af puder, pufs, hynder, quilte og dyner, jf. 13.92.00
- fremstilling af trælister, der ikke kan genkendes som faste bestanddele af møbler, jf. 16.1
- fremstilling af håndværkeres tømrerhåndværk og snedkeri, jf. 16.23.00
- fremstilling af oppustelige gummimadrasser, jf. 22.12.00
- fremstilling af gummimadrasser til vandsenge, jf. 22.12.00
- fremstilling af plader og skiver (uanset om de er formskårne) af keramik, beton og sten, jf. 23.42.00, 23.66.00 og 23.70.00
- fremstilling af belysningsarmaturer eller lamper, jf. 27.40.00
- fremstilling af tavler, jf. 28.23.00
- fremstilling af bilsæder, jf. 29.32.00
- fremstilling af barnesæder til biler, jf. 29.32.00
- fremstilling af jernbanesæder, jf. 30.20.00
- fremstilling af flysæder, jf. 30.31.00 og 30.32.00
- fremstilling af medicinske, kirurgiske, dentale eller veterinære møbler, jf. 32.50.00
- installation af tilbehør til modulmøbler, installation af skillevægge, installation af møbler til laboratorieudstyr på byggeplads, jf. 43.32.00
- installation af indbyggede komponenter til butiksinventar, jf. 43.32.00
- ompolstring, omlakering og reparation af møbler, jf. 95.24.00"
1682;2;C;32;32;;Andre fremstillingsaktiviteter;Other manufacturing;Denne hovedgruppe omfatter fremstillingen af forskellige varer, der ikke er omfattet af andre dele af grupperingen. Eftersom dette er en restgruppe, kan fremstillingsprocesser, tilførte materialer og brug af de producerede varer variere meget, og sædvanlige kriterier for grupperingen af undergrupper i hovedgrupper er ikke anvendt her.;;;
1683;3;C;32.1;321;;Fremstilling af smykker, bijouteri og lignende varer;Manufacture of jewellery, bijouterie and related articles;Denne gruppe omfatter fremstillingen af smykker og bijouterivarer.;;;
1684;4;C;32.11;3211;;Prægning af mønter;Striking of coins;;;;
1685;5;C;32.11.00;321100;;Prægning af mønter;Striking of coins;Branchen omfatter prægning af mønter, herunder mønter til brug som lovligt betalingsmiddel, også af ædle metaller.;- fremstilling af mønter, herunder mønter til brug som lovligt betalingsmiddel, også af ædle metaller;;
1686;4;C;32.12;3212;;Fremstilling af smykker og lignende varer;Manufacture of jewellery and related articles;;;;
1687;5;C;32.12.00;321200;;Fremstilling af smykker og lignende varer;Manufacture of jewellery and related articles;Branchen omfatter fremstilling af smykker og lignende varer, fx af bearbejdede perler, guldsmedevarer i ædelmetal eller metaldublé, laboratorieartikler af ædelmetal, urremme, manchetter og cigaretetuier af ædelmetal. Gravering af personlige produkter i ædelmetal og uædelt metal er også omfattet.;"- produktion af bearbejdede perler
- produktion af bearbejdede ædelsten og halvædelsten, herunder bearbejdning af kvalitetssten til industriel anvendelse og syntetiske eller rekonstruerede ædelsten eller halvædelsten
- forarbejdning af diamanter
- fremstilling af smykker af ædelmetal eller metaldublé, ædel, eller halvædelsten eller kombinationer af ædelmetal og ædel- eller halvædelsten eller andre materialer
- fremstilling af guldsmedevarer i ædelmetal eller metaldublé, fx:
• service, kuvertartikler, metalvarer, toiletartikler, kontorartikler, skrivematerialer, artikler til religiøse formål mv.
- fremstilling af tekniske artikler og laboratorieartikler af ædelmetal (undtagen instrumenter og dele heraf), fx: digler, spatler, galvaniseringsanoder mv.
- fremstilling af urlænker af ædelmetal, manchetter, urremme og cigaretetuier";- gravering af personlige produkter i ædelmetal og uædelt metal;"- fremstilling af urremme, der ikke er af metal (stof, læder og plast mv.), jf. 15.12.00
- fremstilling af uædelt metal, som er belagt med sølv, guld eller platin, ikke yderligere forarbejdet, jf. 24.41.00
- fremstilling af statuetter og anden pynt af metalduble med ædelt metal, jf. 25.99.00
- fremstilling af urkasser, der kan være af ædelmetal, jf. 26.52.00
- fremstilling af urremme af (uædelt) metal, jf. 32.13.00
- fremstilling af bijouteri, der kan være belagt med ædelmetal, jf. 32.13.00
- smykkereparation, jf. 95.25.00"
1688;4;C;32.13;3213;;Fremstilling af bijouteri og lignende varer;Manufacture of imitation jewellery and related articles;;;;
1689;5;C;32.13.00;321300;;Fremstilling af bijouteri og lignende varer;Manufacture of imitation jewellery and related articles;Branchen omfatter fremstilling af ringe, halskæder, armbånd, urremme mv. af uædle metaller og kunstige sten.;"- fremstilling af bijouteri uden natur- eller kulturperler, ædelsten eller halvædelsten eller (undtagen som belægning eller som mindre bestanddele) ædelmetal eller metalduble, fx:
• ringe, armbånd, halskæder, brocher, øreringe og lignende små personlige pyntegenstande af uædelt metal med ædelmetal
• bijouteri med imiterede sten såsom imiterede ædelsten, imiterede diamanter o.lign.
- fremstilling af urremme af metal (undtagen ædelmetal)";;"- fremstilling af smykker af ædelmetaller eller belagt med ædle metaller, jf. 32.12.00
- fremstilling af smykker med ægte ædelsten, jf. 32.12.00
- fremstilling af urremme af ædelmetal, jf. 32.12.00"
1690;3;C;32.2;322;;Fremstilling af musikinstrumenter;Manufacture of musical instruments;;;;
1691;4;C;32.20;3220;;Fremstilling af musikinstrumenter;Manufacture of musical instruments;;;;
1692;5;C;32.20.00;322000;;Fremstilling af musikinstrumenter;Manufacture of musical instruments;Branchen omfatter fremstilling af musikinstrumenter, fx strenge-, blæse- og slagtøjsinstrumenter. Musikinstrumenter, hvis lyd frembringes elektronisk, er også omfattet, ligesom fremstilling af dele og tilbehør til instrumenter, fx metronomer og stemmegafler samt fløjter, signalhorn og andre signalblæseinstrumenter er omfattet.;"- fremstilling af strengeinstrumenter
- fremstilling af strengeinstrumenter med klaviatur, herunder selvspillende klaverer
- fremstilling af pibeorgler med klaviatur, stueorgler og lignende klaviaturinstrumenter med frie metalpiber
- fremstilling af harmonikaer og lignende instrumenter, herunder mundharmonikaer
- fremstilling af blæseinstrumenter
- fremstilling af slaginstrumenter, fx trommer, xylofoner, bækkener, kastagnetter og maracas
- fremstilling af musikinstrumenter, hvor lyden frembringes eller skal forstærkes elektronisk, fx digitale klaverer og synthesizere
- fremstilling af spilledåser, lirekasser, damporgler mv.
- fremstilling af instrumentdele og tilbehør, fx:
• metronomer, stemmegafler, stemmepiber, kort, plader, ruller til automatiske mekaniske instrumenter mv.";- fremstilling af fløjter, signalhorn og andre signalblæseinstrumenter;"- gengivelse af forudindspillede lyd- og videobånd og -plader, jf. 18.20.00
- fremstilling af mikrofoner, forstærkere, højttalere, hovedtelefoner og lignende komponenter, jf. 26.40.00
- fremstilling af pladespillere, båndoptagere o.lign., jf. 26.40.00
- fremstilling af legetøjsmusikinstrumenter, jf. 32.40.00
- udgivelse af forudindspillede lyd- og videobånd og -plader, jf. 59.20.00
- reparation af musikinstrumenter, der ikke betragtes som kulturarv og ikke-historiske, jf. 95.29.00
- klaverstemning, jf. 95.29.00"
1693;3;C;32.3;323;;Fremstilling af sportsudstyr;Manufacture of sports goods;;;;
1694;4;C;32.30;3230;;Fremstilling af sportsudstyr;Manufacture of sports goods;Denne undergruppe omfatter fremstilling af sports- og atletikartikler (undtagen beklædning og fodtøj).;;;
1695;5;C;32.30.00;323000;;Fremstilling af sportsudstyr;Manufacture of sports goods;Branchen omfatter fremstilling af sportsudstyr, fx bolde af forskellig hårdhed, ketsjere, ski, lokkefugle og lignende rekvisitter til jagt og skydning, bassiner til svømme- eller soppebassiner samt udstyr til motionscentre.;"- fremstilling af artikler og udstyr til sport, udendørs og indendørs spil, af ethvert materiale, fx:
• hårde, bløde og oppustelige bolde
• ketsjere, bats og køller
• ski, bindinger og stave
• skistøvler, snowboardstøvler og skistøvler til langrend
• sejlbrætter og surfbrætter og vandski
• rekvisitter til sportsfiskeri, herunder fangstnet
• lokkefugle og lignende rekvisitter til jagt og skydning
• artikler og udstyr til bjergklatring
• handsker til brug i sport, af læder eller kunstlæder
• bassiner til svømme- eller soppebassiner
• skøjter, rulleskøjter
• buer og armbrøster
• udstyr til motionscentre, fitnesscentre eller atletik
• vægte der bruges til vægtløftning";;"- fremstilling af bådsejl, jf. 13.96.00
- fremstilling af sportsbeklædning, jf. 14.29.00
- fremstilling af sadler og seletøj, jf. 15.12.00
- fremstilling af piske og ridepiske, jf. 15.12.00
- fremstilling af sportsfodtøj, jf. 15.20.00
- fremstilling af gummivåddragter og dykkerdragter, jf. 22.12.00
- fremstilling af hovedbeklædning af plast, undtagen sikkerhedshovedbeklædning, jf. 22.26.00
- fremstilling af sports-, jagt- eller målskydningsvåben og -ammunition, jf. 25.30.00
- fremstilling af metallodder som bruges til vægtløftning, jf. 25.99.00
- fremstilling af andre sportskøretøjer end bobslæder, kælke o.lign., jf. hovedgruppe 29 og 30
- fremstilling af både til sport og fritid, jf. 30.12.00
- fremstilling af billardborde, jf. 32.40.00
- fremstilling af ørepropper og høreværn (fx til svømning og støjbeskyttelse), jf. 32.99.00
- fremstilling af sikkerhedshjelme, jf. 32.99.00
- reparation af sportsartikler, jf. 95.29.00"
1696;3;C;32.4;324;;Fremstilling af spil og legetøj;Manufacture of games and toys;;;;
1697;4;C;32.40;3240;;Fremstilling af spil og legetøj;Manufacture of games and toys;Denne undergruppe omfatter fremstilling af dukker, legetøj og spil (herunder elektroniske spil), skalamodeller og børnekøretøjer (undtagen cykler og trehjulede cykler af metal).;;;
1698;5;C;32.40.00;324000;;Fremstilling af spil og legetøj;Manufacture of games and toys;Branchen omfatter fremstilling af spil og legetøj, fx dukker, actionfigurer, legetøjsdyr, spil og spilleautomater, puslespil og droner til rekreative formål. Fremstilling af stoflegetøj er også omfattet.;"- fremstilling af dukker og dukketøj, dele og tilbehør
- fremstilling af actionfigurer
- fremstilling af legetøjsdyr
- fremstilling af legetøj på hjul, der er beregnet til at blive kørt på, herunder cykler og trehjulede cykler af plast
- fremstilling af legetøjsmusikinstrumenter
- fremstilling af spillekort
- fremstilling af spil og legetøj af papir eller pap
- fremstilling af brætspil og lignende spil
- fremstilling af elektroniske brætspil
- fremstilling af skalamodeller og lignende fritidsmodeller, eltog, byggesæt mv.
- fremstilling af spilleautomater
- fremstilling af billardborde, specialborde til kasinospil mv.
- fremstilling af artikler til tivolier, bordspil eller selskabslege
- fremstilling af puslespil og lignende artikler
- fremstilling af droner til leg";- fremstilling af stoflegetøj;"- fremstilling af videospillekonsoller, jf. 26.40.00
- fremstilling af droner til civile formål, jf. 30.31.00
- fremstilling af cykler, jf. 30.92.00
- fremstilling af spøg- og skæmtartikler, jf. 32.99.00
- skrivning og offentliggørelse af software til videospillekonsoller, jf. 58.21.00 og 62.10.00"
1699;3;C;32.5;325;;Fremstilling af medicinske og dentale instrumenter samt udstyr hertil;Manufacture of medical and dental instruments and supplies;;;;
1700;4;C;32.50;3250;;Fremstilling af medicinske og dentale instrumenter samt udstyr hertil;Manufacture of medical and dental instruments and supplies;"Denne undergruppe omfatter fremstilling af laboratorieapparater, kirurgiske og medicinske instrumenter, kirurgiske apparater og forsyninger, dentaludstyr og -forsyninger, ortodontiske artikler, proteser og ortodontiske apparater. 

Omfatter fremstilling af møbler til medicinsk, dental og lignende brug, hvor yderligere specifikke funktioner bestemmer produktets formål, fx tandlægestole med indbyggede hydrauliske funktioner.";;;
1701;5;C;32.50.00;325000;;Fremstilling af medicinske og dentale instrumenter samt udstyr hertil;Manufacture of medical and dental instruments and supplies;Branchen omfatter fremstilling af medicinske og dentale instrumenter samt udstyr hertil, fx tandfyldninger, dentalcement, operationsborde, tandlægestole, dentalinstrumenter, sprøjter, nåle, katetre, glasøjne og ortopædiske sko syet efter mål.;"- fremstilling af kirurgiske afdækningsstykker og sterilt garn og væv
- fremstilling af tandfyldninger og dentalcement (undtagen bindemiddel til tandproteser), dentalvoks og andre dentalpræparater baseret på gips
- fremstilling af cement til knoglegenopbygning
- fremstilling af dentale laboratorieovne
- fremstilling af ultralydsrensningsmaskiner til laboratorier
- fremstilling af medicinske, kirurgiske eller laboratorieautoklaver
- fremstilling af laboratoriecentrifuger
- fremstilling af møbler til medicinske, kirurgiske, dentale eller veterinære formål, fx:
• operationsborde
• undersøgelsesborde
• hospitalssenge med mekaniske beslag
• tandlægestole
- fremstilling af specialdesignede implantater til brug inden for medicinske, kirurgiske, dentale eller veterinære videnskaber, fx plader til erstatning af en del af en knogle eller en hel knogle
- fremstilling af sprøjter, nåle, katetre, kanyler mv.
- fremstilling af dentalinstrumenter og -apparater
- fremstilling af kunstige tænder og dentalproteser
- fremstilling af ortopædiske artikler og proteser
- fremstilling af glasøjne
- fremstilling af medicinske termometre
- fremstilling af øjenartikler, briller, solbriller, linser slebet ift. recept, kontaktlinser og sikkerhedsbriller
- fremstilling af ortopædiske fodtøj efter mål, og specielle indlægssåler til korrektion af ortopædiske tilstande
- fremstilling af individuelle beskyttelsesmasker, fx FFP2, FFP3 og kirurgiske masker";;"- fremstilling af serieproducerede specialsko, der understøtter svangen, jf. 15.20.00
- fremstilling af fikserpasta og -pulvere til tandproteser, jf. 20.42.00
- fremstilling af vattering, gaze, bandager og lignende artikler, fx forbindinger, hæfteplaster, omslag, imprægneret eller belagt med farmaceutiske stoffer, jf. 21.20.00
- fremstilling af elektromedicinske og elektroterapeutiske apparater, jf. 26.60.90
- fremstilling af høreapparater, jf. 26.60.10
- fremstilling af kørestole, jf. 30.92.00
- optikeres aktiviteter, dvs. detailhandel med briller, kontaktlinser og solbriller, jf. 47.74.10"
1702;3;C;32.9;329;;Fremstillingsaktiviteter i.a.n.;Manufacturing n.e.c.;;;;
1703;4;C;32.91;3291;;Fremstilling af koste og børster;Manufacture of brooms and brushes;;;;
1704;5;C;32.91.00;329100;;Fremstilling af koste og børster;Manufacture of brooms and brushes;Branchen omfatter fremstilling af koste og børster, fx toiletbørster, fejekoste, malerpensler, mopper, sko- og tøjbørster.;"- fremstilling af koste og børster, fx toiletbørster, husholdningsbørster, malerpensler, fine pensler, tekniske børster, industribørster, herunder børster der indgår i maskiner, håndbetjente mekaniske gulvfejemaskiner, mopper og fjerkoste, malekoste, malepuder og -ruller, spatler og andre børster og pensler, koste og mopper
- fremstilling af sko- og tøjbørster";;
1705;4;C;32.99;3299;;Andre fremstillingsaktiviteter i.a.n.;Other manufacturing n.e.c.;;;;
1706;5;C;32.99.00;329900;;Andre fremstillingsaktiviteter i.a.n.;Other manufacturing n.e.c.;"Branchen omfatter andre fremstillingsaktiviteter, fx af forskellige former for personligt sikkerhedsudstyr som fx skudsikre veste, samt fremstilling af globusser, paraplyer, knapper og tryklåse, elektroniske cigaretter og lightere samt artikler til personligt brug som fx falske skæg og øjenbryn. Udstopningsaktiviteter er også omfattet. 

Fremstilling af beskyttelsesbeklædning henvises til 14.23.00.";"- fremstilling af sikkerhedsudstyr, af fx:
• sikkerhedsbælter eller andre bælter til arbejdsbrug
• korkredningsbælter
• sikkerhedshjelme og andet personligt sikkerhedsudstyr, fx ansigtsskærme/-visirer eller sportshjelme af plast
• brandhæmmende beklædning, fx til brandslukning
• sikkerhedshjelme og andet personligt sikkerhedsudstyr af metal
• ørepropper og høreværn, fx til svømning eller støjbeskyttelse
• gasmasker
• sikkerhedsbeklædning og tilbehør mod biologisk betinget fare
• skudsikre veste
• renrumsdragter og tilbehør
- fremstilling af kuglepenne og blyanter af alle slags, der kan være mekaniske
- fremstilling af grafit til blyanter
- fremstilling af dato-, forseglings- eller nummerstempler, håndbetjent udstyr til trykning eller prægning af etiketter, stempelsæt, farvebånd til skrivemaskiner og stempelpuder
- fremstilling af globusser
- fremstilling af paraplyer, haveparasoller, spadserestokke og siddestokke
- fremstilling af knapper, tryklåse, trykknapper og lynlåse
- fremstilling af elektroniske cigaretter
- fremstilling af cigaretlightere og andre lightere
- fremstilling af artikler til personlig brug, fx piber, duftsprays, vakuumflasker og andre vakuumbeholdere til personlig eller husholdningsbrug, parykker, falske skæg og øjenbryn
- fremstilling af diverse artikler, fx: kerter, kegler og lignende, kunstige blomster, frugter og løv, spøg- og skæmtartikler, håndsigter, grovsigter og kister
- fremstilling af blomsterkurve, buketter, kranser og lignende artikler
- udstopningsaktiviteter
- fremstilling af skalamodeller beregnet til demonstrationsformål";;"- fremstilling af lightervæger, jf. 13.96.00
- fremstilling af arbejdsbeklædning, jf. 14.23.00
- fremstilling af spøg- og skæmtartikler i papir, jf. 17.25.00
- fremstilling af hovedbeklædning af plast, undtagen sikkerhedshovedbeklædning, jf. 22.26.00
- fremstilling af individuelle beskyttelsesmasker, fx FFP2, FFP3, kirurgiske masker, jf. 32.50.00"
1707;2;C;33;33;;Reparation, vedligeholdelse og installation af maskiner og udstyr;Repair, maintenance and installation of machinery and equipment;"Denne hovedgruppe omfatter specialreparation af varer, der er produceret i fremstillingssektoren med det formål at genoprette maskiners, udstyrs og andre produkters driftstilstand. Den omfatter levering af generel eller rutinemæssig vedligeholdelse (dvs. service) af sådanne produkter for at sikre, at de fungerer effektivt, samt for at forebygge sammenbrud og unødvendige reparationer.

Denne hovedgruppe omfatter kun specialreparationer og -vedligeholdelse. Der udføres også en betydelig mængde reparationer af de, der fremstiller de respektive maskiner, udstyr og andre varer. I disse tilfælde klassificeres enhederne efter princippet om, hvor værditilvæksten er størst. De kombinerede aktiviteter vil ofte medføre, at aktiviteten i enheden placeres som fremstilling. Det samme princip er anvendt ved kombineret handel og reparation.

Genopbygning eller reproduktion af maskiner og udstyr anses for en fremstillingsaktivitet og er omfattet af andre hovedgrupper i denne hovedafdeling.

Denne hovedgruppe omfatter også specialinstallationen af maskiner.

Denne hovedgruppe omfatter ikke:
- rengøring af industrimaskiner, jf. 81.22.90
- installation af udstyr, der udgør en integreret del af bygninger og lignende strukturer, fx installation af el, af rulletrapper eller klimaanlæg, klassificeres som konstruktion
- reparation og vedligeholdelse af computere og kommunikationsudstyr, jf. 95.10.00
- reparation og vedligeholdelse af husholdningsartikler, jf. 95.2
- reparation og vedligeholdelse af forbrugsvarer og varer, der anvendes som kapitalgoder, klassificeres typisk som reparation og vedligeholdelse af husholdningsartikler (fx reparation af møbler til kontor og bolig, jf. 95.24.00).
- reparation og vedligeholdelse af motorkøretøjer og motorcykler, jf. 95.3";;;
1708;3;C;33.1;331;;Reparation og vedligeholdelse af færdige metalprodukter, maskiner og udstyr;Repair and maintenance of fabricated metal products, machinery and equipment;"Denne gruppe omfatter specialreparation af varer, der er produceret i fremstillingssektoren med det formål at genoprette produkters, maskiners, udstyrs og andre produkters driftstilstand. Gruppen omfatter levering af generel eller rutinemæssig vedligeholdelse (dvs. service) af sådanne produkter for at sikre, at de fungerer effektivt, samt for at forebygge sammenbrud og unødvendige reparationer.

Gruppen omfatter ikke:
- genopbygning eller reproduktion af maskiner og udstyr, jf. tilsvarende undergruppe i hovedgruppe 25-30
- rengøring af industrimaskiner, jf. 81.22.90
- reparation og vedligeholdelse af computere og kommunikationsudstyr, jf. 95.10.00
- reparation og vedligeholdelse af husholdningsartikler, jf. 95.2";;;
1709;4;C;33.11;3311;;Reparation og vedligeholdelse af færdige metalprodukter;Repair and maintenance of fabricated metal products;Denne undergruppe omfatter reparation og vedligeholdelse af færdige metalprodukter i hovedgruppe 25.;;;
1710;5;C;33.11.00;331100;tilpasset teskt;Reparation og vedligeholdelse af færdige metalprodukter;Repair and maintenance of fabricated metal products;Branchen omfatter reparation og vedligeholdelse af færdige metalprodukter, fx metaltanke, -reservoirer og -beholdere, kondensatorer, forvarmere, overhedere, dampsamlere, akkumulatorer, kernereaktorer og skydevåben samt våben til sports- og fritidsbrug.;"- reparation af metaltanke, -reservoirer og -beholdere
- reparation og vedligeholdelse af rør og rørledninger
- mobil svejsereparation
- reparation af forsendelsestromler af stål
- reparation og vedligeholdelse af dampgeneratorer
- reparation og vedligeholdelse af hjælpeanlæg til brug sammen med dampgeneratorer:
• kondensatorer, forvarmere, overhedere, dampsamlere og akkumulatorer
- reparation og vedligeholdelse af kernereaktorer, undtagen isotopseparatorer
- reparation og vedligeholdelse af dele til marine- og kraftkedler
- reparation af pladearbejde til centralvarmekedler og -kølere
- reparation og vedligeholdelse af skydevåben og våbenmateriel, herunder reparation af våben til sports- og fritidsbrug";;"- slibning af blade og save, jf. 33.12.00
- reparation og vedligeholdelse af indkøbsvogne, jf. 33.17.00
- reparation af centralvarmeanlæg mv., jf. 43.22.00
- reparation af mekaniske låsemekanismer og pengeskabe mv., hvis det sker i forbindelse med overvågningsydelser, jf. 80.09.00"
1711;4;C;33.12;3312;;Reparation og vedligeholdelse af maskiner;Repair and maintenance of machinery;Denne undergruppe omfatter reparation og vedligeholdelse af industri- og erhvervsmaskiner og -udstyr, fx slibning eller montering af maskinklinger og -save, levering af svejsereparationstjenester (fx autosvejsning og generel svejsning), reparation af landbrugsmaskiner og andre tunge, industrielle maskiner og udstyr (fx gaffeltrucks og andet transportudstyr, værktøjsmaskiner, kommercielt køleudstyr, byggeudstyr og minemaskiner), herunder maskiner og udstyr i hovedgruppe 28.;;;
1712;5;C;33.12.00;331200;;Reparation og vedligeholdelse af maskiner;Repair and maintenance of machinery;Branchen omfatter reparation og vedligeholdelse af en bred vifte af maskiner og udstyr til erhvervsmæssig brug. Branchen omfatter også reparation og vedligeholdelse af lokomotiver, pumper, kompressorer og tilhørende udstyr.;"- reparation og vedligeholdelse af motorer, undtagen motorkøretøjer, skibe, både og fly
- reparation og vedligeholdelse af lokomotiver
- reparation og vedligeholdelse af pumper, kompressorer og tilhørende udstyr
- reparation og vedligeholdelse af hydraulikmaskiner
- reparation af ventiler
- reparation af tandhjul og drivsystemer
- reparation og vedligeholdelse af industrielle procesovne
- reparation og vedligeholdelse af løfte- og transportudstyr
- reparation og vedligeholdelse af industrielt køleudstyr og luftrensningsudstyr
- reparation og vedligeholdelse af kommercielle maskiner til alment brug
- reparation af eldrevne håndværktøjer
- reparation og vedligeholdelse af maskinværktøjer og tilbehør til skæring i og formning af metal
- reparation og vedligeholdelse af andre maskinværktøjer
- reparation og vedligeholdelse af landbrugs- og skovbrugstraktorer
- reparation og vedligeholdelse af landbrugs, skovbrugs- og skovningsmaskiner
- reparation og vedligeholdelse af metallurgimaskiner
- reparation og vedligeholdelse af maskiner til minedrift, byggeri samt olie- og gasfelter
- reparation og vedligeholdelse af maskiner til fødevare-, drikkevare- og tobaksforarbejdning
- reparation og vedligeholdelse af maskiner til tekstilbeklædning samt læderfremstilling
- reparation og vedligeholdelse af papirmaskiner
- reparation og vedligeholdelse af plast- og gummimaskiner
- reparation og vedligeholdelse af specialkonstruerede maskiner i hovedgruppe 28
- reparation og vedligeholdelse af vejeudstyr
- reparation og vedligeholdelse af salgsautomater
- reparation og vedligeholdelse af kasseapparater
- reparation og vedligeholdelse af kopieringsmaskiner
- reparation af regnemaskiner, elektroniske og andet
- reparation af skrivemaskiner";- reparation og vedligeholdelse af maskin- og motordele på vindmøller;"- reparation og vedligeholdelse af civile skibs- og bådmotorer, jf. 33.15.00
- reparation og vedligeholdelse af civile flymotorer, jf. 33.16.00
- reparation og vedligeholdelse af militære kampkøretøjer, skibe, både, luft- og rumfartøjer, jf. 33.18.00
- installation, reparation og vedligeholdelse af ovne og andre varmeanlæg, jf. 43.22.00
- installation, reparation og vedligeholdelse af elevatorer og rulletrapper, jf. 43.24.00
- reparation og vedligeholdelse af computere, jf. 95.10.00
- reparation og vedligeholdelse af motorer til motorkøretøjer, jf. 95.31.90"
1713;4;C;33.13;3313;;Reparation og vedligeholdelse af elektronisk og optisk udstyr;Repair and maintenance of electronic and optical equipment;Denne undergruppe omfatter reparation og vedligeholdelse af artikler, der produceres i grupperne 26.5, 26.6 og 26.7, bortset fra artikler betragtet som husholdningsartikler.;;;
1714;5;C;33.13.00;331300;;Reparation og vedligeholdelse af elektronisk og optisk udstyr;Repair and maintenance of electronic and optical equipment;Branchen omfatter reparation og vedligeholdelse af elektronisk og optisk udstyr, fx udstyr til måling, instrumenter til flymotorer, meteorologiske instrumenter, pacemakere, høreapparater, bestrålingsapparatur, kikkerter og mikroskoper.;"- reparation og vedligeholdelse af udstyr til måling, afprøvning, navigation og kontrol i undergruppe 26.5, fx:
• instrumenter til flymotorer
• udstyr til udledningsafprøvning til biler
• meteorologiske instrumenter
• udstyr til afprøvning og inspektion af fysiske, elektriske og kemiske egenskaber
• instrumenter til landmåling
• instrumenter til påvisning og overvågning af stråling
- reparation og vedligeholdelse af bestrålingsudstyr og elektromedicinsk og elektroterapeutisk apparatur i undergruppe 26.60, fx:
• udstyr til magnetisk resonansbilleddannelse
• medicinsk ultralydsudstyr
• pacemakere
• høreapparater
• elektrokardiografer
• elektromedicinsk endoskopisk udstyr
• bestrålingsapparatur
- reparation og vedligeholdelse af optiske instrumenter og udstyr i branche 26.70.00, hvis brugen er fortrinsvis erhvervsmæssig, fx:
• kikkerter
• mikroskoper (undtagen elektron- og protonmikroskoper)
• teleskoper
• prismer og liner (undtagen til øjenbrug)
• fotografisk udstyr";;"- reparation og vedligeholdelse af fotokopimaskiner, jf. 33.12.00
- reparation og vedligeholdelse af computere og ydre enheder, jf. 95.10.00
- reparation og vedligeholdelse af computerprojektorer, jf. 95.10.00
- reparation og vedligeholdelse af kommunikationsudstyr, jf. 95.10.00
- reparation og vedligeholdelse af kommercielle TV- og videokameraer, til professionel brug, jf. 95.10.00
- reparation af kameraer og videokameraer til husholdningsbrug, jf. 95.21.00
- reparation af ure, jf. 95.25.00"
1715;4;C;33.14;3314;;Reparation og vedligeholdelse af elektrisk udstyr;Repair and maintenance of electrical equipment;Denne undergruppe omfatter reparation og vedligeholdelse af artikler i hovedgruppe 27.;;;
1716;5;C;33.14.00;331400;;Reparation og vedligeholdelse af elektrisk udstyr;Repair and maintenance of electrical equipment;Branchen omfatter reparation og vedligeholdelse af elektrisk udstyr, fx transformatorer, relæer, batterier og elektrisk belysningsudstyr. Reparation og vedligeholdelse af ladestationer til biler er også omfattet.;"- reparation og vedligeholdelse af stærkstrøms-, fordelings- og specialtransformatorer
- reparation og vedligeholdelse af elektriske motorer, generatorer og motorgeneratorsæt
- reparation og vedligeholdelse af fordelingsanlæg og tavleanlægsapparaturer
- reparation og vedligeholdelse af relæer og industrikontrolapparater
- reparation og vedligeholdelse af primære batterier og lagerbatterier
- reparation og vedligeholdelse af elektrisk belysningsudstyr
- reparation og vedligeholdelse af strømførende og ikke-strømførende ledningsmateriel til elektrisk montage af elektriske kredsløb";- reparation og vedligeholdelse af ladestationer til biler;"- reparation og vedligeholdelse af elektriske motorer til både, motorkøretøjer og motorcykler, jf. 33.15.00, 95.31.90 og 95.32.00
- reparation og vedligeholdelse af computere og ydre computerenheder, jf. 95.10.00
- reparation og vedligeholdelse af telekommunikationsudstyr, jf. 95.10.00
- reparation og vedligeholdelse af forbrugerelektronik, jf. 95.21.00
- reparation og vedligeholdelse af husholdningsapparater, jf. 95.22.00
- reparation af ure, jf. 95.25.00"
1717;4;C;33.15;3315;;Reparation og vedligeholdelse af civile skibe og både;Repair and maintenance of civilian ships and boats;Denne undergruppe omfatter reparation og vedligeholdelse af civile skibe og både.;;;
1718;5;C;33.15.00;331500;;Reparation og vedligeholdelse af civile skibe og både;Repair and maintenance of civilian ships and boats;Branchen omfatter reparation og vedligeholdelse af civile skibe og både, fx fritidsbåde, elektriske påhængsmotorer og flydende materiel.;"- reparation og vedligeholdelse af civile skibe
- reparation og vedligeholdelse af fritidsbåde
- reparation og vedligeholdelse af civile skibs- og bådmotorer, herunder elektriske påhængsmotorer
- reparation og vedligeholdelse af flydende materiel";;"- fabrikseftersyn af skibs- og bådmotorer til skibe og både til fritid og sport, jf. 28.11.00
- fabrikseftersyn og genopbygning af civile skibe og både, jf. 30.11.00
- fabrikseftersyn og genopbygning af både til sport og fritid, jf. 30.12.00
- reparation og vedligeholdelse af militære skibe og både, jf. 33.18.00
- reparation og vedligeholdelse af militære skibs- og bådmotorer, jf. 33.18.00"
1719;4;C;33.16;3316;;Reparation og vedligeholdelse af civile luft- og rumfartøjer;Repair and maintenance of civilian air and spacecraft;Denne undergruppe omfatter reparation og vedligeholdelse af civile fly og rumfartøjer.;;;
1720;5;C;33.16.00;331600;;Reparation og vedligeholdelse af civile luft- og rumfartøjer;Repair and maintenance of civilian air and spacecraft;"Branchen omfatter reparation og vedligeholdelse af civile luft- og rumfartøjer, fx civile fly og flymotorer. 

Fabriksgennemsyn og genopbygning af civile fly og flymotorer henvises til 30.31.00.";"- reparation og vedligeholdelse af civile fly (undtagen fabriksombygning, fabrikseftersyn og fabriksgenopbygning)
- reparation og vedligeholdelse af civile flymotorer";;"- fabrikseftersyn og genopbygning af civile fly, jf. 30.31.00
- fabrikseftersyn af civile flymotorer, jf. 30.31.00
- reparation og vedligeholdelse af militære kampkøretøjer, fly og rumfartøjer, jf. 33.18.00"
1721;4;C;33.17;3317;;Reparation og vedligeholdelse af andre civile transportmidler;Repair and maintenance of other civilian transport equipment;Denne undergruppe omfatter reparation og vedligeholdelse af andet civilt transportudstyr fremstillet i hovedgruppe 30.;;;
1722;5;C;33.17.00;331700;;Reparation og vedligeholdelse af andre civile transportmidler;Repair and maintenance of other civilian transport equipment;"Branchen omfatter reparation og vedligeholdelse af andre civile transportmidler, fx lokomotiver, ombygning af jernbanevogne, dyretrukne vogne eller hånddrevne køretøjer. Reparation og vedligeholdelse af køretøjer til handicappede og indkøbsvogne er også omfattet. 

Reparation og vedligeholdelse af lokomotiver henvises til 33.12.00.";"- reparation og vedligeholdelse af ombyggede lokomotiver og jernbanevogne
- reparation af dyretrukne vogne
- reparation og vedligeholdelse af køretøjer til handicappede
- reparation af hånddrevne eller dyretrukne køretøjer
- reparation og vedligeholdelse af indkøbsvogne";;"- fabrikseftersyn og genopbygning af lokomotiver og jernbanevogne, jf. 30.20.00
- reparation og vedligeholdelse af lokomotiver, jf. 33.12.00
- reparation og vedligeholdelse af militære kampkøretøjer, jf. 33.18.00
- reparation af cykler, jf. 95.29.00
- reparation og vedligeholdelse af motorcykler, jf. 95.32.00"
1723;4;C;33.18;3318;;Reparation og vedligeholdelse af militære kampkøretøjer, skibe, både og luft- og rumfartøjer;Repair and maintenance of military fighting vehicles, ships, boats, air and spacecraft;Denne undergruppe omfatter reparation og vedligeholdelse af militære kampkøretøjer, skibe, både og luft- og rumfartøjer.;;;
1724;5;C;33.18.00;331800;;Reparation og vedligeholdelse af militære kampkøretøjer, skibe, både og luft- og rumfartøjer;Repair and maintenance of military fighting vehicles, ships, boats, air and spacecraft;Branchen omfatter reparation og vedligeholdelse af militære kampkøretøjer, skibe, både og luft- og rumfartøjer.;"- reparation og vedligeholdelse af militære luft- og rumfartøjer
- reparation og vedligeholdelse af militære kampkøretøjer
- reparation og vedligeholdelse af militære skibe, både og flydende materiel";;"- fabrikseftersyn af militære skibs- og bådmotorer, jf. 28.11.00
- fabrikseftersyn og genopbygning af militære kampkøretøjer, skibe, både, flydende materiel, fly og rumfartøjer, jf. hovedgruppe 30.13.00, 30.32.00 og 30.40.00
- fabrikseftersyn og ombygning af militære luftfartøjer eller flymotorer, jf. 30.32.00
- vedligeholdelse og reparation af civile både, skibe, fly og rumfartøjer samt andre fartøjer, jf. 33.15.00 og 33.16.00"
1725;4;C;33.19;3319;;Reparation og vedligeholdelse af andet udstyr;Repair and maintenance of other equipment;Denne undergruppe omfatter reparation og vedligeholdelse af udstyr, der ikke er omfattet af andre undergrupper af denne hovedgruppe.;;;
1726;5;C;33.19.00;331900;;Reparation og vedligeholdelse af andet udstyr;Repair and maintenance of other equipment;Branchen omfatter reparation og vedligeholdelse af andet udstyr, der ikke er nævnt i 33.11-33.18, fx fiskenet, tovværk, spilleautomater og hospitalssenge. Restaurering af orgler og andre historiske musikinstrumenter er også omfattet.;"- reparation af fiskenet, herunder bødning
- reparation af tovværk, rigninger, lærreder og presenninger
- reparation af lagerposer til gødning og kemikalier
- reparation eller renovering af træpaller, forsendelsestromler og lignende artikler
- reparation af spilleautomater
- reparation af hospitalssenge";- reparation og vedligeholdelse af medicinske instrumenter af typen, der produceres i 32.50.00, dog ikke bestrålingsudstyr samt elektromedicinsk og elektroterapeutisk udstyr;"- reparation af møbler til bolig- og kontorbrug, jf. 95.24.00
- reparation af cykler, jf. 95.29.00
- reparation og ændring af beklædning, jf. 95.29.00"
1727;3;C;33.2;332;;Installation af industrimaskiner og -udstyr;Installation of industrial machinery and equipment;;;;
1728;4;C;33.20;3320;;Installation af industrimaskiner og -udstyr;Installation of industrial machinery and equipment;Denne undergruppe omfatter specialinstallation af maskiner. Installation af udstyr, der udgør en integreret del af bygninger eller lignende strukturer, fx installation af rulletrapper, elinstallationer, tyverialarmanlæg eller klimaanlæg, klassificeres imidlertid som konstruktion.;;;
1729;5;C;33.20.00;332000;;Installation af industrimaskiner og -udstyr;Installation of industrial machinery and equipment;Branchen omfatter installation af industrimaskiner, -udstyr og turbiner, fx kommunikationsudstyr, udstyr til møllebyggeri og bowlingbaner, lagermaskiner og -udstyr samt reoler og fritstående ladestationer.;"- installation af industrimaskiner i industrianlæg
- installation og samling af industrielt processtyringsudstyr
- installation af andet industriudstyr, fx:
• kommunikationsudstyr
• mainframe og lignende computere
• bestrålings- og elektromedicinsk udstyr mv.
- demontering af omfattende maskiner og udstyr
- møllebyggeri
- maskinmontering
- installation af udstyr til bowlingbaner
- installation af lagermaskiner og -udstyr";"- installation af omfattende reoler og lagre (ikke som en integreret del af bygningen)
- installation af fritstående ladestationer
- installation af turbiner i fx vindmøller";"- installation af ladestationer i vægbokse, jf. Hovedafdeling F
- opførelse af komplette lagre, jf. 41.00.00
- installation af elevatorer, rulletrapper, automatiske døre, støvsugningssystemer mv., jf. 43.24.00
- installation af døre, trapper, butiksinventar og møbler mv., jf. 43.32.00
- opførelse af bygningsstål til lagerreoler på lagre, jf. 43.42.00
- installation (opsætning) af personlige computere, jf. 62.90.00"
1730;1;D;D;D;;EL-, GAS- OG FJERNVARMEFORSYNING;ELECTRICITY, GAS, STEAM AND AIR CONDITIONING SUPPLY;"Denne hovedafdeling omfatter produktion, lagring, styring, distribution, levering og mægleraktiviteter i forbindelse med forsyning af elektricitet eller luftformige brændstoffer til energiforsyning gennem et permanent netværk af ledninger, ledningsnet og rør. Hovedafdelingen omfatter energiforsyning til industriparker eller boligblokke, dvs. drift af elektricitets- og gasselskaber. 

Denne hovedafdeling omfatter varme og køling, fx fjernvarmeforsyning gennem et permanent netværk. 

Denne hovedafdeling omfatter ikke:
- indvinding af rånaturgas, jf. 06.20.00
- vandforsyning og spildevandsrensning, jf. hovedgruppe 36 og 37
- transport af gas gennem rørledninger, dvs. ikke gennem distributionsnetværket, jf. 49.50.00";;;
1731;2;D;35;35;;El-, gas- og fjernvarmeforsyning;Electricity, gas, steam and air conditioning supply;;;;
1732;3;D;35.1;351;;Elforsyning;Electric power generation, transmission and distribution;"Denne gruppe omfatter produktion af elektricitet, transmission fra produktionsanlæg til distributionscentre og distribution til slutbrugere. Handel med og lagring af elektricitet er også omfattet. 

Gruppen omfatter ikke:
- separat produktion og distribution af damp og varme, jf. 35.30.00
- leverandør- og mægleraktiviteter i forbindelse med salg af elektricitet via distributionssystemer for stærkstrømsledninger, der drives af andre, jf. 35.40.00";;;
1733;4;D;35.11;3511;;Produktion af elektricitet fra ikke-vedvarende energikilder;Production of electricity from non-renewable sources;;;;
1734;5;D;35.11.00;351100;;Produktion af elektricitet fra ikke-vedvarende energikilder;Production of electricity from non-renewable sources;Branchen omfatter drift af produktionsanlæg, der producerer elektricitet fra ikke-vedvarende energikilder, fx naturgas og kul, samt fra udledningsfrie, ikke-vedvarende kilder, fx kernekraft.;- drift af produktionsanlæg, der producerer elektricitet fra ikke-vedvarende energikilder, fx naturgas, kul og andre fossile brændstoffer, og fra udledningsfrie, ikke-vedvarende kilder, fx kernekraft;;"- produktion af elektricitet fra vedvarende energikilder, jf. 35.12.00
- produktion af elektricitet som del af lagring af elektricitet, jf. 35.16.00
- forbehandling og energiudnyttelse af affald, jf. 38.22.00"
1735;4;D;35.12;3512;;Produktion af elektricitet fra vedvarende energikilder;Production of electricity from renewable sources;;;;
1736;5;D;35.12.00;351200;;Produktion af elektricitet fra vedvarende energikilder;Production of electricity from renewable sources;Branchen omfatter drift af produktionsanlæg, der producerer elektricitet fra vedvarende energikilder, fx vind- og vandkraft, solenergi og biobrændsler.;- drift af produktionsanlæg, der producerer elektricitet fra vedvarende energikilder, fx gasholdige biobrændsler, vandkraft, landvind, havvind, solceller og solvarme, geotermisk og tidevandskraft samt bølge- og havenergi;;"- produktion af elektricitet fra ikke-vedvarende energikilder, jf. 35.11.00
- produktion af elektricitet som del af lagring af elektricitet, jf. 35.16.00
- forbehandling og energiudnyttelse af affald, jf. 38.22.00"
1737;4;D;35.13;3513;;Transmission af elektricitet;Transmission of electricity;;;;
1738;5;D;35.13.00;351300;;Transmission af elektricitet;Transmission of electricity;Branchen omfatter drift af højspændingssystemer, der overfører elektricitet fra produktionsanlæg til distributionssystemer.;- drift af højspænding og højspændingstransmissionssystemer, der overfører elektricitet fra produktionsanlægget til distributionssystemet;;
1739;4;D;35.14;3514;;Distribution af elektricitet;Distribution of electricity;;;;
1740;5;D;35.14.00;351400;;Distribution af elektricitet;Distribution of electricity;Branchen omfatter drift eller leasing af distributionssystemer (ledninger, poler, målere og ledningsføring), som overfører elektricitet til slutbrugeren.;"- drift af høj-, mellem- og lavspændingsdistributionssystemer, fx ledninger, master, målere og ledningsføring, der overfører elektricitet fra produktionsanlægget eller transmissionssystemet til slutbrugeren
- udlejning og leasing af elforsyningsnet
- distribution af elektricitet til ledningsnet";;
1741;4;D;35.15;3515;;Handel med elektricitet;Trade of electricity;;;;
1742;5;D;35.15.10;351510;;Handel med elektricitet via ladestationer o. lign.;Trade of electricity via charging stations etc.;Branchen omfatter handel med elektricitet, for egen regning, via ladestationer eller andre ladefaciliteter, fx til bærbare computere, mobiltelefoner eller biler.;- handel med elektricitet, for egen regning, via ladestationer;"- drift af ladefaciliteter til elbiler, fx elbiler, motorcykler og cykler
- drift af opladningsfaciliteter til elektroniske enheder, fx mobiltelefoner og bærbare computere";- salg af elektricitet for andres regning, jf. 35.40.00
1743;5;D;35.15.90;351590;;Anden handel med elektricitet;Other trading in electricity;Branchen omfatter anden handel med elektricitet, herunder drift af elektricitets- og transportkapacitetsudvekslinger for elektrisk strøm.;- handel med elektricitet for egen regning;"- handel med elektricitet på engrosmarkeder
- handel med elektricitet til slutbrugeren
- drift af elektricitets- og transportkapacitetsudvekslinger";
1744;4;D;35.16;3516;;Lagring af elektricitet;Storage of electricity;;;;
1745;5;D;35.16.00;351600;;Lagring af elektricitet;Storage of electricity;Branchen omfatter omformning og lagring af elektrisk energi, fx drift af pumpekraftværker eller batterilagringsanlæg. Distribution af lagret elektricitet til ledningsnet er også omfattet.;"- omformning af elektrisk energi til en energiform, der kan lagres, lagring af denne energiform og den efterfølgende omformning tilbage til elektrisk energi, fx drift af pumpekraftværker, luftkraftværker eller batterilagringsanlæg
- distribution af lagret elektricitet til ledningsnet";;- produktion af elektricitet, dog ikke i forbindelse med lagring, jf. 35.11.00 og 35.12.00
1746;3;D;35.2;352;;Produktion af gas og distribution af luftformige brændstoffer gennem rørledninger;Manufacture of gas, and distribution of gaseous fuels through mains;"Denne gruppe omfatter produktion af gas, lagring og distribution af naturgas eller syntetisk gas til brugersystemer via et distributionssystem. 

Gruppen omfatter ikke:
- indvinding af rånaturgas, jf. 06.20.00
- leverandør- og mægleraktiviteter i forbindelse med salg af luftformige brændstoffer via distributionssystemer for gas, der drives af andre, jf. 35.40.00
- transport, normalt over lange afstande, af gas gennem rørledninger, jf. 49.50.00
- særskilt drift af gasrørledninger, typisk over lange afstande, der forbinder producenter med gasdistributører, eller mellem bycentre, jf. 49.50.00";;;
1747;4;D;35.21;3521;;Produktion af gas;Manufacture of gas;;;;
1748;5;D;35.21.00;352100;;Produktion af gas;Manufacture of gas;Branchen omfatter fremstilling af gas ved karbonisering af kul eller af biprodukter fra landbrug eller affald. Produktion og rensning af biogas og biobrændsler i forbindelse med gas- og energiforsyning er også omfattet.;"- produktion af luftformige brændstoffer til energiforsyning gennem et gasdistributionssystem eller forsyningsnetværk, ved fx karbonatisering af kul, forgasning af brunkul, elektrolyse eller metanisering
- produktion af luftformige brændstoffer til energiforsyning med en specificeret varmeværdi, ved rensning, blanding eller andre processer af forskellige typer gasser, herunder naturgas eller brint
- produktion af biogas i forbindelse med gasforsyning fra fx spildevandsslam, gødning og affald
- produktion af luftformige biobrændsler til energiforsyning gennem et gasdistributionssystem";"- rensning af biogas til energiforsyning gennem et permanent distributionssystem
- genforgasning af naturgas til distribution gennem distributionssystemet";"- indvinding af rånaturgas, jf. 06.20.00
- produktion af koksovnsgas, jf. 19.10.00
- fremstilling af raffinerede mineralolieprodukter, jf. 19.20.00
- produktion af flaskegas (LPG), jf. 19.20.00
- fremstilling af industrigasser, jf. 20.11.00
- produktion af hydrogen, ikke til energiforsyning via et net, jf. 20.11.00
- fremstilling af hydrogen, ikke til energiforsyning via et net, jf. 20.14.00
- produktion af højovnsgas, jf. 24.10.00"
1749;4;D;35.22;3522;;Distribution af gas;Distribution of gaseous fuels through mains;;;;
1750;5;D;35.22.00;352200;;Distribution af gas;Distribution of gaseous fuels through mains;"Branchen omfatter distribution af alle typer gas gennem gasdistributionssystemer samt udlejning og leasing af gasdistributionssystemer eller forsyningsnetværk for gas.

Langdistancetransport af gasser henvises til 49.50.00.";"- transport, distribution og levering af luftformige brændstoffer af alle slags gennem et ledningsnet
- udlejning og leasing af gasdistributionssystemer";;- langdistancetransport af gasser via rørledninger, jf. 49.50.00
1751;4;D;35.23;3523;;Handel med gas gennem rørledninger;Trade of gas through mains;;;;
1752;5;D;35.23.00;352300;;Handel med gas gennem rørledninger;Trade of gas through mains;"Branchen omfatter handel med gas, for egen regning, til slutbrugeren, gennem gasdistributionssystemer. 

Handel med gas på andres regning gennem gasdistributionssystemer henvises til 35.40.00.";- salg af luftformige brændstoffer gennem rørledninger for egen regning;;"- handel med luftformige brændstoffer gennem rørledninger for andres regning, jf. 35.40.00
- engroshandel med flaskegas, jf. 46.81.00
- detailhandel med luftformigt brændstof til motorkøretøjer og motorcykler, jf. 47.30.00
- detailhandel med fyringsgasolie og flaskegas, jf. 47.78.00"
1753;4;D;35.24;3524;;Oplagring af gas i forbindelse med drift af forsyningsnet;Storage of gas as part of network supply services;;;;
1754;5;D;35.24.00;352400;;Oplagring af gas i forbindelse med drift af forsyningsnet;Storage of gas as part of network supply services;Branchen omfatter lagring af gas, fx luftformige brændstoffer og hydrogengas, som en del af forsyningsnettet.;"- lagring af luftformige brændstoffer
- lagring af hydrogengas";;"- flydendegørelse af gas, for transport af gas på indvendingsområdet, jf. 09.10.00
- lagring af luftformige brændstoffer, hvor lagringen ikke er del af forsyningsnetværket, jf. 52.10.00"
1755;3;D;35.3;353;;Fjernvarmeforsyning;Steam and air conditioning supply;;;;
1756;4;D;35.30;3530;;Fjernvarmeforsyning;Steam and air conditioning supply;;;;
1757;5;D;35.30.00;353000;;Fjernvarmeforsyning;Steam and air conditioning supply;Branchen omfatter produktion, opsamling og distribution af vand, uanset om det er damp, koldt, varmt eller frossent, der bruges til opvarmning eller afkøling. Lagring af termisk energi er også omfattet.;"- produktion, opsamling og distribution af damp og varmt vand til opvarmning, strøm og andre formål
- produktion og distribution af afkølet luft, fx til forsyning af klimaanlæg
- produktion og distribution af kølevand til køleformål
- produktion af is af naturligt vand til køleformål";- lagring af termisk energi (varmeenergi);"- fremstilling af konsumis, jf. 10.52.00
- produktion af varme/damp ved omformning af affaldsmaterialer, jf. 38.22.00"
1758;3;D;35.4;354;;Mægler- og agentaktiviteter i forbindelse med forsyning af elektricitet og naturgas;Activities of brokers and agents for electric power and natural gas;Denne gruppe omfatter mægler- og agentaktiviteter i forbindelse med forsyning af elektricitet og levering af brændstofsgasser gennem et forsyningsnet.;;;
1759;4;D;35.40;3540;;Mægler- og agentaktiviteter i forbindelse med forsyning af elektricitet og naturgas;Activities of brokers and agents for electric power and natural gas;;;;
1760;5;D;35.40.00;354000;;Mægler- og agentaktiviteter i forbindelse med forsyning af elektricitet og naturgas;Activities of brokers and agents for electric power and natural gas;Branchen omfatter leverandør- og agentaktiviteter i forbindelse med salg af el, gas og varme via distributionssystemer, der drives af andre.;"- mægler- og agentaktiviteter i forbindelse med salg af elektricitet via distributionssystemer, der drives af andre
- mægler- og agentaktiviteter i forbindelse med salg af brændstofsgas via distributionssystemer, der drives af andre
- mægler- og agentaktiviteter i forbindelse med vare- og distributionskapacitetsbørser for brændstofsgas
- mægler- og agentaktiviteter i forbindelse med drift af kapacitetsbørser for elektricitet samt distribution og transmission af elektricitet";;"- lagring og distribution eller levering af elektricitet til brugeren (gennem et forsyningsnet) af producenten (for egen regning), jf. 35.1
- lagring og distribution eller levering af brændstofsgasser til brugeren (gennem et forsyningsnet) af producenten (for egen regning), jf. 35.2
- formidlingsaktiviteter i forbindelse med transport af brændstofsgasser, jf. 52.31.00"
1761;1;E;E;E;;"VANDFORSYNING; KLOAKVÆSEN, AFFALDSHÅNDTERING OG RENSNING AF JORD OG GRUNDVAND";"WATER SUPPLY; SEWERAGE, WASTE MANAGEMENT AND REMEDIATION ACTIVITIES";"Denne hovedafdeling omfatter aktiviteter i forbindelse med håndtering, fx indsamling, forbehandling, genvinding og bortskaffelse, af forskellige former for affald, fx fast eller ikke-fast industri- eller husholdningsaffald og dens organisation.

Resultatet af affalds- eller spildevandsbehandlingsprocessen kan enten bortskaffes eller anvendes i andre produktionsprocesser. Sekundære råvarer er materialer og produkter, der kan bruges som råvarer via simpel genbrug eller genanvendelse og nyttiggørelse af affald. Vandforsyningsaktiviteter indgår også i denne hovedafdeling, eftersom den ofte udføres i forbindelse med eller af enheder, der også arbejder med spildevandsbehandling.

Hovedafdelingen omfatter også sanering af forurenede bygninger og grunde, jord, overflade- og grundvand (fx have, mangrovesumpe og søer) mv.

Enheder, der normalt overtager deres kunders affaldsprocedurer og bliver renovationsvognmanden for kunden, og som derefter fakturerer deres kunder for affaldstjenester, skal omfattes af hovedgruppe 38, eftersom disse enheder er ansvarlige for opfyldelse af de tilsvarende tjenesteydelser, selvom de ikke selv yder dem. Denne aktivitet skal anses som en komplet udlicitering af en tjenesteydelse.

Denne hovedafdeling omfatter ikke:
- agenturhandel med affald, jf. 46.18.90
- engroshandel med affald, jf. 46.87.00";;;
1762;2;E;36;36;;Vandforsyning;Water collection, treatment and supply;Denne hovedgruppe omfatter indsamling, behandling og distribution af vand til slutbrugere. Hovedgruppen omfatter også indsamling af vand fra forskellige kilder samt distribution ved hjælp af forskellige metoder.;;;
1763;3;E;36.0;360;;Vandforsyning;Water collection, treatment and supply;;;;
1764;4;E;36.00;3600;;Vandforsyning;Water collection, treatment and supply;;;;
1765;5;E;36.00.00;360000;;Vandforsyning;Water collection, treatment and supply;"Branchen omfatter alle aktiviteter i forbindelse med opsamling, indvinding, behandling, afsaltning og distribution af vand til erhvervs- og husholdningsbrug. Branchen omfatter også udlejning og leasing af vandforsyningsnettet. 

Transport af vand gennem rørledninger henvises til 49.50.00.";"- indvinding af vand fra floder, søer og grundvand
- behandling af vand til vandforsyningen
- afsaltning af hav- eller grundvand til produktion af vand som det primære interessante produkt
- distribution af vand gennem vandledninger, med lastvogn eller andre metoder
- opsamling af regnvand";"- drift af vandingskanaler
- udlejning og leasing af vandforsyningsnet";"- levering af vandingstjenester til landbrugsmæssige formål, jf. 01.61.00
- produktion af naturlig mineralvand og andet vand på flaske, jf. 11.07.00
- behandling af spildevand for at forebygge forurening, jf. 37.00.00
- installation af vandmålere, jf. 43.22.00
- transport af vand gennem rørledninger, ikke gennem vandledningsnet, jf. 49.50.00
- tredjemands aflæsning af vandmålere, jf. 82.99.00"
1766;2;E;37;37;;Opsamling og behandling af spildevand;Sewerage;"Denne hovedgruppe omfatter driften af kloaksystemer eller spildvandsrensningsanlæg, der opsamler, behandler og udleder spildevand til vandområder eller driver deponering i overfladevand.

Denne hovedgruppe omfatter også drift af spildevandsrensningsanlæg til genbrug, fx til behandling af landbrugsvand, industrivand, vand fra vejrensning, spildevand eller opsamlet regnvand.";;;
1767;3;E;37.0;370;;Opsamling og behandling af spildevand;Sewerage;;;;
1768;4;E;37.00;3700;;Opsamling og behandling af spildevand;Sewerage;;;;
1769;5;E;37.00.00;370000;;Opsamling og behandling af spildevand;Sewerage;"Branchen omfatter drift af kloakeringssystemer og spildevandsanlæg til opsamling, rensning og bortskaffelse af spildevand. Branchen omfatter også frysetørring af spildevandsslam, tømning og rensning af sivebrønde, septiktanke, vaske og gruber for spildevand samt servicering af kemiske toiletter. 

Opbygning eller reparation af kloaksystemer henvises til 42.21.00.";"- drift af spildevandsrensningsanlæg til genbrug af fx landbrugsvand, industrivand, vand fra vejrensning, spildevand eller opsamlet regnvand eller til kunstig opfyldning eller forstærkning af grundvandsforekomster
- opsamling og transport af spildevand ved hjælp af kloaknet, samlere, tanke og andre transportmidler (kloakbiler mv.)
- opsamling og transport af regnvand, spildevandsrensning, vedligeholdelse og rensning af kloaker og afløb, herunder kloakrensning";"- frysetørring af spildevandsslam i spildevandsrensningsanlæg
- tømning og rensning af sivebrønde og septiktanke, vaske og gruber for spildevand
- servicering af kemiske toiletter";"- yderligere behandling af slam udvundet af spildevand, jf. hovedgruppe 38
• anaerob nedbrydning, jf. 38.2
• aerob behandling, fx kompostering, jf. 38.21.00
• forbrænding med energiudnyttelse af affald, jf. 38.22.00
• forbrænding uden energiudnyttelse af affald, jf. 38.31.00
- dekontaminering af overfladevand og grundvand på forureningsstedet, jf. 39.00.00
- opbygning eller reparation af kloaksystemer, jf. 42.21.00
- rensning af afløbsrør i bygninger, jf. 43.22.00
- udlejning af mobile toiletter, jf. 77.39.90"
1770;2;E;38;38;;Indsamling, nyttiggørelse og bortskaffelse af affald;Waste collection, recovery and disposal activities;"Denne hovedgruppe omfatter indsamling, forbehandling med henblik på genvinding eller bortskaffelse, genvinding og bortskaffelse af affaldsmaterialer og organisation deraf. Indsamling af affald, der alene understøtter efterfølgende genvinding eller bortskaffelse af det indsamlede affald udført af samme enhed skal anses som affaldsgenvinding eller som en bortskaffelsesaktivitet.

Denne hovedgruppe omfatter også:
- lokal transport af affaldsmaterialer og drift af materialegenvindingsanlæg, dvs. anlæg der omformer affald, herunder skrot, sorteret og ikke sorteret, til sekundære råmaterialer.
- virksomheder, der gennemfører producentansvarsforpligtelser for affaldshåndtering på vegne af de oprindelige affaldsproducenter. Disse organisationer har normalt ansvaret for behandlingen af affald, der betros dem af de oprindelige producenter af produkter eller emballage. Aktiviteterne kan omfatte driften af retur-, indsamlings- og genvindingssystemer for brugt emballage eller emballageaffald eller for modtagelse og behandling af returnerede eller brugte produkter

Denne hovedgruppe omfatter ikke:
- engroshandel med affald, jf. hovedgruppe 46";;;
1771;3;E;38.1;381;;Indsamling af affald;Waste collection;Denne gruppe omfatter indsamling af affald fra husholdninger og virksomheder, fx ved hjælp af affaldsspande eller containere. Gruppen omfatter indsamling af ufarligt og farligt affald, fx bleer, brugte batterier, nedbrydningsaffald og spildolie fra husholdninger og skibe.;;;
1772;4;E;38.11;3811;;Indsamling af ikke-farligt affald;Collection of non-hazardous waste;;;;
1773;5;E;38.11.00;381100;;Indsamling af ikke-farligt affald;Collection of non-hazardous waste;"Branchen omfatter indsamling af ikke-farligt fast affald (dvs. skrald), genvindeligt affald og materialer fra både husholdninger og virksomheder. Branchen omfatter også indsamling og fjernelse af nedbrudt materiale og industrielle affaldsprodukter samt drift af affaldsoverførselsanlæg til ikke-farligt affald. 

Indsamling af spildevand henvises til 37.00.00.";"- indsamling af ikke-farligt fast affald (dvs. skrald) i et lokalt område fra fx indsamling af affald fra husholdninger og virksomheder ved hjælp af skraldespande, spande på hjul, containere mv., der kan indeholde blandede genvindelige materialer
- indsamling af genvindelige materialer (sorteret eller ej)
- indsamling af ikke-farligt affald af animalsk eller vegetabilsk oprindelse
- indsamling af brugt olie og fedt til kogning
- indsamling af affald på offentlige steder
- indsamling af parkaffald";"- indsamling af bygge- og nedbrydningsaffald
- indsamling og fjernelse af nedbrudt materiale
- indsamling af affaldsprodukter fra industrianlæg
- drift af affaldsoverførselsanlæg til ikke-farligt affald";"- indsamling af spildevand, jf. 37.00.00
- indsamling af farligt affald, jf. 38.12.00
- drift af anlæg til sortering af genvindeligt affald, jf. 38.2
- drift af nyttiggørelsesanlæg, jf. 38.2
- drift af deponier til bortskaffelse af ikke-farligt affald og permanent opbevaring af ikke-farligt affald, jf. 38.32.00"
1774;4;E;38.12;3812;;Indsamling af farligt affald;Collection of hazardous waste;Denne undergruppe omfatter indsamling af farligt affald, fx eksplosive, oxiderende, brandfarlige, giftige, irriterende, kræftfremkaldende, ætsende, smittefarlige og andre stoffer og præparater, der er skadelige for menneskets sundhed og miljøet. Aktiviteten kan også omfatte identifikation, behandling, emballering og mærkning af affald i forbindelse med transport.;;;
1775;5;E;38.12.00;381200;;Indsamling af farligt affald;Collection of hazardous waste;Branchen omfatter indsamling af sundheds- og miljøskadelige stoffer uanset form, fx spildolie, biologisk farligt affald, udløbne lægemidler og brugte batterier. Branchen omfatter også drift af affaldsoverførselsanlæg til farligt affald.;"- indsamling af farligt affald, fx:
• spildolie fra skibe eller værksteder
• lak og fernis
• biologisk farligt affald
• farligt affald af animalsk oprindelse
• nukleart affald
• indsamling af udløbne lægemidler
• brugte batterier";- drift af affaldsoverførselsanlæg til farligt affald;"- indsamling af ikke-farligt affald, jf. 38.11.00
- drift af deponier til bortskaffelse af farligt affald og permanent opbevaring af farligt affald, jf. 38.32.00
- sanering og oprydning af forurenede bygninger, råstofgrave, jord eller grundvand, fx fjernelse af asbest, jf. 39.00.00"
1776;3;E;38.2;382;;Nyttiggørelse af affald;Waste recovery;"Denne gruppe omfatter forbehandling af affald og genvinding af både ikke-farligt og farligt affald. Det omfatter genindvinding af materialer, energiudnyttelse af affald ved varmebehandling af affald og andre former for nyttiggørelse af affald. Behandling før nyttiggørelse af forskellige former for affald med forskellige metoder er også omfattet af gruppen.

Gruppen omfatter ikke:
- behandling og bortskaffelse af spildevand, jf. 37.00.00
- bortskaffelse af affald uden nyttiggørelse, jf. 38.3";;;
1777;4;E;38.21;3821;;Genindvinding af materialer;Materials recovery;"Denne undergruppe omfatter behandling af metal og ikke-metalholdigt affald, herunder skrot og andre artikler, til sekundære råmaterialer.

Det omfatter genindvinding af materialer fra affaldsstrømme i form af (1) sortering af genindvindelige materialer fra ikke-farlige affaldsstrømme eller (2) sortering af blandede genindvindelige materialer fx papir, plastik, bruge drikkedåser og metal i særskilte kategorier.";;;
1778;5;E;38.21.00;382100;;Genindvinding af materialer;Materials recovery;"Branchen omfatter behandling af metal og ikke-metalholdigt affald, herunder skrot og andre artikler, til sekundære råmaterialer, fx gummi, plast, glas, spildolie og tekstiler. Produktion af biogas fra affald, som ikke sker med henblik på gas- eller energiforsyning, er også omfattet.

Omsmeltning af jernholdigt affald og skrot henvises til 24.10.00 og omsmeltning af plastik til produktion af granulater eller forbindelser henvises til 20.16.00.";"- mekanisk knusning og fragmentering af metalaffald, fx fra brugte biler, vaskemaskiner eller motorcykler
- mekanisk reduktion af store jernstykker, fx jernbanevogne
- genindvinding af jern fra slagger
- genvinding af metal fra fotografisk affald, fx fixerbad eller fotografisk film og papir
- demontering af vrag af enhver slags (biler, skibe, computere, fjernsyn og andet udstyr) til genindvinding af materialer
- produktion af gummipulver fra gummiaffald og -skrot, herunder dekontaminering, opdeling (eliminering) af fraktioner og regenering
- sortering og mekanisk behandling (fx rengøring og slibning) af plastik for at producere sekundære råmaterialer
- behandling (ældning, rengøring og sortering) af bundaske fra forbrænding til sekundære råmaterialer (metaller og aggregater)
- knusning, rengøring og sortering af glas
- knusning, rengøring og sortering af andet affald, fx affald fra nedbrydning for at få sekundære råmaterialer
- behandling af fødevare-, drikkevare- og tobaksaffald og reststoffer til sekundære råmaterialer
- genvinding af spildolie, behandling af brugt olie og fedt til kogning til sekundære råmaterialer
- udvinding af sølv fra andre affaldskemikalier end elektrolytisk raffinering
- genvinding af fosfor fra forbrænding af spildevandsslam
- genvinding af tekstil- og beklædningsprodukter med mekaniske, termiske eller kemiske processer
- produktion af affaldskompost
- produktion af biogas fra affald, som ikke er med henblik på gas- eller energiforsyning";;"- fremstilling af nye færdigvarer af sekundære råmaterialer (egenfremstillede og ikke), fx spindegarn af oprevne varer, fremstilling af papirmasse af papiraffald, regummiering af dæk eller produktion af metal af metalskrot, jf. tilsvarende undergrupper i hovedafdeling C
- oparbejdning af nukleare brændstoffer, jf. 20.13.00
- omsmeltning af plastik til produktion af granulater eller forbindelser, jf. 20.16.00
- omsmeltning af jernholdigt affald og skrot, jf. 24.10.00
- produktion af biogas fra affald til gasforsyning, jf. 35.21.00
- energiudnyttelse af affald under varmebehandling af affald, jf. 38.22.00
- bortskaffelse af affald uden genindvinding og behandling før bortskaffelse, jf. 38.3
- engroshandel med genindvindelige materialer, jf. 46.87.00"
1779;4;E;38.22;3822;;Energiudnyttelse af affald;Energy recovery;;;;
1780;5;E;38.22.00;382200;tilpasset teskt;Energiudnyttelse af affald;Energy recovery;Branchen omfatter forbehandling af affald til energiudnyttelse samt konvertering af affaldsmaterialer.;- forbehandling af affald til energiudnyttelse, konvertering af affaldsmaterialer til fx brugbar energi eller elektricitet gennem forskellige processer, der omfatter varmebehandling;- affaldsforbrænding, til energi;- genvinding af deponigas til gasforsyning, jf. 35.21.00
1781;4;E;38.23;3823;;Anden nyttiggørelse af affald;Other waste recovery;;;;
1782;5;E;38.23.00;382300;;Anden nyttiggørelse af affald;Other waste recovery;Branchen omfatter forberedelse af spildevandsslam til jordbehandling mhp. forbedring af landbrug eller til ingeniørmæssige formål inden for landskabsarkitektur.;"- forberedelse af spildevandsslam til jordbehandling, der giver fordel til forbedring af landbrug eller miljø
- forberedelse af ikke-farligt affald til videreudnyttelse i udgravede områder eller til ingeniørmæssige formål inden for landskabsarkitektur";;"- produktion af biogas fra spildevandsslam, jf. 35.21.00
- opfyldning uden tilhørende forberedelsesaktiviteter, fx forberedelse af ikke-farligt affald til ingeniørmæssige formål inden for landskabsarkitektur, jf. hovedgruppe 42"
1783;3;E;38.3;383;;Bortskaffelse af affald uden nyttiggørelse;Waste disposal without recovery;"Denne gruppe omfatter affaldsbortskaffelse af både ikke-farligt og farligt affald. Den omfatter varmebehandling uden energiudnyttelse af affald, deponering, frigivelse i vandområder og permanent affaldsopbevaring. Behandling før bortskaffelse af forskellige former for affald med forskellige midler fx behandling af organisk affald med det formål at bortskaffe, behandle og bortskaffe giftige levende og døde dyr og andet forurenet affald. Gruppen omfatter også behandling og bortskaffelse af radioaktivt overgangsaffald fra hospitaler mv. samt nedgravning eller nedpløjning af affald, bortskaffelse af brugte varer for at eliminere skadeligt affald.

Gruppen omfatter ikke:
- behandling og bortskaffelse af spildevand, jf. 37.00.00
- nyttiggørelse af affald, jf. 38.2";;;
1784;4;E;38.31;3831;;Forbrænding uden energiudnyttelse;Incineration without energy recovery;;;;
1785;5;E;38.31.00;383100;;Forbrænding uden energiudnyttelse;Incineration without energy recovery;"Branchen omfatter forbrænding og varmebehandling af affald uden energiudnyttelse.

Forbrænding af affald mhp. energiudnyttelse henvises til 38.22.00.";- bortskaffelse og behandling før bortskaffelse ved forbrænding eller varmebehandling uden energiudnyttelse af affald;;- varmebehandling med den deraf følgende energiproduktion, jf. 38.22.00
1786;4;E;38.32;3832;;Deponering eller permanent oplagring;Landfilling or permanent storage;Denne undergruppe omfatter bortskaffelse og behandling før bortskaffelse af ikke-farligt eller farligt affald, fast og ikke fast affald, på, i jorden (dvs. under jorden) eller i permanente affaldslagre eller -steder.;;;
1787;5;E;38.32.00;383200;;Deponering eller permanent oplagring;Landfilling or permanent storage;"Branchen omfatter deponering eller permanent oplagring af affald. Branchen omfatter også opbevaring af indsamlet kuldioxid (CO2).

Opsamling af kuldioxid (CO2) henvises til 39.00.00.";"- drift af deponier til bortskaffelse af farligt affald og permanent opbevaring af farligt affald
- behandling af organisk affald til deponering eller permanent oplagring
- bortskaffelse af biprodukter af animalsk oprindelse i deponier
";"- permanent underjordisk opbevaring af affald i en dyb geologisk grube, fx en salt- eller kaliummine
- opbevaring af opsamlet carbondioxid (CO2)";"- drift af anlæg, hvor affald læsses af til videre transport, jf. 38.1
- drift af anlæg, hvor genvindelige materialer sorteres, jf. 38.21.00
- dekontaminering, rensning af jord, vand og reduktion af giftige materialer, jf. 39.00.00"
1788;4;E;38.33;3833;;Anden bortskaffelse af affald;Other waste disposal;;;;
1789;5;E;38.33.00;383300;;Anden bortskaffelse af affald;Other waste disposal;Branchen omfatter frigivelse af flydende affald i søer/hav eller andre vandområder samt injektion af pumpbart udsmidning i bl.a. brønde og andre naturforekommende depoter.;"- frigivelse af flydende affald i søer/hav eller andet vandområde, herunder indføring i havbunden
- injektion af pumpbart udsmid i brønde, salthorster eller naturlig forekommende depoter";;"- drift af anlæg, hvor genvindelige materialer sorteres, jf. 38.21.00
- energiudnyttelse af affald ved varmebehandling af affald, jf. 38.22.00
- dekontaminering, rensning af jord, vand og reduktion af giftige materialer, jf. 39.00.00"
1790;2;E;39;39;;Rensning af jord og grundvand og anden dekontaminering;Remediation activities and other waste management service activities;Denne hovedgruppe omfatter levering af rensning, fx rensning af forurenede bygninger, grunde, jord og overflade- eller grundvand.;;;
1791;3;E;39.0;390;;Rensning af jord og grundvand og anden dekontaminering;Remediation activities and other waste management service activities;;;;
1792;4;E;39.00;3900;;Rensning af jord og grundvand og anden dekontaminering;Remediation activities and other waste management service activities;;;;
1793;5;E;39.00.00;390000;;Rensning af jord og grundvand og anden dekontaminering;Remediation activities and other waste management service activities;"Branchen omfatter forureningsbekæmpelse, fx dekontaminering af industrianlæg, bekæmpelse af kyst- og overfladeforurening samt bekæmpelse af asbest og blyholdig maling. Branchen omfatter også oprydning, inddæmning, bekæmpelse og overvågning af områder. 

Vandrensning i forbindelse med vandforsyning henvises til 36.00.00.";"- dekontaminering af jord og grundvand på forureningsstedet, in eller ex situ, ved hjælp af fx mekaniske, kemiske eller biologiske metoder
- dekontaminering af industrianlæg eller -steder, herunder atomkraftværker og -steder
- dekontaminering og rensning af overfladevand efter utilsigtet forurening, fx gennem indsamling af forurenende stoffer eller gennem anvendelse af kemikalier
- rensning af spild eller anden forurening på land, i overfladevand, i have og søer, herunder kystområder
- asbest, blymaling og anden reduktion af giftige stoffer
- rydning af landminer, herunder detonation på stedet
- anden specialiseret forureningsbekæmpelse
- opsamling af kuldioxid (CO2)
- oprydning af mineområder";- oprydning, inddæmning, bekæmpelse og overvågning af områder;"- skadedyrsbekæmpelse inden for landbruget, jf. 01.61.00
- vandrensning i forbindelse med vandforsyning, jf. 36.00.00
- behandling af affald med energiudnyttelse, jf. 38.2
- behandling af affald til bortskaffelse, jf. 38.3
- opbevaring af opsamlet CO2, jf. 38.32.00
- anlægsarbejder ved sanering af mineområder, jf. hovedafdeling F
- udendørs fejning og vanding af gader, jf. 81.23.00"
1794;1;F;F;F;;BYGGE- OG ANLÆGSAKTIVITETER;CONSTRUCTION;"Denne hovedafdeling omfatter generel bygge- og anlægsaktiviteter og bygge- og anlægsaktiviteter, som kræver specialisering, samt anlægsarbejder. Den omfatter nyt arbejde, reparation, tilbygninger og ombygninger, opførelse af præfabrikerede bygninger eller konstruktioner på stedet samt bygge- og anlægsaktiviteter af midlertidig karakter.

Generel bygge- og anlægsaktiviteter er opførelse af hele bygninger til fx boliger, kontorer, butikker samt forsyningsbygninger eller landbrugsbygninger mv. Den omfatter også opførelse af anlægsarbejder, fx motorveje, gader, broer, tunneller, jernbaner, flyvepladser, havne og andre vandprojekter, vandingsanlæg, kloakanlæg, industrianlæg, rørledninger og elledninger og sportsanlæg mv.

Dette arbejde kan udføres for egen regning eller på honorar- eller kontraktbasis. Dele af arbejdet og undertiden også hele det praktiske arbejde kan udliciteres. Her klassificeres en hovedentreprenør, som har det overordnede ansvar for byggeprojektet.

Den omfatter også reparation af bygninger og anlægsarbejder. Vedligeholdelse, reparation og installation af udstyr, der udgør en integreret del af bygninger, fx rulletrapper eller klimaanlæg, er klassificeret som byggeri i hovedafdeling F, hvis det udføres på byggepladsen.

Denne hovedafdeling omfatter komplet opførelse af bygninger (hovedgruppe 41), komplet opførelse af anlægsarbejder (hovedgruppe 42) samt anlægsvirksomhed, som kræver specialisering, hvis det kun udføres som en del af byggeprocessen (hovedgruppe 43).

Udlejning af byggeudstyr, hvor operatøren er klassificeret med den specifikke byggevirksomhed, der udføres med dette udstyr.

Denne hovedafdeling omfatter også:
- renovering, fornyelse, genopførelse og eftermontering af historiske og arkæologiske steder og bygninger

Denne hovedafdeling omfatter ikke:
- fremstillingsaktiviteter, der ikke udføres på byggepladsen, jf. hovedafdeling C
- fremstilling og levering af strukturer og præfabrikerede bygningsdele i træ eller metal med minimalt arbejde på byggepladsen, jf. hovedgruppe 16 og 25
- arkæologiske udgravninger, jf. 72.20.00
- kuraterende aktiviteter i forbindelse med bevaring og restaurering af kulturarv, jf. 91.30.00";;;
1795;2;F;41;41;;Opførelse af bygninger;Construction of residential and non-residential buildings;"Denne hovedgruppe omfatter generel opførelse af bygninger af alle typer og størrelser. Den omfatter opførelse, reparation, tilbygning og ombygninger samt opførelse af præfabrikerede bygninger på stedet og bygninger af midlertidig karakter.

Hovedgruppen omfatter opførelse af hele bygninger til fx boliger, kontorer, butikker samt forsyningsbygninger eller landbrugsbygninger.";;;
1796;3;F;41.0;410;;Opførelse af bygninger;Construction of residential and non-residential buildings;;;;
1797;4;F;41.00;4100;;Opførelse af bygninger;Construction of residential and non-residential buildings;Denne undergruppe omfatter opførelse af hele bolig- eller erhvervsbygninger samt tilbygninger og ombygninger. Det er muligt at udlicitere dele eller hele byggeprocessen. Hvis der kun udføres specialiserede dele af byggeprocessen, klassificeres aktiviteten i hovedgruppe 43.;;;
1798;5;F;41.00.00;410000;;Opførelse af bygninger;Construction of residential and non-residential buildings;"Branchen omfatter opførelse af alle typer bygninger samt komplet ombygning eller renovering af eksisterende bolig- og erhvervsbygninger. 

Gennemførelse af byggeprojekter henvises til 68.12.00.";"- opførelse af alle typer bygninger:
• bygninger til beboelse
• bygninger til industriproduktion, fx fabrikker og værksteder
• hospitals-, skole- og kontorbygninger
• hotel-, butiks-, indkøbscenter- og restaurantbygninger
• lufthavnsbygninger
• indendørs sportsanlæg
• parkeringsanlæg, herunder underjordiske parkeringsanlæg
• lagerbygninger
• religiøse bygninger
- opførelse af præfabrikerede bygninger, der kræver samling på stedet";"- komplet ombygning eller renovering af eksisterende bolig- eller erhvervsbygninger, der omfatter forskellige former for bygge- og anlægsarbejder, som kræver specialisering
- opførelse af luftunderstøttede bygninger, fx luftkupler";"- opførelse af industrianlæg, undtagen bygninger, jf. 42.99.00
- gennemførelse af byggeprojekter, jf. 68.12.00
- arkitekt- og ingeniøraktiviteter, jf. 71.1
- projektledelse til bygge- og anlægsarbejder, jf. 71.12.10"
1799;2;F;42;42;;Anlægsarbejder;Civil engineering;"Denne hovedgruppe omfatter generel opførelse af anlægsarbejder. Den omfatter nyt arbejde, reparation, tilbygning og ombygninger, opførelse af præfabrikerede bygninger på stedet samt bygninger af midlertidig karakter.

Hovedgruppen omfatter opførelse af tunge anlæg fx motorveje, veje, kraftværker, broer, tunneller, jernbaner, flyvepladser, havne og andre vandprojekter, vandingsanlæg, kloaksystemer, industrianlæg, rørledninger og elledninger og udendørs sportsanlæg mv. Dette arbejde kan udføres for egen regning, på honorar- eller kontraktbasis. Dele af arbejde og undertiden også hele det praktiske arbejde kan udliciteres.";;;
1800;3;F;42.1;421;;Anlæg af veje og jernbaner;Construction of roads and railways;;;;
1801;4;F;42.11;4211;;Anlæg af veje og motorveje;Construction of roads and motorways;;;;
1802;5;F;42.11.00;421100;;Anlæg af veje og motorveje;Construction of roads and motorways;Branchen omfatter opførelse af gader, veje, start- og landingsbaner, vejbelægning samt anlæg af skovstier (ikke-asfalterede).;"- anlæg af motorveje, gader, veje samt andre bil- og fodgængerveje
- overfladearbejde, fx brolægning og belægning af veje, motorveje eller broer med asfalt, beton, sten mv.
- anlæg af start- og landingsbaner på flyvepladser
- anlæg af ikke-asfalterede skovstier, fx til mountainbike eller ridning";;"- installation af gadebelysning og elektriske signaler, jf. 43.21.00
- vejmaling og anden markering, jf. 43.50.00
- installation af autoværn og færdselsskilte mv., jf. 43.50.00
- projektledelse til bygge- og anlægsarbejder, jf. 71.12.10
- ingeniøraktiviteter, jf. 71.12"
1803;4;F;42.12;4212;;Anlæg af jernbaner og undergrundsbaner;Construction of railways and underground railways;;;;
1804;5;F;42.12.00;421200;;Anlæg af jernbaner og undergrundsbaner;Construction of railways and underground railways;Branchen omfatter opførelse af jernbaner, undergrundsbaner og metroer samt opførelse af luftledninger og strømskinner til jernbaner.;"- opførelse af jernbaner, undergrundsbaner og metroer
- opførelse af luftledninger og strømskinner til jernbaner";;"- installation af belysning og elektriske signaler, jf. 43.21.00
- projektledelse til bygge- og anlægsarbejder, jf. 71.12.10
- ingeniøraktiviteter, jf. 71.12"
1805;4;F;42.13;4213;;Anlæg af broer og tunneller;Construction of bridges and tunnels;;;;
1806;5;F;42.13.00;421300;;Anlæg af broer og tunneller;Construction of bridges and tunnels;Branchen omfatter opførelse af broer, svævebaner og tunneller.;"- opførelse af broer, fx til hævede motorveje og svævebaner
- opførelse af tunneller, fx til motorveje og jernbaner";;"- opførelse af jernbaner, jf. 42.12.00
- installation af belysning og elektriske signaler, jf. 43.21.00
- projektledelse til bygge- og anlægsarbejder, jf. 71.12.10
- ingeniøraktiviteter, jf. 71.12"
1807;3;F;42.2;422;;Anlæg af ledningsnet;Construction of utility projects;;;;
1808;4;F;42.21;4221;;Anlæg af ledningsnet til væsker;Construction of utility projects for fluids;Denne undergruppe omfatter opførelse af forsyningsledninger til transport af væsker, herunder gas, og tilhørende bygninger og strukturer, der er en integreret del af disse systemer.;;;
1809;5;F;42.21.00;422100;;Anlæg af ledningsnet til væsker;Construction of utility projects for fluids;"Branchen omfatter udførelse af anlægsarbejde i forbindelse med anlæg af vand- og rørledninger, reservoirer, ledningsnet, kloaksystemer og pumpestationer. Branchen omfatter også vandboring og geotermisk boring. 

Installation af vand- og spildevandsledninger i bygninger henvises til 43.22.00.";"- anlægsarbejder i forbindelse med:
• fjernledninger, rørledniner i byer og under vand
• vandledningsnet (hoved- og stikledninger)
• vandingsanlæg (kanaler)
• reservoirer
• kloaksystemer, herunder reparation
• spildevandsrensningsanlæg
• pumpestationer";"- brøndboring
- geotermisk boring";"- installation af vand- og spildevandsledninger i bygninger, jf. 43.22.00
- projektledelse i forbindelse med anlægsarbejder, jf. 71.12.10
- kamerainspektion i spildevands-, vand- og gasledninger, ikke i forbindelse med reparation og installation, jf. 71.20.90"
1810;4;F;42.22;4222;;Anlæg af ledningsnet til elektricitet og telekommunikation;Construction of utility projects for electricity and telecommunications;Denne undergruppe omfatter opførelse af forsyningsledninger til elektricitet og telekommunikation og tilhørende bygninger og strukturer, der er en integreret del af disse systemer.;;;
1811;5;F;42.22.00;422200;;Anlæg af ledningsnet til elektricitet og telekommunikation;Construction of utility projects for electricity and telecommunications;"Branchen omfatter anlægsarbejde ift. ledningsnet til strøm, kommunikation, elværker, solcelle- og vindmølleparker samt stationer til elforsyning, fx til køretøjer.

Fremstilling af vindmøller med evt. tilhørende opførelse henvises til 28.11.00.";"- anlægsarbejder i forbindelse med:
• fjernledninger og ledningsnet til kommunikation og el i bynære områder 
• elværker, fx solcelle- og vindmølleparker
- opførelse af stationer til elforsyning, fx til elektriske køretøjer";"- opførelse af solcelle- og vindmølleparker, herunder reparation af disse
- opførelse af enkeltstående vindmøller";"- fremstilling af vindmøller med evt. tilhørende opførelse, jf. 28.11.00
- opførelse af luftledninger og strømskinner til jernbaner, jf. 42.12.00
- opførelse af dæmninger og diger til vandkraftværker, jf. 42.91.00
- installation af solcelleanlæg på bygninger, jf. 43.21.00
- el-installation af akkumulatorladere, fx til elektriske køretøjer, jf. 43.21.00
- projektledelse i forbindelse med anlægsarbejder, jf. 71.12.10"
1812;3;F;42.9;429;;Andre anlægsaktiviteter;Construction of other civil engineering projects;;;;
1813;4;F;42.91;4291;;Anlæg af vandveje, havne, diger, dæmninger mv.;Construction of water projects;;;;
1814;5;F;42.91.00;429100;;Anlæg af vandveje, havne, diger, dæmninger mv.;Construction of water projects;Branchen omfatter anlæg og genopbygning af havnebassiner, floder, diger, dæmninger og lystbådehavne samt udgravning af vandveje.;"- anlæg og genopbygning af fx:
• vandveje, havnebassiner, floder og lystbådehavne
• hydromekaniske strukturer, fx doksluser, elevatorer, sluser og slæbesteder
• dæmninger og diger
- udgravning af vandveje, fx havnebassiner og floder";;"- opførelse af undersøiske rørledninger, jf. 42.21.00
- lægning af undersøiske kabler, jf. 42.22.00
- projektledelse i forbindelse med anlægsarbejder, jf. 71.12.10"
1815;4;F;42.99;4299;;Andre anlægsaktiviteter i.a.n.;Construction of other civil engineering projects n.e.c.;;;;
1816;5;F;42.99.00;429900;;Andre anlægsaktiviteter i.a.n.;Construction of other civil engineering projects n.e.c.;"Branchen omfatter opførelse af industrianlæg (ikke bygninger), fx raffinaderier, kemiske fabrikker, kornopbevaringssystemer og udendørs sportsanlæg. 

Opførelse af bygninger, der anvendes til indendørs sport, henvises til 41.00.00 og installation af industrimaskiner og -udstyr henvises til 33.20.00.";"- opførelse af industrianlæg, undtagen bygninger, fx:
• minedriftsanlæg, fx skakter, tårne og tunneller
• raffinaderier
• kemiske fabrikker
• kornopbevaringssystemer
- opførelse af andre anlæg, undtagen bygninger, fx:
• udendørs sportsanlæg
- opførelse af legepladser
- opførelse af ikke-præfabrikerede swimmingpools";;"- installation af industrimaskiner og -udstyr, jf. 33.20.00
- opførelse af bygninger, der anvendes til indendørs sport, jf. 41.00.00
- udstykning og modning af selvejet jord til senere salg, jf. 68.12.00
- projektledelse i forbindelse med anlægsarbejder, jf. 71.12.10"
1817;2;F;43;43;;Specialiserede bygge- og anlægsaktiviteter;Specialised construction activities;"Denne hovedgruppe omfatter specialiserede aktiviteter (specialhåndværk) i opførelse af bygninger og anlægsarbejder eller forberedelse heraf. Denne aktivitet er normalt specialiseret i ét aspekt, der er fælles for forskellige strukturer, der kræver specialfærdigheder eller -udstyr. Anlægsarbejder, der kræver specialisering, udføres generelt af underentreprenører på vegne af en entreprenør, hvis aktiviteter hører ind under hovedgruppe 41 eller 42. Reparationer udføres normalt uden udlicitering.

Hovedgruppen omfatter installation af alle typer forsyning, der som sådan indgår i byggefunktionen. Denne aktivitet udføres normalt på byggepladsen, selvom dele af arbejdet kan udføres andre steder.

Denne hovedgruppe omfatter el-, vvs- og blikkenslager- samt andre offshore-bygningsinstallationer på flydende platforme.

Udlejning af udstyr med operatøren er klassificeret under tilhørende bygge- og anlægsaktiviteter.

Hovedgruppen omfatter også:
- bygge- og anlægsarbejder, som kræver specialisering, udføres som reparation og vedligeholdelse
- færdiggørelse eller færdigbehandling af bygninger og andre konstruktioner";;;
1818;3;F;43.1;431;;Nedrivning og forberedende byggepladsarbejder;Demolition and site preparation;Denne gruppe omfatter aktiviteter i forbindelse med forberedelse af en byggeplads til efterfølgende byggearbejder, herunder fjernelse af tidligere eksisterende strukturer.;;;
1819;4;F;43.11;4311;;Nedrivning;Demolition;;;;
1820;5;F;43.11.00;431100;;Nedrivning;Demolition;Branchen omfatter nedrivning og demontering af bygninger og andre konstruktioner.;- nedbrydning, demontering eller nedrivning af bygninger og andre konstruktioner;;
1821;4;F;43.12;4312;;Forberedende byggepladsarbejder;Site preparation;;;;
1822;5;F;43.12.00;431200;;Forberedende byggepladsarbejder;Site preparation;Branchen omfatter rydning af byggepladser og jordarbejde, fx udgravning og sprængning. Branchen omfatter også forberedende byggepladsarbejde i forbindelse med minedrift.;"- rydning af byggepladser
- jordarbejde, fx udgravning, opfyldning, planering, gravning af grøfter og sprængning";"- forberedende byggepladsarbejder i forbindelse med minedrift:
• fjernelse af overliggende jord, udvikling og klargøring lokaliteteten med mineralforekomster
• dræning af byggeplads
• dræning af landbrugs- eller skovbrugsland
• forberedende arbejder i forbindelse med arkæologiske udgravninger";"- boring efter produktionsolie eller gaskilder, jf. 06.10.00 og 06.20.00
- funderingsundersøgelser i forbindelse med indvinding af råolie eller gas, jf. 09.10.00
- støtteaktiviteter til funderingsundersøgelser, fx i forbindelse med udvindingsaktiviteter, jf. 09.90.00
- dekontaminering af jord, jf. 39.00.00
- vandboring, jf. 42.21.00
- skaktbrydning, jf. 43.50.00"
1823;4;F;43.13;4313;;Funderingsundersøgelser;Test drilling and boring;;;;
1824;5;F;43.13.00;431300;;Funderingsundersøgelser;Test drilling and boring;Branchen omfatter funderingsundersøgelser, der sker i forbindelse med bygge- og anlægsarbejde, eller med geofysiske, geologiske eller lignende formål.;- funderingsundersøgelser og prøveudtagning i forbindelse med bygge- og anlægsarbejder eller med geofysiske, geologiske eller lignende formål;;"- boring efter produktionsolie eller gaskilder, jf. 06.10.00 og 06.20.00
- funderingsundersøgelser i forbindelse med indvinding af råolie eller gas, jf. 09.10.00
- støtteaktiviteter til funderingsundersøgelser, fx i forbindelse med udvindingsaktiviteter, jf. 09.90.00
- vandboring, jf. 42.21.00
- geotermisk boring, jf. 42.21.00
- skaktbrydning, jf. 43.50.00
- geofysiske, geologiske og seismiske undersøgelser ifm. olie- og gasfeltudforskning, jf. 71.12.40"
1825;3;F;43.2;432;;El-installation, vvs- og blikkenslageraktiviteter samt andre bygningsinstallationsaktiviteter;Electrical, plumbing and other construction installation activities;Denne gruppe omfatter installationsaktiviteter, der understøtter en bygnings funktioner, herunder installation af elsystemer, vvs- og blikkenslagerarbejde (vand-, gas- og kloaksystemer), varme og klimaanlæg og elevatorer mv.;;;
1826;4;F;43.21;4321;;El-installation;Electrical installation;Denne undergruppe omfatter installation, reparation og vedligeholdelse af elektriske anlæg i alle typer bygninger og elektriske anlægs anlægsarbejder.;;;
1827;5;F;43.21.00;432100;;El-installation;Electrical installation;"Branchen omfatter alle typer af el-installationer i bygninger, gadebelysning, trafiklys og solcelleanlæg på bygninger samt ladestandere til elektriske køretøjer, fx i private hjem. 

Opførelse af anlæg som fx stationer med ladere til elektriske køretøjer henvises til 42.22.00 og overvågning af elektroniske sikkerhedssystemer henvises til 80.09.00.";"- installation af:
• elledninger og elektrisk udstyr
• telekommunikationsledninger
• ledninger til computernetværk og kabel-tv, herunder lyslederkabler
• parabolskærme
• belysningsanlæg
• brandalarmer
• tyverialarmsanlæg
• gadebelysning og elektriske signaler
• belysning til start- og landingsbaner i lufthavne
• solcelleanlæg på bygninger
• systemer til lagring af elektricitet
- installation af ladestandere til elektriske køretøjer, fx i private hjem og på parkeringspladser";- tilslutning af elektriske apparater og husholdningsudstyr, herunder gulvradiatorer;"- anlæg af ledningsnet til elektricitet og telekommunikation, jf. 42.22.00
- anlæg af solcelle- og vindmølleparker, jf. 42.22.00
- anlæg af strømforsyningsanlæg, fx ladestationer til elektriske køretøjer, jf. 42.22.00
- installation af lynafledere, jf. 43.24.00
- overvågning og fjernovervågning af elektroniske sikkerhedssystemer, fx tyveri- og brandalarmer, herunder installation og vedligeholdelse heraf, jf. 80.09.00"
1828;4;F;43.22;4322;;Installation af vvs-, varme- og klimaanlæg;Plumbing, heat and air-conditioning installation;Denne undergruppe omfatter installation, reparation og vedligeholdelse af sanitære installationer, varme- og klimaanlæg, herunder tilbygninger og ombygninger.;;;
1829;5;F;43.22.00;432200;tilføjelse;Installation af vvs-, varme- og klimaanlæg;Plumbing, heat and air-conditioning installation;"Branchen omfatter VVS- og blikkenslagerarbejde, herunder installation, reparation og vedligeholdelse af fx varme-, fyrings- og klimaanlæg samt solfangere til opvarmning. Branchen omfatter også installation, vedligeholdelse og reparation af distributionssystemer for medicinsk gas på hospitaler. 

Installation af elektriske gulvradiatorer henvises til 43.21.00.";"- installation, vedligeholdelse og reparation af:
• varmeanlæg, fx varmepumper og solvarmefangere
• vand- og spildevandsledninger i bygninger
• centralfyr og køletårne
• vvs-, blikkenslager- og sanitært udstyr
• ventilations- og klimaanlæg og -kanaler
• gasinstallationer
• dampledninger
• sprinkleranlæg, fx brand- og havesprinkleranlæg
- opbygning eller installation af masseovne
- installation af ventilationskanaler";- distributionssystemer for medicinsk gas på hospitaler;"- installation af elektriske gulvradiatorer, jf. 43.21.00
- kamerainspektion i luftkanaler-, vand- og gasledninger og andre væsker uden reparation og installation, jf. 71.20.90"
1830;4;F;43.23;4323;;Installation af isolering;Installation of insulation;;;;
1831;5;F;43.23.00;432300;;Installation af isolering;Installation of insulation;"Branchen omfatter installation af alle typer isolering. 

Udvendig tagisolering og vandtætning af tage henvises til 43.41.00.";"- varmeisoleringsarbejde, fx af rør, kedler og luftkanaler, indendørs og udendørs, herunder isolerende beklædning
- lydisoleringsarbejde
- montering af akustikplader, fliser o. lign.
- vibrationsisoleringsarbejde
- brandsikringsarbejde
- isolering mod vand
- indvendig tagisolering";;"- udvendig tagisolering, jf. 43.41.00
- vandtætning af tage, jf. 43.41.00"
1832;4;F;43.24;4324;;Andre bygningsinstallationsaktiviteter;Other construction installation;Denne undergruppe omfatter installation, reparation og vedligeholdelse af andet udstyr end elsystemer, vvs- og blikkenslagerarbejde, varme- og klimaanlæg eller industrimaskiner i bygninger og anlægsarbejder.;;;
1833;5;F;43.24.00;432400;tilføjelse;Andre bygningsinstallationsaktiviteter;Other construction installation;"Branchen omfatter installation i bygninger, fx af rulletrapper, elevatorer, kørestolslifte, lynafledere, automatiske døre, skilte med og uden belysning samt installation af udstyr til bygningshåndværkeres personlige sikkerhed, fx livliner. Låsesmedes aktiviter er også omfattet.

Installation af elektroniske sikkerhedssystemer, fx tyverialarmer, overvågningsanlæg og brandalarmer, uden senere overvågning og fjernovervågningsaktiviteter, henvises til 43.21.00.";"- installation i bygninger eller andre byggeprojekter af:
• elevatorer og rulletrapper, herunder kørestolslifte
• automatiske døre og svingdøre
• lynafledere
• støvsugeranlæg
• rullegardiner og markiser
- installation af hegn, rækværk og brandtrapper
- installation af skilte, med eller uden belysning
- installation og udskiftning af låse
- installation af automatiske systemer på bygninger, fx til åbning af vinduer og døre";- installation af udstyr til bygningshåndværkeres personlige sikkerhed, fx til sikring af livliner;"- installation af industrimaskiner, jf. 33.20.00
- installation af elektroniske sikkerhedssystemer, fx tyverialarmer, overvågningsanlæg og brandalarmer, uden senere overvågning og fjernovervågningsaktiviteter, jf. 43.21.00
- overvågning og fjernovervågning af elektroniske sikkerhedssystemer, fx tyveri- og brandalarmer, herunder installation og vedligeholdelse heraf, jf. 80.09.00"
1834;3;F;43.3;433;;Bygningsfærdiggørelse;Building completion and finishing;;;;
1835;4;F;43.31;4331;;Stukkatøraktiviteter;Plastering;;;;
1836;5;F;43.31.00;433100;;Stukkatøraktiviteter;Plastering;Branchen omfatter stukkatørarbejde og opsætning af gipsvægge i bygninger og pudsning af lofter.;"- anvendelse i bygninger eller andre byggeprojekter af indendørs og udendørs gips eller stuk, herunder tilhørende underlagsmaterialer
- opsætning af gipsvægge og pudsning af lofter";;
1837;4;F;43.32;4332;;Tømrer- og bygningssnedkeraktiviteter;Joinery installation;;;;
1838;5;F;43.32.00;433200;;Tømrer- og bygningssnedkeraktiviteter;Joinery installation;"Branchen omfatter tømrer- og snedkeraktiviteter i bygninger, fx montering af døre, vinduer og skabe i træ eller andre materialer. 

Montering af automatiske døre og svingdøre henvises til 43.24.00.";"- montering af døre (undtagen automatiske døre og svingdøre), vinduer, dør- og vinduesrammer, af træ eller andre materialer
- montering af elementkøkkener, indbyggede skabe, trapper, butiksinventar mv.
- indendørs færdiggørelse, fx af lofter og flytbare skillevægge
- installation af drivhuse, verandaer og balkoner, af træ eller andre materialer
- samling af stader og boder, fx på markeder, udstillinger og messer";;"- montering af automatiske døre og svingdøre, jf. 43.24.00
- udlejning og leasing af stader og boder, fx til udstillinger eller messer, jf. 77.39.10"
1839;4;F;43.33;4333;;Udførelse af gulvbelægninger og vægbeklædning;Floor and wall covering;;;;
1840;5;F;43.33.00;433300;;Udførelse af gulvbelægninger og vægbeklædning;Floor and wall covering;"Branchen omfatter gulvbelægninger og vægbeklædninger uanset art samt montering af kakkelovne. Behandling af trægulvsbelægninger er også omfattet.

Vægbeklædning af udvendige vægge henvises til 43.35.00.";"- lægning, opsætning, ophængning eller montering i bygninger eller i andre konstruktioner af:
• keramiske fliser, betonfliser eller stenfliser til væg eller gulv og montering af kakkelovne
• parket- og andre trægulve og træpaneler til vægge
• tæpper og linoleumsgulvbelægning, herunder af gummi eller plast
• gulve eller gulvbelægninger af terrazo, marmor, granit eller skifer
• tapet";- slibning, polering og forsegling af parket- og anden trægulvbelægning;- vægbeklædning af udvendige vægge, jf. 43.35.00
1841;4;F;43.34;4334;;Maler- og glarmesteraktiviteter;Painting and glazing;;;;
1842;5;F;43.34.10;433410;;Maleraktiviteter;Painting business;Branchen omfatter malerarbejde, som udføres indvendigt og udvendigt på bygninger, herunder maling af anlæg og overfaldebehandling af metal på bygninger og andre anlæg.;"- indvendig og udvendig maling af bygninger
- maling af andre typer anlæg";- overfladebehandling af metal på bygninger og andre typer anlæg;"- vandtætning af tage, jf. 43.41.00
- vejmaling og anden vejmarkering, jf. 43.50.00"
1843;5;F;43.34.20;433420;;Glarmesteraktiviteter;Glazier business;"Branchen omfatter montering af glas, spejle mv. samt autoruder og drift af glarmesterforretninger med butikshandel. 

Montering af vinduer henvises til 43.32.00.";- montering af glas, spejle mv.;"- montering af autoruder medmindre dette er hovedaktiviteten, jf. 45.20.10
- drift af glarmesterforretninger med butikshandel";- montering af vinduer, jf. 43.32.00
1844;4;F;43.35;4335;;Anden bygningsfærdiggørelse;Other building completion and finishing;Denne undergruppe omfatter færdigbehandlingen, der afslutter opførelsen af en bygning.;;;
1845;5;F;43.35.00;433500;;Anden bygningsfærdiggørelse;Other building completion and finishing;"Branchen omfatter montering af præfabrikerede metalplader mv., udsmykning på bygninger, beklædning af udvendige vægge, opførelse af skalmure og stålstrukturer samt anden bygningsfærdiggørelse. 

Indretningsaktiviteter henvises til 74.13.00 og damprensning, sandblæsning og lignende aktiviteter på bygningers ydre dele henvises til 81.22.90.";"- montering af præfabrikerede metalplader, ståldele og profiler
- montering af udsmykning på bygninger
- beklædning til udvendige vægge
- opførelse af skalmure
- anden bygningsfærdiggørelse og -færdigbehandling i.a.n.";;"- montering af reolsystemer, fx i butikker eller lagre (ikke en integreret del af bygningen), jf. 33.20.00
- montering af akustikplader, -fliser og lignende materialer, jf. 43.23.00
- indretningsaktiviteter, jf. 74.13.00
- generel indvendig rengøring af bygninger og andre strukturer, jf. 81.21.00
- specialiseret indvendig og udvendig rengøring af bygninger, jf. 81.22
- damprensning, sandblæsning og lignende aktiviteter på bygningers ydre dele, jf. 81.22.90"
1846;3;F;43.4;434;;Specialiserede byggeaktiviteter;Specialised construction activities in construction of buildings;;;;
1847;4;F;43.41;4341;;Tagdækningsaktiviteter;Roofing activities;;;;
1848;5;F;43.41.00;434100;;Tagdækningsaktiviteter;Roofing activities;"Branchen omfatter tagkonstruktionsarbejde, fx montering af spær, isolering, vandtætning, ovenlys og sikkerhedsudstyr. Udvendig isolering af tage er også omfattet.

Indvendig isolering af tage henvises til 43.23.00.";"- tagkonstruktionsarbejde
- montering af spærfag
- udvendig tagisolering
- lægning af tagbeklædning
- montering af isolering i tage
- vandtætning af tage
- montering af afløb, tagrender og nedløbsrør
- montering af ovenlys og loftslemme
- montering af snegitre på skrå tage
- montering af sikkerhedsudstyr på tage";;- indvendig isolering af tage, jf. 43.23.00
1849;4;F;43.42;4342;;Andre specialiserede bygningsarbejder;Other specialised construction activities in construction of buildings;;;;
1850;5;F;43.42.00;434200;;Andre specialiserede bygningsarbejder;Other specialised construction activities in construction of buildings;Branchen omfatter specialiserede byggearbejder, fx opførelse af fundamenter til bygninger, affugtning af bygninger samt opførelse af skorstene og industriovne.;"- byggearbejder, der er specialiseret i ét aspekt, der er fælles for opførelse af bygninger, der kræver specialfærdigheder eller -udstyr:
• opførelse af fundamenter til bygninger, herunder pilotering
• affugtning af bygninger
• opførelse af præfabrikerede, ikke egen-fremstillede, komponenter i bygningsstål til bygninger
• opførelse af skorstene og industriovne";;- opbygning eller installation af masseovne, jf. 43.22.00
1851;3;F;43.5;435;;Specialiserede anlægsaktiviteter;Specialised construction activities in civil engineering;;;;
1852;4;F;43.50;4350;;Specialiserede anlægsaktiviteter;Specialised construction activities in civil engineering;;;;
1853;5;F;43.50.00;435000;;Specialiserede anlægsaktiviteter;Specialised construction activities in civil engineering;"Branchen omfatter specialiseret anlægsarbejde, fx stålelementer til anlægsarbejder, installation af autoværn og færdselsskilte mv. Vejmaling og anden markering er også omfattet.

Overfladearbejde såsom vej- og brolægning, fx af asfalt, beton eller sten, henvises til 42.11.00.";"- anlægsarbejder, der er specialiseret i ét aspekt, der kræver særlige færdigheder eller særligt udstyr:
• anlæg af fundamenter til anlægsarbejder, herunder pilotering
• skaktboring
• opførelse af stålelementer til anlægsarbejder
• installation af autoværn, færdselsskilte mv.
- opførelse af støjbeskyttende vægge, fx langs veje
- installation af gademøbler
- installation af præfabrikerede swimmingpools
- vejmaling og anden markering
- opførelse og installation af beskyttende vægge mod faldende jord, sten mv.";;"- overfladearbejde, fx vejbelægning (asfalt, beton og sten mv.), jf. 42.11.00
- opførelse af ikke-præfabrikerede swimmingpools, jf. 42.99.00"
1854;3;F;43.6;436;;Formidlingsaktiviteter i forbindelse med specialiserede bygge- og anlægsarbejder;Intermediation service activities for specialised construction services;;;;
1855;4;F;43.60;4360;;Formidlingsaktiviteter i forbindelse med specialiserede bygge- og anlægsarbejder;Intermediation service activities for specialised construction services;Denne undergruppe omfatter formidling af specialiserede byggetjenester ved at bringe kunder og tjenesteudbydere sammen mod et gebyr eller en provision, uden at formidleren leverer de specialiserede byggetjenester, der formidles. Denne formidling kan udføres på digitale platforme eller via ikke-digitale kanaler (ansigt til ansigt, telefon og post mv.). Gebyret eller provisionen kan modtages enten fra kunden eller leverandøren af de specialiserede byggetjenester. Indtægter for formidlingen kan omfatte andre indtægtskilder, fx indtægter fra salget af reklameplads.;;;
1856;5;F;43.60.00;436000;;Formidlingsaktiviteter i forbindelse med specialiserede bygge- og anlægsarbejder;Intermediation service activities for specialised construction services;Branchen omfatter formidlingsaktiviteter i forbindelse med specialiserede bygge-og anlægsarbejder.;;;
1857;3;F;43.9;439;;Andre specialiserede byggeaktiviteter;Other specialised construction activities;;;;
1858;4;F;43.91;4391;;Murerarbejde;Masonry and bricklaying activities;;;;
1859;5;F;43.91.00;439100;;Murerarbejde;Masonry and bricklaying activities;"Branchen omfatter murerarbejde, blokarbejde, stensætning mv.

Overfladearbejde såsom vej- og brolægning, fx af asfalt, beton eller sten, henvises til 42.11.00.";- murerarbejde, blokarbejde, stensætning o.lign.;;- brolægning af veje, jf. 42.11.00
1860;4;F;43.99;4399;;Andre specialiserede byggeaktiviteter i.a.n.;Other specialised construction activities n.e.c.;;;;
1861;5;F;43.99.00;439900;;Andre specialiserede byggeaktiviteter i.a.n.;Other specialised construction activities n.e.c.;"Branchen omfatter specialiseret byggearbejde, fx opstilling og nedtagning af stilladser, opførsel af sikkerhedsudstyr, reparation af strukturer i forstærket beton mv. Renovering, fornyelse, genopførelse og eftermontering af historiske og arkæologiske steder og bygninger er også omfattet.

Udlejning af stilladser og arbejdsplatforme, uden opførelse og nedtagning, henvises til 77.32.00.";"- byggearbejder, der er specialiseret i ét aspekt, der er fælles for forskellige slags strukturer, der kræver specialfærdigheder eller -udstyr i.a.n.:
• bukning af forstærkningsstål, på byggepladsen
• opførelse og nedtagning af stilladser og arbejdsplatforme
- opførelse af sikkerhedsudstyr på byggepladsen
- arbejde med krav til adgang for specialister, der kræver klatrefærdigheder og brug af tilhørende udstyr, fx arbejde i højden på høje strukturer
- udlejning af kraner og andet bygningsudstyr, der ikke kan tildeles til en specifik bygningstype, med maskinfører
- reparation/restaurering af strukturer i forstærket beton, fx bjælker og søjler
- opførelse af reklametavler eller -søjler
- betonarbejde";- renovering, fornyelse, genopførelse og eftermontering af historiske og arkæologiske steder og bygninger;"- udlejning af stilladser og arbejdsplatforme, uden opførelse og nedtagning, jf. 77.32.00
- udlejning af byggemaskiner og -udstyr uden maskinfører, jf. 77.32.00"
1862;1;G;G;G;;ENGROSHANDEL OG DETAILHANDEL;WHOLESALE AND RETAIL TRADE;"Denne hovedafdeling omfatter engroshandel og detailhandel (dvs. salg uden transformering) af enhver type fysisk vare samt ydelse af tjenesteydelser i forbindelse med varesalget. Varer er fysiske producerede genstande, der er efterspørgsel efter, som ejendomsret kan etableres for, og hvis ejerskab kan overføres fra én enhed til en anden ved at indgå i transaktioner på markederne. Dette svarer til de definitioner og koncepter, der anvendes inden for betalingsbalancer, G20 Digital Economy Task Force, Handbook on Measuring Digital Trade osv.

Engroshandel og detailhandel er de sidste trin i varedistributionen. I denne forbindelse udføres der hjælpeaktiviteter (se indledende retningslinjer), der anses for at omfatte en række normale aktiviteter (eller manipulationer) i forbindelse med handlen uden at transformere varerne. Denne drift (eller disse manipulationer) omfatter fx sortering, kvalitetssortering og samling af varer, blanding eller sammenblanding af varer (fx sand), aftapning (med eller uden forudgående rensning af vaske), pakning, omstuvning og ompakning med henblik på distribution i mindre partier og opbevaring (frossen eller kølet). Hvis den nævnte virksomhed ikke udføres i forbindelse med den normale drift (eller manipulation) i forbindelse med branchen, kan de udføres som primær, sekundær eller supplerende aktivitet i andre hovedafdelinger af NACE.

Denne skelnen mellem hovedgruppe 46 (engroshandel) og hovedgruppe 47 (detailhandel) er baseret på kundetypen.

Engroshandel er videresalg af nye og brugte varer til detailhandlere, B2B-handel til fx industrielle, kommercielle, institutionelle eller professionelle brugere eller videresalg til andre grossister. Engroshandel omfatter også agentur- eller mæglerhandel ved køb/salg af varer til sådanne personer eller virksomheder. De primære forretningstyper, der er omfattet, er engroshandlere, dvs. engroshandlere som overtager adkomsten til de varer, de sælger, fx grossister eller mellemhandlere, industriforhandlere, eksportører, importører og kooperative indkøbsforeninger, salgsafdelinger og salgskontorer (men ikke detailbutikker), der vedligeholdes af produktions- eller indvindingsenheder bortset fra deres egne fabrikker eller miner for at markedsføre deres produkter, og som ikke kun modtager ordrer, der skal ekspederes i form af direkte forsendelser fra anlæggene eller minerne. Den omfatter også vare- og salgsvaremæglere, provisionsgrossister, agenter, samlevirksomheder og købere. Hvis grossisten ikke overtager ejerskabet over de handlede varer, skal denne klassificeres i gruppe 46.1. Hvis grossisten overtager ejerskabet over varerne, også hvis denne handler på vegne af en tredjemand, skal denne klassificeres i gruppe 46.2-46.9.

Grossister samler, sorterer og kvalitetssorterer ofte fysiske varer i store partier, omstuver og omfordeler i mindre partier, fx lægemidler, opbevarer, køler, leverer og installerer varer samt deltager i salgsfremme for deres kunder og etiketdesign.

Detailhandel er videresalg af nye og brugte varer til slutforbrugeren til forbrug eller brug af en person eller husholdning, uanset kanal, i butikker, stormagasiner, stader, postordrefirmaer, dørsælgere, gadesælgere, forbrugerkooperativer og auktionshuse osv. Det omfatter salg af varer via showrooms (hvor de udstillede varer kan købes), via kortvarige kasseterminaler (fx pop op-butikker) samt i automatiske detailbutikker.

De fleste detailhandlende overtager adkomsten af de varer, de sælger, men nogle er agenter for en mandant og sælger enten i konsignation eller på provision. Hvis detailhandleren ikke overtager ejerskabet over de varer, denne handler, skal denne klassificeres i gruppe 47.9. Hvis detailhandleren overtager ejerskabet over varerne, også hvis denne handler på vegne af en tredjemand, skal denne klassificeres i gruppe 47.1-47.8.

NACE skelner ikke på gruppe- og undergruppeniveau mellem detailhandel i butik og på nettet. Størstedelen af detailaktiviteterne finder sted både i butik og på nettet (samt på andre distributionskanaler), og det er vanskeligt at skelne mellem de to distributions-/salgskanaler baseret på de primære salgsmetoder. Andelen af salg på nettet og i butikken kan variere over tid og påvirke klassifikationens stabilitet. De vigtigste klassificeringskriterier for detailhandel i NACE er baseret på, hvad der sælges og ikke på salgskanalerne.
 
Detailhandel via postordre eller internettet klassificeres i henhold til den solgte varetype.

Skelnen mellem engros- og detailhandel er ikke baseret på antallet af solgte varer, eftersom engroshandel kan ske stykvist, ligesom detailhandel kan ske i store partier. I stedet skelnes der primært mellem engros- og detailhandel på kundetypen. Engroshandel omfatter forretninger som kunder, og detailhandel sælger normalt til slutkunder. Hvis en handlende sælger til både forretninger og slutkunder uden skelnen, og det er praktisk umuligt at skelne mellem den største kundetype, anbefales det at behandle sælgeren som detailhandler.

Blanding af drikkevarer, der skal leveres af en producent eller af en entreprenør, klassificeres i fremstilling (hovedafdeling C). Hvis det udføres som normal drift (eller manipulation) i forbindelse med handel, anses det som hjælpeaktivitet og er integreret i hovedafdeling G.

Denne hovedafdeling omfatter også:
- transithandelsaktiviteter, der består af indkøb af handelsvarer og flytte dem fra et toldområde til et andet. Transithandel repræsenter en trekanttransaktion, hvor transithandleren udfører eksport- og importtransaktioner mellem to eller flere forskellige lande uden for hans eget økonomiske område. Transithandleren ejer handelsvaren under dens transport (forskel i forhold til mellemmænd, der ikke overtager ejerskabet over de formidlede varer)
- specialiserede og ikke-specialiserede formidlingsaktiviteter inden for detailhandel, jf. 47.9
- salg af føde- og drikkevarer via automater eller automatiske salgssteder

Denne hovedafdeling omfatter ikke:
- handel med elektricitet, jf. 35.15.10 og 35.15.90
- handel med luftformige brændstoffer til energiforsyning via ledningsnet, jf. 35.23.00
- distribution af digitale produkter, herunder downloading- og streamingservices fx e-bøger, lyd osv., henvises til hovedafdeling J
- handel med digitale varer, streaming og download af indhold på digitale platforme, jf. hovedafdeling J
- forhandleraktiviteter i forbindelse med forudbetalte telefonkort og -services, jf. 61.20.00
- reparation af motorkøretøjer og motorcykler, jf. hovedgruppe 95
- kooperative foreninger klassificeres i henhold til deres dominerende aktivitet";;;
1863;2;G;46;46;;Engroshandel;Wholesale trade;"Denne hovedgruppe omfatter engroshandel med fysiske varer for egen regning eller på honorar- eller kontraktbasis (provisionshandel) i forbindelse med indenlandsk engroshandel samt international engroshandel (import/eksport), herunder på internettet.

Engroshandel for egen regning betyder, at man ejer de handlede varer, indtil ejerskabet overgår til køberen. I forbindelse med transithandel er varerne bestilt af en køber, men agenten ejer varerne, mens de er i transit, men begge tilfælde klassificeres imidlertid på samme måde, jf. 46.2-46.9.

Denne hovedgruppe omfatter engroshandel på honorar- eller kontraktbasis (gruppe 46.1), specialiseret engroshandel (gruppe 46.2-46.7) og ikke-specialiseret engroshandel (gruppe 46.9). Branche 46.39.00 er en undtagelse, da den omfatter ikke-specialiseret engroshandel med føde-, drikke- og tobaksvarer.

Reglerne for definition af specialiseret og ikke-specialiseret engroshandel er beskrevet i de indledende retningslinjer til NACE.

Denne hovedgruppe omfatter også:
- engroshandel med motorkøretøjer, motorcykler og tilhørende dele, udstyr og tilbehør
- transithandelsaktiviteter

Denne hovedgruppe omfatter ikke:
- handel med elektricitet, jf. 35.15.10 og 35.15.90
- handel med luftformige brændstoffer til energiforsyning via ledningsnet, jf. 35.23.00
- udlejning og leasing af varer, jf. hovedgruppe 77
- pakning af varer i fast form og aftapning af flydende eller luftformige varer, herunder blanding og filtrering for tredjemand, jf. 82.92.00";;;
1864;3;G;46.1;461;;Engroshandel på honorar- eller kontraktbasis;Wholesale on a fee or contract basis;"Denne gruppe omfatter formidlingsaktiviteter, dvs. formidling af transaktioner mellem sælgere og købere i forbindelse med bestilling af varer for et gebyr eller en provision uden at overtage ejerskabet af de formidlede varer, herunder:
- kommissionær-, varemægler- og anden engroshandel for andres regning uden at vedkommende på noget tidspunkt ejer de formidlede varer
- formidling af kontakt mellem sælgere og købere
- udførelse kommercielle transaktioner for en mandats regning, herunder også på internettet

Gruppen omfatter også:
- centrale indkøberes aktiviteter, hvis de kun er mellemhandlere og ikke ejer varerne
- engrosauktionshuses salg af tredjeparts varer, herunder engrosauktioner på internettet

Gruppen omfatter ikke:
- engroshandel for egen regning, jf. 46.2 til 46.9
- kommissionærhandel, hvor kommisionæren overtager ejerskab over varerne, selvom der handles i en tredjeparts navn, jf. 46.2 til 46.9
- formidlingsaktiviteter i forbindelse med detailhandel, jf. 47.91.00 og 47.92.00
- formidlingsaktiviteter i forbindelse med fast ejendom, jf. 68.31
- drift af websites, der leverer søgninger efter varer, der forbinder kunderne til sælgere, jf. de tilsvarende undergrupper for formidlingsaktiviteter
- reklame-, markedsanalyse- og pr-aktiviteter, jf. hovedgruppe 73";;;
1865;4;G;46.11;4611;;Agenturhandel med landbrugsråvarer, levende dyr, tekstilråvarer og halvfabrikata;Activities of agents involved in the wholesale of agricultural raw materials, live animals, textile raw materials and semi-finished goods;;;;
1866;5;G;46.11.00;461100;;Agenturhandel med landbrugsråvarer, levende dyr, tekstilråvarer og halvfabrikata;Activities of agents involved in the wholesale of agricultural raw materials, live animals, textile raw materials and semi-finished goods;"Branchen omfatter agenturhandel (på honorar eller kontraktbasis) med landbrugsråvarer, levende dyr, tekstilråvarer og halvfabrikata. 

Engroshandel med lignende varer for egen regning henvises til gruppe 46.2 og 46.3.";"- agenturhandel med foderstoffer
- agenturhandel med pelsskind for andres regning ved pelsauktioner";;"- agenturhandel med foder til kæledyr, jf. 46.17.90
- engroshandel for egen regning, jf. 46.2 til 46.9
- kommissionærhandel, hvor kommisionæren overtager ejerskab over varerne, selvom der handles i en tredjeparts navn, jf. 46.2 til 46.9"
1867;4;G;46.12;4612;;Agenturhandel med brændstoffer, malme, metaller og kemiske produkter til industrien;Activities of agents involved in the wholesale of fuels, ores, metals and industrial chemicals;;;;
1868;5;G;46.12.00;461200;;Agenturhandel med brændstoffer, malme, metaller og kemiske produkter til industrien;Activities of agents involved in the wholesale of fuels, ores, metals and industrial chemicals;"Branchen omfatter agenturhandel (på honorar eller kontraktbasis) med brændstoffer, malme og kemiske produkter til industrien. 

Engroshandel for egen regning henvises til gruppe 46.2-46.9.";- agenturhandel med brændstoffer, malm, metaller og industrikemikalier, herunder gødningsstoffer;;"- engroshandel for egen regning, jf. 46.2 til 46.9
- kommissionærhandel, hvor kommisionæren overtager ejerskab over varerne, selvom der handles i en tredjeparts navn, jf. 46.2 til 46.9"
1869;4;G;46.13;4613;;Agenturhandel med tømmer og andre byggematerialer;Activities of agents involved in the wholesale of timber and building materials;;;;
1870;5;G;46.13.00;461300;;Agenturhandel med tømmer og andre byggematerialer;Activities of agents involved in the wholesale of timber and building materials;"Branchen omfatter agenturhandel (på honorar eller kontraktbasis) med tømmer og andre byggematerialer. 

Engroshandel for egen regning henvises til gruppe 46.2-46.9.";- agenturhandel med tømmer og andre byggematerialer af træ;"- agenturhandel med:
• præfabrikerede bygninger og byggeudstyr
• paller og træbeholdere og dele dertil";"- engroshandel for egen regning, jf. 46.2 til 46.9
- kommissionærhandel, hvor kommisionæren overtager ejerskab over varerne, selvom der handles i en tredjeparts navn, jf. 46.2 til 46.9"
1871;4;G;46.14;4614;;Agenturhandel med maskiner, teknisk udstyr, skibe og flyvemaskiner;Activities of agents involved in the wholesale of machinery, industrial equipment, ships and aircraft;;;;
1872;5;G;46.14.00;461400;;Agenturhandel med maskiner, teknisk udstyr, skibe og flyvemaskiner;Activities of agents involved in the wholesale of machinery, industrial equipment, ships and aircraft;Branchen omfatter agenturhandel (på honorar eller kontraktbasis) med maskiner og teknisk udstyr, fx computere, samt skibe og flyvemaskiner.;"- agenturhandel med maskiner, herunder kontormaskiner og computere, industriudstyr, skib og fly
- agenturhandel med telefon- og kommunikationsudstyr, herunder mobiltelefoner, modemmer mv.";"- agenturhandel med landbrugsudstyr herunder traktorer
- agenturhandel med lystbåde og fritidsbåde";"- kommissionærhandel i forbindelse med motorkøretøjer og motorcykler, jf. 46.18.10
- auktionshuses engrosauktioner af motorkøretøjer på vegne af tredjepart, herunder engrosauktioner over internettet, jf. 46.18.10
- engroshandel for egen regning, jf. 46.2 til 46.9
- kommissionærhandel, hvor kommisionæren overtager ejerskab over varerne, selvom der handles i en tredjeparts navn, jf. 46.2 til 46.9"
1873;4;G;46.15;4615;;Agenturhandel med møbler, husholdningsartikler og isenkram;Activities of agents involved in the wholesale of furniture, household goods, hardware and ironmongery;;;;
1874;5;G;46.15.00;461500;;Agenturhandel med møbler, husholdningsartikler og isenkram;Activities of agents involved in the wholesale of furniture, household goods, hardware and ironmongery;Branchen omfatter agenturhandel (på honorar eller kontraktbasis) med møbler, husholdningsartikler og isenkram.;;;"- engroshandel for egen regning, jf. 46.2 til 46.9
- kommissionærhandel, hvor kommisionæren overtager ejerskab over varerne, selvom der handles i en tredjeparts navn, jf. 46.2 til 46.9"
1875;4;G;46.16;4616;;Agenturhandel med tekstiler, beklædning, pelsværk, fodtøj og lædervarer;Activities of agents involved in the wholesale of textiles, clothing, fur, footwear and leather goods;;;;
1876;5;G;46.16.00;461600;;Agenturhandel med tekstiler, beklædning, pelsværk, fodtøj og lædervarer;Activities of agents involved in the wholesale of textiles, clothing, fur, footwear and leather goods;Branchen omfatter agenturhandel (på honorar eller kontraktbasis) med tekstiler, beklædning, pelsværk, fodtøj og lædervarer.;;;"- engroshandel for egen regning, jf. 46.2 til 46.9
- kommissionærhandel, hvor kommisionæren overtager ejerskab over varerne, selvom der handles i en tredjeparts navn, jf. 46.2 til 46.9"
1877;4;G;46.17;4617;;Agenturhandel med føde-, drikke- og tobaksvarer;Activities of agents involved in the wholesale of food, beverages and tobacco;;;;
1878;5;G;46.17.10;461710;;Fiskeauktioner;Fish auctions;"Branchen omfatter auktioner med fisk, der sælges for tredjepart. 

Engroshandel med fisk på egne vegne henvises til 46.38.00.";- auktioner med fisk, der sælges for tredjepart;;"- engroshandel med fisk for egen regning, jf. 46.32.20
- kommissionærhandel, hvor kommisionæren overtager ejerskab over varerne, selvom der handles i en tredjeparts navn, jf. 46.2 til 46.9"
1879;5;G;46.17.90;461790;;Anden agenturhandel med føde-, drikke- og tobaksvarer;Other agency trade of food, drink and tobacco products;Branchen omfatter agenturhandel (på honorar eller kontraktbasis) med føde-, drikke- og tobaksvarer.;- agenturhandel med kosttilskud til brug for mennesker;"- agenturhandel med foder til kæledyr
- agenturhandel med kosttilskud til brug for dyr";"- engroshandel for egen regning, jf. 46.2 til 46.9
- kommissionærhandel, hvor kommisionæren overtager ejerskab over varerne, selvom der handles i en tredjeparts navn, jf. 46.2 til 46.9"
1880;4;G;46.18;4618;;Agenturhandel med andet specialiseret varesortiment;Activities of agents involved in the wholesale of other particular products;;;;
1881;5;G;46.18.10;461810;;Agenturhandel med motorcykler, biler, busser og trailere mv.;Agency trade of motorcycles, cars, buses and trailers, etc.;Branchen omfatter agenturhandel (på honorar eller kontraktbasis) med motorcykler, biler, busser, trailere mv.;"- agenturhandel med biler og lette motorkøretøjer, lastvogne, trailere og sættevogne, campingkøretøjer (fx campingvogne og autocampere), motorcykler (herunder knallerter), motoriserede persontransportenheder og andet rullende materiel, herunder elektriske køretøjer
- agenturhandel med dele og tilbehør til motorkøretøjer og dele og tilbehør til motorcykler, motoriserede persontransportenheder og andet rullende materiel";- engrosauktioner af motorkøretøjer på vegne af tredjepart, herunder engrosauktioner over internettet;"- engroshandel for egen regning, jf. 46.2 til 46.9
- kommissionærhandel, hvor kommisionæren overtager ejerskab over varerne, selvom der handles i en tredjeparts navn, jf. 46.2 til 46.9
- forsikringsagenters aktiviteter, jf. 66.22.00
- ejendomsmægleres aktiviteter, jf. 68.31.10"
1882;5;G;46.18.90;461890;;Agenturhandel med specialiseret varesortiment, bortset fra køretøjer;Agency trade with a specialised product range, except vehicles;Branchen omfatter agenturhandel (på honorar eller kontraktbasis) med medicinalvarer, legetøj og sportsartikler samt fotografisk og optisk udstyr.;"- agenturhandel med medicinalvarer og medicinske artikler, parfumeri- og toiletartikler og rengøringsmaterialer
- agenturhandel med spil og legetøj, sportsartikler, bøger, aviser, magasiner og kontorartikler, musikinstrumenter, ure, smykker samt fotografisk og optisk udstyr";"- engrosauktioner af kunst på vegne af tredjepart, herunder engrosauktioner over internettet
- individuelle auktionærers aktivitet
- agenturhandel med affald";"- engroshandel for egen regning, jf. 46.2 til 46.9
- kommissionærhandel, hvor kommisionæren overtager ejerskab over varerne, selvom der handles i en tredjeparts navn, jf. 46.2 til 46.9
- forsikringsagenters aktiviteter, jf. 66.22.00
- ejendomsmægleres aktiviteter, jf. 68.31.10"
1883;4;G;46.19;4619;;Agenturhandel med ikke-specialiseret varesortiment;Activities of agents involved in non-specialised wholesale;;;;
1884;5;G;46.19.00;461900;;Agenturhandel med ikke-specialiseret varesortiment;Activities of agents involved in non-specialised wholesale;Branchen omfatter agenturhandel (på honorar eller kontraktbasis) med et blandet varesortiment, hvor ingen enkelt varegruppe udgør mere end 50 pct. af omsætningen.;;;"- engroshandel for egen regning, jf. 46.2 til 46.9
- kommissionærhandel, hvor kommisionæren overtager ejerskab over varerne, selvom der handles i en tredjeparts navn, jf. 46.2 til 46.9
- ejendomsmægleres aktiviteter, jf. 68.31.10
- agenturhandel i forbindelse med salg af varetjenester (transport, forsikring og reklame), jf. undergruppen der svarer til den pågældende tjenesteydelse"
1885;3;G;46.2;462;;Engroshandel med landbrugsråvarer og levende dyr;Wholesale of agricultural raw materials and live animals;Denne gruppe omfatter ikke engroshandel, hvor grossisten ikke har overtaget ejerskabet af de varer, der handles, jf. 46.1.;;;
1886;4;G;46.21;4621;;Engroshandel med korn, uforarbejdet tobak, såsæd og foderstoffer;Wholesale of grain, unmanufactured tobacco, seeds and animal feeds;;;;
1887;5;G;46.21.00;462100;;Engroshandel med korn, uforarbejdet tobak, såsæd og foderstoffer;Wholesale of grain, unmanufactured tobacco, seeds and animal feeds;"Branchen omfatter engroshandel med landbrugsråvarer, der skal bearbejdes før brug eller som bruges til foder i landbruget.

Engroshandel med gødningsstoffer henvises til 46.85.00.";"- engroshandel med korn og frø til udplantning
- engroshandel med olieholdige frugter
- engroshandel med uforarbejdet tobak
- engroshandel med foderstoffer og landbrugsråvarer";;"- engroshandel med blomster- og plantefrø, jf. 46.22.00
- engroshandel med foder til kæledyr, jf. 46.38.00
- engroshandel med gødning og agrokemiske produkter, jf. 46.85.00
- engroshandel med tekstilfibre, jf. 46.86.00"
1888;4;G;46.22;4622;;Engroshandel med blomster og planter;Wholesale of flowers and plants;;;;
1889;5;G;46.22.00;462200;;Engroshandel med blomster og planter;Wholesale of flowers and plants;Branchen omfatter engroshandel med blomster, planter, blomsterløg og juletræer samt salg og vedligeholdelse af kontorbeplantning.;"- engroshandel med blomster, planter og løg
- engroshandel med blomster- og plantefrø";;
1890;4;G;46.23;4623;;Engroshandel med levende dyr;Wholesale of live animals;;;;
1891;5;G;46.23.00;462300;;Engroshandel med levende dyr;Wholesale of live animals;Branchen omfatter engroshandel med levende husdyr til landbruget og kæledyr til husholdninger.;- engroshandel med kæledyr;;
1892;4;G;46.24;4624;;Engroshandel med huder, skind og læder;Wholesale of hides, skins and leather;;;;
1893;5;G;46.24.00;462400;;Engroshandel med huder, skind og læder;Wholesale of hides, skins and leather;"Branchen omfatter engroshandel med huder, skind, læder, råuld og kunstlæder. 

Pelsauktioner henvises til 46.11.00.";- engroshandel med læder, rå og forarbejdede huder og pels;;- agenturhandel med pelsskind for andres regning ved pelsauktioner, jf. 46.11.00
1894;3;G;46.3;463;;Engroshandel med føde-, drikke- og tobaksvarer;Wholesale of food, beverages and tobacco;"Denne gruppe omfatter engroshandel med friske, konserverede og frosne fødevarer samt specialiseret og ikke-specialiseret engroshandel med føde-, drikke- og tobaksvarer.

Gruppen omfatter ikke:
- engroshandel, hvor grossisten ikke overtager ejerskabet over de varer, der handles, jf. 46.1";;;
1895;4;G;46.31;4631;;Engroshandel med frugt og grøntsager;Wholesale of fruit and vegetables;;;;
1896;5;G;46.31.00;463100;;Engroshandel med frugt og grøntsager;Wholesale of fruit and vegetables;"Branchen omfatter engroshandel med frisk frugt og grønt, herunder kartofler, samt tørret, konserveret og frossent frugt og grønt. 

Engroshandel med saft af frugt og grønt henvises til 46.34.10.";"- engroshandel med frisk frugt og friske grøntsager
- engroshandel med bælgfrugter
- engroshandel med tørret frugt og tørrede grøntsager
- engroshandel med konserveret frugt og konserverede grøntsager
- engroshandel med frossen frugt og frosne grøntsager";- engroshandel med svampe;"- engroshandel med frugt- og grøntsagssaft, jf. 46.34.10
- engroshandel med færdigretter, jf. 46.38.00"
1897;4;G;46.32;4632;;Engroshandel med kød, kødprodukter, fisk og fiskeprodukter;Wholesale of meat, meat products, fish and fish products;;;;
1898;5;G;46.32.10;463210;;Engroshandel med kød og kødprodukter;Wholesale of meat and meat products;"Branchen omfatter engroshandel med kød og kødprodukter fra både vildt og opdrættede dyr, herunder fjerkræ. 

Engroshandel med foder til husdyr henvises til 46.21.00 og engroshandel med foder til kæledyr henvises til 46.38.00.";"- engroshandel med kød og kødprodukter
- engroshandel med fjerkræ og vildt";"- engroshandel med kallun, charcuteri, saltet kød
- engroshandel med snegle";"- engroshandel med foder til husdyr, jf. 46.21.00
- engroshandel med færdigretter, jf. 46.38.00
- engroshandel med foder til kæledyr, jf. 46.38.00"
1899;5;G;46.32.20;463220;;Engroshandel med fisk og fiskeprodukter;Wholesale of fish and fish products;Branchen omfatter engroshandel med fisk og fiskeprodukter samt alger og tang.;"- engroshandel med fisk og fiskeprodukter
- engroshandel med krebsdyr og bløddyr";- engroshandel med alger og tang;"- engroshandel med foder til foderdyr, jf. 46.21.00
- engroshandel med færdigretter, jf. 46.38.00
- engroshandel med foder til kæledyr, jf. 46.38.00"
1900;4;G;46.33;4633;;Engroshandel med mejeriprodukter, æg samt spiselige olier og fedtstoffer;Wholesale of dairy products, eggs and edible oils and fats;;;;
1901;5;G;46.33.00;463300;;Engroshandel med mejeriprodukter, æg samt spiselige olier og fedtstoffer;Wholesale of dairy products, eggs and edible oils and fats;Branchen omfatter engroshandel med mejeriprodukter, æg og ægprodukter samt spiselige olier og fedtstoffer.;"- engroshandel med mejeriprodukter
- engroshandel med æg og æggeprodukter
- engroshandel med spiselige olier og fedtstoffer af animalsk eller vegetabilsk oprindelse";"- engroshandel med mælkepulver
- engroshandel med konsumis og sorbet";
1902;4;G;46.34;4634;;Engroshandel med drikkevarer;Wholesale of beverages;;;;
1903;5;G;46.34.10;463410;;Engroshandel med øl, mineralvand, frugt- og grøntsagssaft;Wholesale of beer, mineral water, fruit and vegetable juices;"Branchen omfatter engroshandel med drikkevarer, herunder frugt- og grøntsagsjuice og øl.

Engroshandel med vin og spiritus henvises til 46.34.20.";"- engroshandel med alkoholiske og ikke-alkoholiske drikkevarer
- engroshandel med frugt- og grøntsagsjuice";;"- blanding af øl, juice, vin og spiritus mv. (for at fremstille et nyt produkt), jf. 11.01.00 til 11.05.00 og 11.07.00
- engroshandel med vin og spiritus, jf. 46.34.20"
1904;5;G;46.34.20;463420;;Engroshandel med vin og spiritus;Wholesale of wine and spirits;"Branchen omfatter engroshandel med alkoholiske drikkevarer, herunder tapning på egne flasker (uden omdannelse). 

Engroshandel med øl henvises til 46.34.10.";- køb af vin i store partier og aftapning uden omdannelse;;"- blanding af øl, juice, vin og spiritus mv. (for at fremstille et nyt produkt), jf. 11.01.00 til 11.05.00 og 11.07.00
- engroshandel med øl, mineralvand, frugt- og grøntsagssaft, jf. 46.34.10"
1905;4;G;46.35;4635;;Engroshandel med tobaksvarer;Wholesale of tobacco products;;;;
1906;5;G;46.35.00;463500;;Engroshandel med tobaksvarer;Wholesale of tobacco products;"Branchen omfatter engroshandel med tobaksvarer, som er klar til brug, samt udstyr hertil, inkl. e-cigaretter. 

Engroshandel med e-væske til e-cigaretter henvises til 46.85.00. Engroshandel med råtobak henvises til 46.21.00.";- engroshandel med tobak og tobaksprodukter og tilbehør, herunder lightere, piber, udstyr til rulning af cigaretter mv.;- engroshandel med elektroniske cigaretter (e-cigaretter);- engroshandel med e-væsker til elektroniske cigaretter, jf. 46.85.00
1907;4;G;46.36;4636;;Engroshandel med sukker, chokolade og sukkervarer;Wholesale of sugar, chocolate and sugar confectionery;;;;
1908;5;G;46.36.00;463600;;Engroshandel med sukker, chokolade og sukkervarer;Wholesale of sugar, chocolate and sugar confectionery;Branchen omfatter engroshandel med sukker og chokolade samt fabriksfremstillet brød, kager og kiks.;"- engroshandel med sukker, herunder hugget sukker, melasse, sukkervarer og chokolade
- engroshandel med bageriprodukter";;- engroshandel med konsumis, jf. 46.33.00
1909;4;G;46.37;4637;;Engroshandel med kaffe, te, kakao og krydderier;Wholesale of coffee, tea, cocoa and spices;;;;
1910;5;G;46.37.00;463700;;Engroshandel med kaffe, te, kakao og krydderier;Wholesale of coffee, tea, cocoa and spices;"Branchen omfatter engroshandel med kaffe, te, kakao og krydderier. 

Forarbejdning af te og kaffe henvises til 10.83.00.";;;"- forarbejdning af te og kaffe, jf. 10.83.00
- engroshandel med færdige drikkevarer i dåser eller flasker, jf. 46.34.10 og 46.34.20"
1911;4;G;46.38;4638;;Engroshandel med andre fødevarer;Wholesale of other food;Denne undergruppe omfatter anden specialiseret engroshandel, der ikke allerede er klassificeret i undergrupperne 46.31-46.37, fx engroshandel med salt, eddike, mel, gær og honning.;;;
1912;5;G;46.38.00;463800;;Engroshandel med andre fødevarer;Wholesale of other food;Branchen omfatter specialiseret engroshandel med andre fødevarer, som ikke allerede er klassificeret i undergrupperne 46.31-46.37, fx engroshandel med færdigretter, helsekostprodukter, kosttilskud, diætmad eller foder til kæledyr.;- engroshandel med salt, eddike, mel, gær, honning mv.;"- engroshandel med færdigretter
- engroshandel med homogeniserede produkter og diætmad
- engroshandel med foder til kæledyr
- engroshandel med kosttilskud til mennesker
- engroshandel med insekter, fx fårekyllinger, der er forarbejdede og klar til at spise";- engroshandel med foderstoffer, jf. 46.21.00
1913;4;G;46.39;4639;;Ikke-specialiseret engroshandel med føde-, drikke- og tobaksvarer;Non-specialised wholesale of food, beverages and tobacco;;;;
1914;5;G;46.39.00;463900;;Ikke-specialiseret engroshandel med føde-, drikke- og tobaksvarer;Non-specialised wholesale of food, beverages and tobacco;Branchen omfatter engroshandel med et bredt varesortiment, dvs. flere varegrupper indenfor føde-, drikke- og tobaksvarekategorierne, hvor én varegruppe ikke udgør hovedparten af omsætningen.;"- ikke-specialiseret engroshandel med fødevarer, drikkevarer og tobaksprodukter, hvor de solgte produkter omfatter fem eller flere undergrupper i gruppe 46.3. Engroshandlen betragtes som ""specialiseret"", hvis de solgte produkter kun omfatter op til fire undergrupper i gruppe 46.3, og klassificeres efter den aktivitet, der bidrager mest til værditilvæksten, i én af undergrupperne 46.31 til 46.38";;
1915;3;G;46.4;464;;Engroshandel med husholdningsartikler;Wholesale of household goods;"Denne gruppe omfatter engroshandel med husholdningsartikler, herunder tekstiler og møbler.

Gruppen omfatter ikke:
- engroshandel, hvor grossisten ikke overtager ejerskabet over de varer, der handles, jf. 46.1
- engroshandel med have- og landskabsudstyr, fx plæneklippere, jf. 46.61.00";;;
1916;4;G;46.41;4641;;Engroshandel med tekstiler;Wholesale of textiles;;;;
1917;5;G;46.41.00;464100;;Engroshandel med tekstiler;Wholesale of textiles;"Branchen omfatter engroshandel med sytråd, garn, kjolestoffer, håndklæder, linned, dun og dyner. 

Engroshandel med soveposer eller gulvtæpper henvises til 46.49.10 og 46.47.00.";"- engroshandel med garn
- engroshandel med stoffer
- engroshandel med linned mv.
- engroshandel med syartikler, fx nåle, sytråd mv.
- engroshandel med parasoller, presenninger, sejl, faldskærme mv.";;"- engroshandel med beklædning, jf. 46.42.10
- engroshandel med telte og soveposer, jf. 46.49.10
- engroshandel med tekstilfibre, jf. 46.86.00"
1918;4;G;46.42;4642;;Engroshandel med beklædning og fodtøj;Wholesale of clothing and footwear;;;;
1919;5;G;46.42.10;464210;;Engroshandel med beklædning;Wholesale of clothing;"Branchen omfatter engroshandel med tøj, inklusive sportstøj og arbejdstøj. Branchen omfatter også engroshandel med tilbehør, fx slips, handsker, hatte, pelsartikler og paraplyer.

Engroshandel med fodtøj henvises til 46.42.20. ";"- engroshandel med beklædning, herunder sportsbeklædning
- engroshandel med tøjtilbehør, fx handsker, slips og seler
- engroshandel med pelsartikler
- engroshandel med paraplyer";- engroshandel med arbejdsbeklædning, uniformer og kostumer;"- engroshandel med smykker, jf. 46.48.00
- engroshandel med lædervarer, undtagen beklædning og fodtøj, jf. 46.49.30
- engroshandel med beskyttelsesudstyr til motorcyklister, jf. 46.73.00"
1920;5;G;46.42.20;464220;;Engroshandel med fodtøj;Wholesale of footwear;"Branchen omfatter engroshandel med fodtøj i alle materialer.

Engroshandel med særligt sportsfodtøj, der kun anvendes i forbindelse med en sport, henvises til 46.49.10.";- engroshandel med fodtøj, herunder ikke-specialiseret sportsfodtøj;;"- engroshandel med lædervarer, der ikke benyttes til beklædning, jf. 46.49.30
- engroshandel med særligt sportsfodtøj, der kun anvendes i forbindelse med en sport, fx skistøvler, fodboldsko, skøjter og balletsko, jf. 46.49.10"
1921;4;G;46.43;4643;;Engroshandel med elektriske husholdningsartikler;Wholesale of electrical household appliances;;;;
1922;5;G;46.43.10;464310;;Engroshandel med hvidevarer og elektriske husholdningsartikler;Wholesale of appliances and electrical household items;Branchen omfatter engroshandel med hårde hvidevarer, fx køleskabe og vaskemaskiner samt elektriske husholdningsartikler.;"- engroshandel med elektriske husholdningsartikler
- engroshandel med elektriske varme- og køleapparater
- engroshandel med varmeanlæg til vedvarende energi
- engroshandel med elektriske og varme-, ventilations- og airconditionanlæg til husholdningsbrug
- engroshandel med symaskiner af husholdningstypen
- engroshandel med sikkerhedsanlæg og -alarmer";;"- engroshandel med andre symaskiner end af husholdningstypen, jf. 46.64.00
- engroshandel med isenkram, varmeanlæg og tilbehør, jf. 46.84.00
- engroshandel med udstyr til opvarmning, ventilation og aircondition til kommercielt brug, jf. 46.84.00"
1923;5;G;46.43.20;464320;;Engroshandel med radio og tv, fotografiske og optiske artikler;Wholesale of radio and television, photographic and optical articles ;"Branchen omfatter engroshandel med radio og tv samt fotografiske og optiske artikler, fx briller og mikroskoper.

Engroshandel med korrigerende briller, kontaktlinser og solbriller henvises til 46.46.10.";"- engroshandel med radio- og tv-udstyr
- engroshandel med fotografiske og optiske artikler, undtagen korrigerende briller, kontaktlinser og solbriller";;"- engroshandel med korrigerende briller, kontaktlinser og solbriller, jf. 46.46.10
- engroshandel med indspillede medier, jf. 46.49.90
- engroshandel med medier til optagelse, jf. 46.50.00"
1924;4;G;46.44;4644;;Engroshandel med porcelæns- og glasvarer og rengøringsmidler;Wholesale of china and glassware and cleaning materials;;;;
1925;5;G;46.44.10;464410;;Engroshandel med porcelæns- og glasvarer;Wholesale of porcelain and glassware;Branchen omfatter engroshandel med varer af porcelæn eller glas samt køkkengrej.;"- engroshandel med porcelæns- og glasvarer
- engroshandel med køkkengrej, stentøj og keramik";;- engroshandel med gryder og pander, jf. 46.49.90
1926;5;G;46.44.20;464420;;Engroshandel med rengøringsmidler;Wholesale of cleaning products;Branchen omfatter engroshandel med rengøringsmidler, inkl. autoplejemidler.;- engroshandel med rengøringsmaterialer;;
1927;4;G;46.45;4645;;Engroshandel med parfumerivarer og kosmetik;Wholesale of perfume and cosmetics;;;;
1928;5;G;46.45.00;464500;;Engroshandel med parfumerivarer og kosmetik;Wholesale of perfume and cosmetics;Branchen omfatter engroshandel med kosmetik, parfume, solcreme, shampoo, badesalt, tandpasta mv.;- engroshandel med parfumerivarer, kosmetik, sæber og toiletpapir;;
1929;4;G;46.46;4646;;Engroshandel med medicinalvarer og medicinske artikler;Wholesale of pharmaceutical and medical goods;;;;
1930;5;G;46.46.10;464610;;Engroshandel med medicinalvarer og sygeplejeartikler;Wholesale of pharmaceuticals and nursing supplies;"Branchen omfatter engroshandel med ortopædiske-, sygepleje- og medicinske artikler samt antibiotika mv. 

Engroshandel med slankeprodukter og naturmedicin henvises til 46.38.00.";"- engroshandel med medicinalvarer, medicinske og ortopædiske artikler
- engroshandel med veterinære lægemidler
- engroshandel med korrigerende briller, linser og solbriller
- engroshandel med medicinske og kirurgiske instrumenter";- engroshandel med ikke-korrigerende solbriller;"- engroshandel med helsekost og diætprodukter, jf. 46.38.00
- engroshandel med møbler til medicinske institutioner og hospitaler, jf. 46.47.00"
1931;5;G;46.46.20;464620;;Engroshandel med læge- og hospitalsartikler;Wholesale of medical and hospital supplies;Branchen omfatter engroshandel med inventar til hospitaler og tandlæger, fx røngtenapparater, operationsborde, senge, tandlægestole mv.;- engroshandel med hospitalsudstyr, fx hjertestarter, senge, røngtenapparatur mv.;;"- engroshandel med helsekost og diætprodukter, jf. 46.38.00
- engroshandel med møbler til medicinske institutioner og hospitaler, jf. 46.47.00"
1932;4;G;46.47;4647;;Engroshandel med møbler til bolig-, kontor- og butiksbrug, tæpper og belysningsartikler;Wholesale of household, office and shop furniture, carpets and lighting equipment;;;;
1933;5;G;46.47.00;464700;;Engroshandel med møbler til bolig-, kontor- og butiksbrug, tæpper og belysningsartikler;Wholesale of household, office and shop furniture, carpets and lighting equipment;"Branchen omfatter engroshandel med møbler, tæpper og belysningsartikler.

Engroshandel med læge- og hospitalsudstyr henvises til 46.46.20.";"- engroshandel med møbler
- engroshandel med tæpper
- engroshandel med belysningsudstyr
- engroshandel med madrasser og springmadrasser";- engroshandel med møbler til virksomheder, organisationer og offentlige institutioner mv.;- engroshandel med læge- og hospitalsudstyr, jf. 46.46.20
1934;4;G;46.48;4648;;Engroshandel med ure og smykker;Wholesale of watches and jewellery;;;;
1935;5;G;46.48.00;464800;;Engroshandel med ure og smykker;Wholesale of watches and jewellery;Branchen omfatter engroshandel med ure og smykker i alle materialer samt andre artikler i guld og sølv.;;- engroshandel med forarbejdede ædelsten, natursten, syntetiske eller rekonstruerede sten;"- engroshandel med bijouteri, jf. 46.49.90
- engroshandel med rå ædelsten, jf. 46.86.00
- engroshandel med ubearbejdede syntetiske eller rekonstruerede sten eller halvædelsten, jf. 46.86.00"
1936;4;G;46.49;4649;;Engroshandel med andre husholdningsartikler;Wholesale of other household goods;;;;
1937;5;G;46.49.10;464910;;Engroshandel med cykler, sportsartikler og lystbåde;Wholesale of bicycles, sporting goods and yachts;Branchen omfatter engroshandel med udstyr til sports- og fritidsaktiviteter, herunder cykler, campingudstyr, segways, hoverboards mv. Branchen omfatter også engroshandel med fodboldstøvler, barnevogne, bæreseler, klapvogne og autostole til børn.;"- engroshandel med cykler, el-cykler, unicykler, hoverboards, løbehjul, herunder tilhørende dele og tilbehør
- engroshandel med sportsartikler, herunder specialsportsfodtøj, fx skistøvler, fodboldstøvler, skøjter og balletsko
- engroshandel med fritidsbåde
- engroshandel med babyudstyr, fx barnevogne, klapvogne, gangstativer, bæreseler, barnesæder mv.
- engroshandel med medaljer og sportspokaler";;- engroshandel med våben og ammunition, jf. 46.64.00
1938;5;G;46.49.20;464920;;Engroshandel med bøger, papir og papirvarer;Wholesale of books, paper and stationery;Branchen omfatter engroshandel med kontorartikler, bøger, papir og papirvarer.;- engroshandel med kontorartikler, bøger, magasiner og aviser;;
1939;5;G;46.49.30;464930;;Engroshandel med kufferter og lædervarer;Wholesale of suitcases and leather goods;Branchen omfatter engroshandel med kufferter og lædervarer.;- engroshandel med lædervarer og rejsetilbehør;;
1940;5;G;46.49.90;464990;;Engroshandel med andre husholdningsartikler i.a.n.;Wholesale of other household goods n.e.c.;Branchen omfatter engroshandel med hobbyartikler, legetøj, musikinstrumenter, træ-, kurve- og korkvarer samt spil. Engroshandel med gryder, pander og bestik er også omfattet.;"- engroshandel med trævarer, flettemateriale, korkartikler mv.
- engroshandel med musikinstrumenter
- engroshandel med indspillede medier
- engroshandel med spil og legetøj, herunder festartikler og tryllerekvisitter";"- engroshandel med gryder og pander
- engroshandel med bestik
- engroshandel med bijouteri";"- engroshandel med elektroniske cigaretter (e-cigaretter), jf. 46.35.00
- engroshandel med forklædning og udklædning, jf. 46.42.10
- engroshandel med e-væsker til elektroniske cigaretter, jf. 46.85.00"
1941;3;G;46.5;465;;Engroshandel med informations- og kommunikationsudstyr;Wholesale of information and communication equipment;"Denne gruppe omfatter engroshandel med informations- og kommunikationsteknologisk udstyr, dvs. computere, telekommunikationsudstyr og dele.

Gruppen omfatter ikke:
- engroshandel, hvor grossisten ikke overtager ejerskabet over de varer, der handles, jf. 46.1";;;
1942;4;G;46.50;4650;;Engroshandel med informations- og kommunikationsudstyr;Wholesale of information and communication equipment;Denne undergruppe omfatter engroshandel med informations- og kommunikationsteknologi udstyr.;;;
1943;5;G;46.50.00;465000;;Engroshandel med informations- og kommunikationsudstyr;Wholesale of information and communication equipment;Branchen omfatter engroshandel med informations- eller kommunikationsudstyr samt kontormaskiner og udstyr, fx computere, videospil på fysisk medier, microchips, medier til optagelse mv.;"- engroshandel med computere, ydre enheder til computere og dele
- engroshandel med smartboards
- engroshandel med ikke-specialudviklet software, herunder videospil, leveret på et fysisk medie med en ret til kontinuerligt brug
- engroshandel med elektroniske ventiler og rør
- engroshandel med halvlederenhed
- engroshandel med microchips og integrerede kredsløb
- engroshandel med trykte kredsløb
- engroshandel med medier til optagelse
- engroshandel med telefon- og kommunikationsudstyr, fx smartphones, mobiltelefoner og modemmer
- engroshandel med kontormaskiner og -udstyr";- engroshandel med smartwatches, -ringe og lignende udstyr, der anvendes til kommunikation;"- engroshandel med indspillede medier, jf. 46.49.90
- engroshandel med maskiner til additiv fremstilling (3D-printere mv.), jf. 46.64.00
- udgiveraktiviteter, jf. hovedgruppe 58"
1944;3;G;46.6;466;;Engroshandel med andre maskiner, andet udstyr og tilbehør;Wholesale of other machinery, equipment and supplies;"Denne gruppe omfatter engroshandel med specialiserede maskiner, udstyr og forsyninger til alle typer industri og almene maskiner og dele dertil. 

Gruppen omfatter ikke:
- engroshandel, hvor grossisten ikke overtager ejerskabet over de varer, der handles, jf. 46.1";;;
1945;4;G;46.61;4661;;Engroshandel med landbrugsmaskiner, -udstyr og tilbehør hertil;Wholesale of agricultural machinery, equipment and supplies;;;;
1946;5;G;46.61.00;466100;;Engroshandel med landbrugsmaskiner, -udstyr og tilbehør hertil;Wholesale of agricultural machinery, equipment and supplies;Branchen omfatter engroshandel med landbrugsmaskiner og udstyr hertil, fx pløjemaskiner, gødningsspredere, høstmaskiner, malkemaskiner, traktorer til land- og skovbrug, haveredskaber og plæneklippere.;"- engroshandel med landbrugs- og skovbrugsmaskiner og -udstyr, fx:
• plove, gødningsspredere, såmaskiner
• høstmaskiner
• tærskemaskiner
• malkemaskiner
• maskiner til fjerkræavl, maskiner til biavl
• traktorer, til landbrug og skovbrug";- engroshandel med have- og landskabsudstyr, fx plæneklippere mv.;"- engroshandel med foderstoffer, jf. 46.21.00
- engroshandel med gødningsmidler og agrokemiske produkter, jf. 46.85.00"
1947;4;G;46.62;4662;;Engroshandel med værktøjsmaskiner;Wholesale of machine tools;;;;
1948;5;G;46.62.00;466200;;Engroshandel med værktøjsmaskiner;Wholesale of machine tools;Branchen omfatter engroshandel med alle typer værkstøjsmakiner til alle typer materialer.;- engroshandel med værktøjsmaskiner af enhver type og til ethvert materiale;- engroshandel med computerstyrede værktøjsmaskiner;
1949;4;G;46.63;4663;;Engroshandel med maskiner til minedrift og bygge- og anlægsaktiviteter;Wholesale of mining, construction and civil engineering machinery;;;;
1950;5;G;46.63.00;466300;;Engroshandel med maskiner til minedrift og bygge- og anlægsaktiviteter;Wholesale of mining, construction and civil engineering machinery;Branchen omfatter engroshandel med maskiner til minedrift og bygge- og anlægsaktiviteter.;- engroshandel med maskiner til minedrift og bygge- og anlægsaktiviteter, fx gravemaskiner;;"- engroshandel med stilladser, jf. 46.83.00
- engroshandel med håndværktøj, isenkram, varmeanlæg og tilbehør, jf. 46.84.00"
1951;4;G;46.64;4664;;Engroshandel med andre maskiner og andet udstyr;Wholesale of other machinery and equipment;;;;
1952;5;G;46.64.00;466400;;Engroshandel med andre maskiner og andet udstyr;Wholesale of other machinery and equipment;Branchen omfatter engroshandel med specialiserede maskiner og udstyr, som ikke allerede er klassificeret i undergrupperne 46.61-46.63.;"- engroshandel med maskiner til tekstilindustrien og med sy- og strikkemaskiner
- engroshandel med robotter til serieproduktion
- engroshandel med maskiner til føde-, drikke- og tobaksvareindustrien
- engroshandel med transportudstyr, fx lokomotiver, vogne, undtagen motorkøretøjer, motorcykler og cykler
- engroshandel med skibe og både
- engroshandel med pansrede køretøjer
- engroshandel med fly, droner og ubemandede flysystemer
- engroshandel med udstyr til fiskeopdræt
- engroshandel med forlystelser til forlystelses- og temaparker, fx mekaniske forlystelser
- engroshandel med udstyr til frisører, motionscentre, solarier og skønhedsklinikker
- engroshandel med teknologiudstyr til events, messer og udstillinger
- engroshandel med andre maskiner i.a.n. til brug i industrien, handel og navigation samt andre tjenesteydelser
- engroshandel med andre elektriske materialer, fx elektriske motorer og transformatorer
- engroshandel med batterier og akkumulatorer, der ikke er beregnet til husholdningsbrug
- engroshandel med ledninger og kontakter og andet installationsudstyr
- engroshandel med solcellepaneler
- engroshandel med våben, våbensystemer og ammunition
- engroshandel med bokspaller
- engroshandel med reservoirer, tanke, kar og lignende beholdere, kapacitet > 300 l plast, til industriel brug";"- engroshandel med måleinstrumenter og udstyr
- engroshandel med maskiner til additiv fremstilling (3D-printere mv.)";"- engroshandel med symaskiner af husholdningstypen, jf. 46.43.10
- engroshandel med medicinsk udstyr, ikke af husholdningstypen, jf. 46.46.10
- engroshandel med fritidsbåde, jf. 46.49.10
- engroshandel med cykler, jf. 46.49.10
- engroshandel med maskiner til minedrift og bygge- og anlægsarbejder, jf. 46.63.00
- engroshandel med motorkøretøjer, herunder anhængere og campingvogne, jf. 46.71.00
- engroshandel med reservedele til motorkøretøjer, jf. 46.72.00
- engroshandel med batterier og akkumulatorer, der er beregnet til motorkøretøjer, jf. 46.72.00
- engroshandel med motorcykler, jf. 46.73.00
- engroshandel med stilladser, jf. 46.83.00
- vedligeholdelse og reparation af motorkøretøjer, jf. hovedgruppe 95.31.90
- vedligeholdelse og reparation af motorcykler, jf. hovedgruppe 95.32.00"
1953;3;G;46.7;467;;Engroshandel med motorkøretøjer og motorcykler samt reservedele og tilbehør dertil;Wholesale of motor vehicles, motorcycles and related parts and accessories;Denne gruppe omfatter ikke engroshandel, hvor grossisten ikke overtager ejerskabet over de varer, der handles, jf. 46.1 samt vedligeholdelse og reparation af motorkøretøjer og motorcykler, jf. 95.3.;;;
1954;4;G;46.71;4671;;Engroshandel med motorkøretøjer;Wholesale of motor vehicles;;;;
1955;5;G;46.71.00;467100;;Engroshandel med motorkøretøjer;Wholesale of motor vehicles;Branchen omfatter engroshandel med nye og brugte motorkøretøjer, herunder ambulancer, anhængere og campingvogne.;"- engroshandel med nye og brugte motorkøretøjer, herunder elektriske køretøjer:
• passagermotorkøretøjer, herunder specialiserede køretøjer, fx ambulancer, minibusser mv.
• lastvogne, anhængere og sættevogne
• campingkøretøjer, fx campingvogne og autocampere";- engroshandel med offroad motorkøretøjer;"- agenturhandel med biler og lette motorkøretøjer, jf. 46.18.10
- engroshandel med elcykler og tilhørende reservedele og tilbehør, jf. 46.49.10
- engroshandel med motoriseret transportudstyr, fx skibe, lystbåde, fly og toge mv., jf. 46.64.00
- engroshandel med reservedele og tilbehør til motorkøretøjer, jf. 46.72.00
- passagertransport på bestilling i køretøj med chauffør, jf. 49.33.00
- udlejning og leasing af biler og lette motorcykler uden chauffør, jf. 77.11.00
- vedligeholdelse og reparation af motorkøretøjer, jf. hovedgruppe 95"
1956;4;G;46.72;4672;;Engroshandel med reservedele og tilbehør til motorkøretøjer;Wholesale of motor vehicle parts and accessories;;;;
1957;5;G;46.72.00;467200;;Engroshandel med reservedele og tilbehør til motorkøretøjer;Wholesale of motor vehicle parts and accessories;Branchen omfatter engroshandel med reservedele og tilbehør til motorkøretøjer, fx batterier og dæk.;"- engroshandel med nye og brugte reservedele, udstyr og tilbehør, fx dæk mv. til motorkøretøjer
- engroshandel med batterier og akkumulatorer til motorkøretøjer";;"- agenturhandel med reservedele og tilbehør til biler og lette motorkøretøjer, jf. 46.18.10
- engroshandel med både, fly, tog, herunder reservedele og tilbehør, jf. 46.64.00"
1958;4;G;46.73;4673;;Engroshandel med motorcykler samt reservedele og tilbehør dertil;Wholesale of motorcycles, motorcycle parts and accessories;;;;
1959;5;G;46.73.00;467300;;Engroshandel med motorcykler samt reservedele og tilbehør dertil;Wholesale of motorcycles, motorcycle parts and accessories;Branchen omfatter engroshandel med både nye og brugte motorcykler og knallerter samt tilbehør hertil, fx motorcykelhjelme og reservedele.;"- engroshandel med nye og brugte motorcykler, herunder knallerter
- engroshandel med reservedele og tilbehør til motorcykler
- engroshandel med beskyttelsesudstyr til motorcyklister";;"- kommissionærhandel specialiseret i salg af motorcykler, jf. 46.18.10
- engroshandel med cykler, elcykler og tilhørende reservedele og tilbehør, jf. 46.49.10
- udlejning af motorcykler, jf. 77.39.90
- reparation og vedligeholdelse af motorcykler, jf. 95.32.00"
1960;3;G;46.8;468;;Anden specialiseret engroshandel;Other specialised wholesale;"Denne gruppe omfatter anden specialiseret engroshandel, der ikke er klassificeret i gruppe 46.2 til 46.7 samt engroshandel med halvfabrikata, undtagen landbrugsmæssige, typisk ikke til brug i husholdninger.

Gruppen omfatter ikke:
- agenturhandel, dvs. på honorar eller kontraktbasis, hvor agenten ikke overtager ejerskabet af de varer, der handles, jf. 46.1
- engroshandel med batterier og akkumulatorer, der ikke er beregnet til motorkøretøjer, jf. 46.89.00
- ikke-specialiseret engroshandel, jf. 46.90.00";;;
1961;4;G;46.81;4681;;Engroshandel med fast, flydende og luftformigt brændstof og lignende varer;Wholesale of solid, liquid and gaseous fuels and related products;;;;
1962;5;G;46.81.00;468100;;Engroshandel med fast, flydende og luftformigt brændstof og lignende varer;Wholesale of solid, liquid and gaseous fuels and related products;Branchen omfatter engroshandel med brændstoffer, herunder smørefedt, smøreolie, olie, trækul, brænde, rensebenzin, flaskegas, vaseline og raffinerede olieprodukter.;"- engroshandel med fossile brændstoffer samt lav- eller nulemissionsbrændstoffer, fedtstoffer, smøremidler og olier, fx:
• trækul, kul, koks, brænde, træ- eller biomassepiller og metanol
• jordolie, råolie, dieselbrændstof, benzin, fyringsolie, brændselsolie, petroleum, biobrændstoffer, genanvendte kulstofbrændsler, syntetiske brændstoffer i blanding eller ren
• flaskegas, flydende naturgas, butan- og propangas og tilhørende og vedvarende former, i blanding eller rene
• smøreolier og fedter samt raffinerede olieprodukter";;- engroshandel med brint, jf. 46.85.00
1963;4;G;46.82;4682;;Engroshandel med metaller og metalmalme;Wholesale of metals and metal ores;;;;
1964;5;G;46.82.00;468200;;Engroshandel med metaller og metalmalme;Wholesale of metals and metal ores;"Branchen omfatter engroshandel med metaller og metalmalme samt guld og andre ædelmetaller. Engroshandel med jernholdige og ikke-jernholdige halvfabrikata i metal er også omfattet.

Engroshandel med gammelt jern henvises til 46.87.00.";"- engroshandel med jernholdige og ikke-jernholdige metalmalme
- engroshandel med jernholdige og ikke-jernholdige metaller i primære former
- engroshandel med guld og andre ædle metaller
- engroshandel med halvfabrikata i metal og metalmalme
- engroshandel med jernholdige og ikke-jernholdige halvfabrikata i metal i.a.n.";"- engroshandel med stålplader for egen regning, herunder opskæring i forbindelse med handel, der ikke omfatter produktionen af nye varer
- engroshandel med guld og andre ædle metaller, købt fra husholdninger eller virksomheder og solgt til detailhandlere, til industrielle, kommercielle, institutionelle eller professionelle brugere eller til en anden grossist";"- engroshandel med metalskrot, jf. 46.87.00
- salg af guldbarrer, jf. hovedafdeling L"
1965;4;G;46.83;4683;;Engroshandel med træ og byggematerialer samt sanitetsartikler;Wholesale of wood, construction materials and sanitary equipment;;;;
1966;5;G;46.83.00;468300;;Engroshandel med træ og byggematerialer samt sanitetsartikler;Wholesale of wood, construction materials and sanitary equipment;Branchen omfatter engroshandel med både råtræ og behandlet træ samt andre byggematerialer, fx sand, stilladser, sanitetsartikler, maling mv.;"- engroshandel med råtræ
- engroshandel med produkter undergået en første bearbejdning af træ
- engroshandel med paller, andre lastebrædder af træ og tønder
- engroshandel med rå og samlede trægulve
- engroshandel med byggematerialer:
• sand, grus, cement, mursten mv.
- engroshandel med stilladser
- engroshandel med maling, fernis og lak
- engroshandel med tapet og gulvbelægning, fx laminat-, flise- og vinylgulve
- engroshandel med planglas
- engroshandel med sanitært udstyr:
• badekar, håndvaske, toiletter og andet sanitært porcelæn
- engroshandel med døre, vinduer og skodder (uanset materiale)";"- engroshandel med brugte marmortegl, trin og tagsten
- engroshandel med gademøbler, dvs. bænke, trafikbarrierer, pullerter, gadelamper, trafiklys, færdselsskilte samt bus- og sporvognsstop
- engroshandel med præfabrikerede bygninger
- engroshandel med varmeisoleringsmateriale
- engroshandel med reservoirer, tanke, kar og lignende beholdere af plast til byggeri";
1967;4;G;46.84;4684;;Engroshandel med isenkram, varmeanlæg og tilbehør;Wholesale of hardware, plumbing and heating equipment and supplies;;;;
1968;5;G;46.84.00;468400;;Engroshandel med isenkram, varmeanlæg og tilbehør;Wholesale of hardware, plumbing and heating equipment and supplies;Branchen omfatter engroshandel med en bred vifte af varer, der spænder fra vandvarmere og radiatorer til udstyr til sanitære installationer, håndværktøj mv.;"- engroshandel med isenkramvarer og lignende isenkram til husholdninger
- engroshandel med armaturer
- engroshandel med varmtvandsvarmere, radiatorer og kedler
- engroshandel med udstyr til sanitære installationer:
• slanger, rør, armaturer, haner, T-stykker, forbindelser, gummirør mv.
- engroshandel med værktøj, fx hamre, save, skruetrækkere og andet håndværktøj, herunder eldrevet håndværktøj
- engroshandel med udstyr til opvarmning, ventilation og aircondition, til industriel brug";;"- engroshandel med maskiner til minedrift og bygge- og anlægsarbejder, jf. 46.63.00
- engroshandel med sanitært udstyr, jf. 46.83.00
- engroshandel med udstyr til opvarmning, ventilation og aircondition, til husholdningsbrug, jf. 46.43.10"
1969;4;G;46.85;4685;;Engroshandel med kemiske produkter;Wholesale of chemical products;;;;
1970;5;G;46.85.00;468500;;Engroshandel med kemiske produkter;Wholesale of chemical products;"Branchen omfatter engroshandel med kemiske produkter til industrien, fx kemisk lim, farvestifter, duft- og smagsstoffer, gødningsstoffer, brint mv. Engroshandel med e-væsker til elektroniske cigaretter er også omfattet.

Engroshandel med elektroniske cigaretter (e-cigaretter) henvises til 46.35.00.";"- engroshandel med industrikemikalier, fx anilin, æteriske olier, kemisk lim, metanol, paraffin, aroma- og smagsstoffer, soda, industrielt salt, syrer og svovlstoffer, biprodukter af stivelse, industrigasser, farvestoffer og -pigmenter, andre organiske og uorganiske basiskemikalier, lasur, trykfarver, klæbestoffer mv.
- engroshandel med eksplosiver og pyrotekniske produkter
- engroshandel med gødningsmidler og agrokemiske produkter
- engroshandel med brint";- engroshandel med e-væsker til elektroniske cigaretter;- gasleverandør- og agentaktiviteter i forbindelse med salg af luftformige brændstoffer via distributionssystemer, der drives af andre, jf. 35.40.00
1971;4;G;46.86;4686;;Engroshandel med andre råvarer og halvfabrikata;Wholesale of other intermediate products;;;;
1972;5;G;46.86.00;468600;;Engroshandel med andre råvarer og halvfabrikata;Wholesale of other intermediate products;Branchen omfatter engroshandel med andre råvarer og halvfabrikata, fx gummi, plast, papirmasse, emballageartikler og rå ædelsten.;"- engroshandel med plastmaterialer i primære former
- engroshandel med gummi
- engroshandel med tekstilfibre
- engroshandel med emballageartikler
- engroshandel med rå ædelsten
- engroshandel med ubearbejdede syntetiske eller rekonstruerede ædel- eller halvædelsten
- engroshandel med ikke-metalliske malme
- engroshandel med papir i bulk og af papirmasse";;"- engroshandel med landbrugsmæssige råvarer, jf. 46.21.00
- engroshandel med bearbejdede ædelsten, jf. 46.48.00
- engroshandel med kontorartikler, jf. 46.49.20"
1973;4;G;46.87;4687;;Engroshandel med affaldsprodukter;Wholesale of waste and scrap;;;;
1974;5;G;46.87.00;468700;;Engroshandel med affaldsprodukter;Wholesale of waste and scrap;Branchen omfatter engroshandel med affaldsprodukter, herunder indsamling, sortering, demontering af materialer fra biler, computere og skærme til genbrug.;"- engroshandel med metallisk og ikke-metallisk affald og skrot og materialer til genbrug, herunder indsamling, sortering, separering, fjernelse af brugte varer fx biler for at få genanvendelige dele, pakning og ompakning, opbevaring og levering, men uden nogen transformationsproces. Derudover har det købte og solgte affald en restværdi
- engroshandel med brugbare varer (metal, plast mv.) efter demontering af biler, computere, fjernsyn og andet udstyr for egen regning ved enheden uden yderligere transformation af varerne
- engroshandel med skrotbiler";;"- indsamling af husholdningsaffald og industrielt affald, jf. 38.11.00 og 38.12.00
- behandling af affald og skrot og andre artikler til sekundære råmaterialer, når en transformationsproces er påkrævet (det resulterende sekundære råmateriale er egnet til direkte brug i en industriel fremstillingsproces, men er ikke et slutprodukt), jf. 38.21.00
- demontering af ubrugelige automobiler, computere, fjernsyn og andet udstyr og dele til genindvinding af materialer, jf. 38.21.00
- skibsophugning, jf. 38.21.00
- opskæring af biler ved hjælp af en mekanisk proces, jf. 38.21.00
- behandling af affald til bortskaffelse uden genindvinding, jf. 38.3
- detailhandel med brugte varer, jf. 47.79.00"
1975;4;G;46.89;4689;;Anden specialiseret engroshandel i.a.n.;Other specialised wholesale n.e.c.;;;;
1976;5;G;46.89.00;468900;;Anden specialiseret engroshandel i.a.n.;Other specialised wholesale n.e.c.;Branchen omfatter specialiseret engroshandel med varer, som ikke er nævnt i andre undergrupper i 46.2-46.8.;- anden specialiseret engroshandel, der ikke er klassificeret i andre grupper, 46.2-46.8, i denne hovedgruppe;;
1977;3;G;46.9;469;;Ikke-specialiseret engroshandel;Non-specialised wholesale trade;;;;- agenturhandel, dvs. engroshandel hvor grossisten ikke overtager ejerskabet af de varer, der handles, jf. 46.1
1978;4;G;46.90;4690;;Ikke-specialiseret engroshandel;Non-specialised wholesale trade;;;;
1979;5;G;46.90.00;469000;;Ikke-specialiseret engroshandel;Non-specialised wholesale trade;Branchen omfatter ikke-specialiseret engroshandel, hvilket vil sige handel med varer fra mindst fem forskellige grupper (omfattet af 4-cifrede koder i grupperne 46.2-46.8) og hvor ingen varegruppe er dominerende.;- engroshandel med forskellige varer, fra mindst fem forskellige grupper 46.2-46.8, hvor ingen varegruppe er dominerende;;- agenturhandel, dvs. engroshandel hvor grossisten ikke overtager ejerskabet af de varer, der handles, jf. 46.1
1980;2;G;47;47;;Detailhandel;Retail trade;"Denne hovedgruppe omfatter videresalg (salg uden transformation eller salg med almindelig håndtering) af både nye og brugte fysiske varer til offentligheden til personlig eller husholdningsmæssig forbrug eller udnyttelse, via butikker, stormagasiner, forbrugerkooperativer, stande, postordre, internet (inkl. sociale medier), dørsælgere, gadesælgere og salgsautomater mv.

Denne hovedgruppe omfatter detailhandel med både nye og brugte motorkøretøjer og motorcykler, herunder elektriske køretøjer. Klassificeringen af detailhandel sker ud fra handlede varer og ikke ifølge salgskanalen (butik, wepshop, stand og markedsbod mv.). Detailhandel er opdelt i specialiseret detailhandel (gruppe 47.2 til 47.8) og ikke-specialiseret detailhandel (gruppe 47.1). 

Ovennævnte grupper er desuden underopdelt efter det solgte varesortiment. Detailhandel omfatter detailhandel med brugte varer (undergruppe 47.79), bortset fra brugte biler og lignende, jf. 47.8.

Formidlingsaktiviteter i detailhandel omfatter formidling af transaktioner mellem købere og sælgere i forbindelse med bestilling og/eller levering af varer mod et gebyr eller kommission, uden at tage ejerskab over de varer, der handles. Formidlingsaktiviteter skal klassificeres i gruppe 47.9. Alle andre detailhandelsaktiviteter, hvis sælger overtager ejerskabet af varerne, selv hvis der handles på vegne af tredjepart, skal klassificeres i gruppe 47.1-47.8.

De varer, der sælges i denne hovedgruppe, er begrænset til varer, der normalt omtales som forbrugsvarer eller detailvarer. Derfor omfatter den ikke varer, der ikke normalt indgår i detailhandlen fx korn, malme og industrimaskiner. Varer til download, fx bøger og videoer, er heller ikke omfattet.

Reglerne for definition af specialiseret og ikke-specialiseret detailhandel er beskrevet i de indledende retningslinjer til NACE.

Denne hovedgruppe omfatter også enheder, der primært arbejder med at sælge til offentligheden, fra udstillede varer og produkter, fx personlige computere, kontorartikler, maling eller tømmer, selvom disse måske ikke er til personlig brug eller brug i husholdninger. Håndtering, der er sædvanlig i detailhandel, påvirker ikke varernes grundlæggende egenskaber og kan fx omfatte sortering, separering, blanding og pakning, levering og installation af varer samt markedsføring for deres kunder, hvis de leveres af samme handlende.

Denne hovedgruppe omfatter også:
- detailhandel med motorbrændstoffer samt smøre- eller køleprodukter
- auktionshuses salg til private, på vegne af tredjepart, af både nye og brugte varer, herunder detailauktioner på internettet
- formidlingsaktiviteter til (ikke-)specialiseret detailhandel (markedsplads), der formidler transaktioner mellem købere og sælgere ved bestilling og/eller levering af fysiske varer mod et gebyr eller en provision uden at overtage ejerskabet over de formidlede varer. Denne aktivitet kan udføres på digitale platforme eller via ikke-digitale kanaler, jf. 47.9
- salgsautomater med andre varer end føde- og drikkevarer
- salgsautomater med føde- og drikkevarer, der tilberedes af automaten

Denne hovedgruppe omfatter ikke:
- landmænds salg af landbrugsprodukter, jf. hovedgruppe 01
- fremstilling og salg af varer, der generelt klassificeres som fremstilling i hovedgruppe 10-32
- handel med cerealier, malme, råolie, industrikemikalier, jern og stål samt industrimaskiner og -udstyr, jf. hovedgruppe 46
- salg af føde- og drikkevarer til forbrug på stedet og salg af mad ud af huset, jf. hovedgruppe 56
- distribution af digitale produkter, herunder downloading- og streamingservices fx e-bøger, jf. hovedafdeling J
- udlejning og leasing af motorkøretøjer og motorcykler, jf. 77.1
- udlejning og leasing af personlige og husholdningsvarer til offentligheden, jf. 77.2";;;
1981;3;G;47.1;471;;Ikke-specialiseret detailhandel;Non-specialised retail sale;"Denne gruppe omfatter detailhandel med forskellige varesortimenter i samme enhed (ikke-specialiseret salg fx supermarkeder, store supermarkeder og stormagasiner).

Gruppen omfatter ikke:
- specialiseret detailhandel, jf. 47.2-47.8
- formidling i forbindelse med ikke-specialiseret og specialiseret detailhandel, jf. 47.91.00 og 47.92.00";;;
1982;4;G;47.11;4711;;Ikke-specialiseret detailhandel med hovedvægt på føde-, drikke- eller tobaksvarer;Non-specialised retail sale of predominately food, beverages or tobacco;"Denne undergruppe omfatter detailhandel af mange forskellige varer (fx tøj, møbler, apparater, hardware og kosmetik mv.), dog med hovedvægt på føde-, drikke- eller tobaksvarer.

Detailhandel med primært brændstoffer i kombination med føde- og drikkevarer osv. med hovedvægt på salg af brændstoffer henvises til 47.30.";;;
1983;5;G;47.11.10;471110;;Detailhandel med kioskvarer;Retail sale of groceries in kiosks;Branchen omfatter detailhandel med et smalt udvalg af varer, 'kioskvarer', herunder få eller ingen friske fødevarer. Salget kan foregå på internettet (fx via sociale medier), på markeder og i fysiske butikker.;- detailhandel med et smalt udvalg af varer primært inden for kategorierne slik, drikke- og tobaksvarer, ugeblade og aviser. Salget kan foregå på internettet (fx via sociale medier), på markeder og i fysiske butikker.;;- detailhandel med primært brændstoffer, i kombination med føde- og drikkevarer osv., med hovedvægt på salg af brændstoffer, jf. 47.30.00
1984;5;G;47.11.20;471120;;Detailhandel med dagligvarer i supermarkeder og købmandsbutikker;Retail sale of groceries in supermarkets and grocery stores;Branchen omfatter detailhandel med et bredt sortiment af dagligvarer med hovedvægten på føde- og drikkevarer med henblik på at gøre det muligt for kunderne at købe alle dagligvarer ét sted. Salget kan foregå på internettet (fx via sociale medier), på markeder og i fysiske butikker.;- detailhandel med et bredt udvalg af dagligvarer, hvor fødevarer, drikkevarer og tobak udgør hovedparten af værditilvæksten. Det vil sige, at varesortimentet omfatter andre varer, men disse kun udgør en mindre andel af sortimentet. Salget kan foregå på internettet (fx via sociale medier), på markeder og i fysiske butikker.;;
1985;5;G;47.11.30;471130;;Detailhandel med dagligvarer i discountsupermarkeder;Retail sale with groceries in discount supermarkets;Branchen omfatter detailhandel med et begrænset udvalg af dagligvarer, med henblik at være billig. Salget kan foregå på internettet (fx via sociale medier), på markeder og i fysiske butikker.;- detailhandel med et begrænset udvalg af dagligvarer, hvor fødevarer, drikkevarer og tobak udgør hovedparten af værditilvæksten. Andre varer udgør en begrænset andel af sortimentet. Et begrænset udvalg betyder, at der er færre varer at vælge mellem. Salget kan foregå på internettet (fx via sociale medier), på markeder og i fysiske butikker.;;
1986;4;G;47.12;4712;;Anden ikke-specialiseret detailhandel;Other non-specialised retail sale;;;;
1987;5;G;47.12.00;471200;tilpasset teskt;Anden ikke-specialiseret detailhandel;Other non-specialised retail sale;"Branchen omfatter ikke-specialiseret detailhandel med et stort, bredt varesortiment, hvor hovedvægten ikke er på fødevarer, i et omfang svarende til stormagasiner og varehuse. Handlen omfatter mange forskellige varer, i mange forskellige varegrupper, fx tøj, møbler, apparater, hardware, kosmetik, smykker, legetøj, sportsartikler mv. hvor ingen varegruppe er dominerende. Salget kan foregå på internettet (fx via sociale medier) og i fysiske butikker.

Mindre ikke-specialiseret detailhandel henvises til den branchekode, der bedst beskriver den produktgruppe, der sælges mest af.";- detailhandel med mange forskellige varer (fx tøj, møbler, apparater, hardware, kosmetik, smykker, legetøj, sportsartikler mv.), hvor hovedvægten ikke er på fødevarer, drikkevarer eller tobak, i et omfang svarende til stormagasiner og varehuse. Salget kan foregå på internettet (fx via sociale medier) og i fysiske butikker.;;- ikke-specialiseret detailhandel med brugte varer, jf. 47.79.00
1988;3;G;47.2;472;;Detailhandel med føde-, drikke- og tobaksvarer;Retail sale of food, beverages and tobacco;Denne gruppe omfatter ikke bearbejdning og fremstilling af føde- og drikkevarer, jf. hovedgruppe 10 og 11.;;;
1989;4;G;47.21;4721;;Detailhandel med frugt og grøntsager;Retail sale of fruit and vegetables;;;;
1990;5;G;47.21.00;472100;;Detailhandel med frugt og grøntsager;Retail sale of fruit and vegetables;Branchen omfatter specialiseret detailhandel med frugt og grønt til private. Salget kan foregå på internettet (fx via sociale medier), på markeder og i fysiske butikker.;"- detailhandel med frisk frugt og grøntsager, herunder friskskåren frugt og grøntsager
- detailhandel med tørret og konserveret frugt og grøntsager";;- detailhandel med frugt- og grøntsagssaft, jf. 47.25.00
1991;4;G;47.22;4722;;Detailhandel med kød og kødprodukter;Retail sale of meat and meat products;;;;
1992;5;G;47.22.00;472200;;Detailhandel med kød og kødprodukter;Retail sale of meat and meat products;"Branchen omfatter specialiseret detailhandel med kød, kødprodukter og fjerkræ til privatpersoner. Salget kan foregå på internettet (fx via sociale medier), på markeder og i fysiske butikker.

Smørrebrød lavet til umiddelbar fortæring henvises til 56.11.90.";"- detailhandel med kød og kødprodukter, herunder fjerkræ og vildt
- detailhandel med kallun, charcuteri, saltet kød mv.";- detailhandel med snegle;"- fremstilling af smørrebrød, der produceres til videresalg, jf. 10.89.00
- fremstilling af smørrebrød til umiddelbar fortæring, jf. 56.11.90"
1993;4;G;47.23;4723;;Detailhandel med fisk, krebsdyr og bløddyr;Retail sale of fish, crustaceans and molluscs;;;;
1994;5;G;47.23.00;472300;;Detailhandel med fisk, krebsdyr og bløddyr;Retail sale of fish, crustaceans and molluscs;Branchen omfatter fiskeforretninger, der sælger fisk og lignende til privatpersoner. Salget kan foregå på internettet (fx via sociale medier), på markeder og i fysiske butikker.;- detailhandel med fisk, skaldyr, fiskeprodukter og tilberedninger deraf;- detailhandel med alger og tang;
1995;4;G;47.24;4724;;Detailhandel med bagværk og konfekture;Retail sale of bread, cake and confectionery;;;;
1996;5;G;47.24.00;472400;;Detailhandel med bagværk og konfekture;Retail sale of bread, cake and confectionery;"Branchen omfatter detailhandel med brød og kager, uden eget bageri, samt detailhandel med slik og andre sukkervarer. Branchen omfatter også bagerprodukter, hvor ""bake-off’ benyttes. Salget kan foregå på internettet (fx via sociale medier), på markeder og i fysiske butikker.

Detailhandel med brød og kager, herunder hvis bagt i eget bageri, henvises til 10.71.20. ";"- detailhandel med brød og kager, herunder bake-off produkter, uden eget bageri
- detailhandel med slik, chokolade og andre sukkervarer";;"- fremstilling af brød, frisk bagværk og kager, inkl. detailhandel fra eget udsalg, jf. 10.71.20
- fremstilling af konditorkager, inkl. detailhandel fra eget udsalg, jf. 10.71.20"
1997;4;G;47.25;4725;;Detailhandel med drikkevarer;Retail sale of beverages;;;;
1998;5;G;47.25.00;472500;;Detailhandel med drikkevarer;Retail sale of beverages;"Branchen omfatter detailhandel med drikkevarer med/uden alkohol til privatpersoner, fx sodavand, øl eller vin. Salget kan foregå på internettet (fx via sociale medier), på markeder og i fysiske butikker.

Salg af drikkevarer til indtagelse på stedet henvises til 56.30.10 og 56.30.20.";- detailhandel med alkoholiske og ikke-alkoholiske drikkevarer, ikke til konsum, ej heller fremstillet på stedet;- detailhandel med frugt- og grøntsagssaft;- salg af frisklavede drikkevarer til indtagelse på stedet, jf. 56.30.10 og 56.30.20
1999;4;G;47.26;4726;;Detailhandel med tobaksvarer;Retail sale of tobacco products;;;;
2000;5;G;47.26.00;472600;;Detailhandel med tobaksvarer;Retail sale of tobacco products;Branchen omfatter detailhandel med tobak og lignende produkter, fx e-cigaretter og e-væsker, til privatpersoner. Salget kan foregå på internettet (fx via sociale medier), på markeder og i fysiske butikker.;"- detailhandel med tobaksartikler i enhver form, fx cigaretter, cigarer, pibetobak og skrå
- detailhandel med tobak og tobaksprodukter og tilbehør, herunder lightere, piber, udstyr til rulning af cigaretter mv.";- detailhandel med elektroniske cigaretter og e-væsker;
2001;4;G;47.27;4727;;Detailhandel med andre fødevarer;Retail sale of other food;Denne undergruppe omfatter detailhandel med fødevareprodukter, der ikke er nævnt andetsteds. Detailhandel med økologisk mærkede fødevarer, lokale fødevarer osv. er omfattet af undergruppe 47.21-47.27, afhængigt af det solgte produkt.;;;
2002;5;G;47.27.00;472700;;Detailhandel med andre fødevarer;Retail sale of other food;Branchen omfatter specialiseret detailhandel med fødevarer til privatpersoner, fx ost, helseprodukter, kaffe/te eller delikatesser. Salget kan foregå på internettet (fx via sociale medier), på markeder og i fysiske butikker.;"- detailhandel med mejeriprodukter, herunder mælke- og osteprodukter, samt æg
- detailhandel med kaffe, te, olier, mel, sukker, pasta mv.
- detailhandel med andre fødevarer i.a.n.";"- detailhandel med færdigretter, undtagen til umiddelbar indtagelse på stedet
- detailhandel med kosttilskud til mennesker, fx diættilskud og diætprodukter";- detailhandel med færdigretter, undtagen til umiddelbar indtagelse på stedet, jf. 56.11.90
2003;3;G;47.3;473;;Detailhandel med motorbrændstoffer;Retail sale of automotive fuel;;;;
2004;4;G;47.30;4730;;Detailhandel med motorbrændstoffer;Retail sale of automotive fuel;;;;
2005;5;G;47.30.00;473000;;Detailhandel med motorbrændstoffer;Retail sale of automotive fuel;"Branchen omfatter tankstationer, hvor hovedvægten er på salg af flydende brændstof, eventuelt med tilknyttet kiosk. 

Tankstationer, hvor hovedvægten er på el, henvises til 35.15.10. Hvis hovedvægten er på kiosksalg, henvises der til 47.11.10.";"- detailhandel med brændstoffer, fossile og vedvarende, til motorkøretøjer og motorcykler
- drift af servicestationer";"- detailhandel med benzin i kombination med elektrobrændstoffer (e-brændstoffer), hvis hovedvægten ikke er på salg af elektrobrændstoffer
- detailhandel med smøre- og kølemidler til motorkøretøjer
- detailhandel med brint til motorkøretøjer og motorcykler
- detailhandel med brændstoffer, i kombination med føde- og drikkevarer, produkter til vedligeholdelse af køretøjer, biler og vasketjenester mv., med hovedvægt på salg af brændstoffer";"- drift af ladestandere til fx elbiler, motorcykler, scootere og cykler, jf. 35.15.10
- engroshandel med brændstoffer, jf. 46.81.00
- detailhandel med flaskegas til madlavning og opvarmning, jf. 47.78.00
- detailhandel med reservedele og tilbehør til motorkøretøjer, jf. 47.82.00
- detailhandel med reservedele og tilbehør til motorcykler, jf. 47.83.00"
2006;3;G;47.4;474;;Detailhandel med informations- og kommunikationsudstyr;Retail sale of information and communication equipment;"Denne gruppe omfatter detailhandel med udstyr til informations- og kommunikationsteknologi, såsom computere og ydre enheder, telekommunikationsudstyr og forbrugerelektronik.

Gruppen omfatter ikke:
- streaming og download af indhold på digitale platforme, jf. hovedafdeling J";;;
2007;4;G;47.40;4740;;Detailhandel med informations- og kommunikationsudstyr;Retail sale of information and communication equipment;;;;
2008;5;G;47.40.00;474000;;Detailhandel med informations- og kommunikationsudstyr;Retail sale of information and communication equipment;Branchen omfatter detailhandel med forbrugerelektronik samt informations- og kommunikationsteknologisk udstyr. Salget kan foregå på internettet (fx via sociale medier), på markeder og i fysiske butikker.;"- detailhandel med computere
- detailhandel med ydre enheder til computer (fx printere, kopimaskiner, interaktive whiteboards, udstyr til videokonferencer mv.)
- detailhandel med videospilkonsoller
- detailhandel med ikke-specialudviklet software, herunder videospil, leveret på et fysisk medie med en ret til stedsevarende brug
- detailhandel med lyd- og videoudstyr
- detailhandel med radio- og tv-udstyr
- detailhandel med medier til optagelse
- detailhandel med medieafspillere og -optagere med indspilningsfunktion
- detailhandel med smartphones, mobiltelefoner og telefoner samt tilbehør hertil";"- detailhandleres påfyldning af blækpatroner
- detailhandel med smartwatches, -ringe og lignende udstyr, der anvendes til kommunikation
";"- detailhandel med fotografisk og optisk udstyr samt præcisionsudstyr, fx digitale kameraer, jf. 47.78.00
- detailhandel med brugt informations- og kommunikationsudstyr, jf. 47.79.00
- distribution af e-bøger og lydbøger via streaming og download via bogforlag, jf. 58.11.00
- distribution via streaming og download via videospiludgivere, jf. 58.21.00
- distribution via streaming og download via video-/filmudgivere, jf. 59.13.00
- distribution via streaming og download via lydudgivere, jf. 59.20.00"
2009;3;G;47.5;475;;Detailhandel med husholdningsudstyr;Retail sale of other household equipment;"Denne gruppe omfatter specialiseret detailhandel med husholdningsudstyr fx tekstiler, isenkram, tæpper, elektriske apparater eller møbler. 

Gruppen omfatter ikke:
- detailhandel med lyd- og videoudstyr, jf. 47.40.00
- detailhandel med brugt husholdningsudstyr, jf. 47.79.00";;;
2010;4;G;47.51;4751;;Detailhandel med tekstiler;Retail sale of textiles;;;;
2011;5;G;47.51.00;475100;;Detailhandel med tekstiler;Retail sale of textiles;Branchen omfatter butikker, der sælger stoffer og garn samt syartikler, fx nåle og tråde, til privatpersoner. Salget kan foregå på internettet (fx via sociale medier), på markeder og i fysiske butikker. Branchen omfatter ikke boligtekstiler og færdigsyet tøj.;"- detailhandel med strikkegarn
- detailhandel med basismaterialer til fremstilling af tæpper, vævede tæpper eller broderi
- detailhandel med syartikler, fx nåle, sytråd mv.
- detailhandel med presenninger";- detailhandel med sengetøj;"- detailhandel med gardiner og netgardiner, jf. 47.53.00
- detailhandel med parasoller, jf. 47.55.90
- detailhandel med beklædningsartikler, jf. 47.71.10"
2012;4;G;47.52;4752;;Detailhandel med isenkram, byggematerialer, maling og glas;Retail sale of hardware, building materials, paints and glass;;;;
2013;5;G;47.52.10;475210;;Detailhandel med maling og tapet;Retail sale of paint and wallpaper;Branchen omfatter detailhandel med maling og tapet samt tilbehør hertil til privatpersoner. Salget kan foregå på internettet (fx via sociale medier), på markeder og i fysiske butikker.;"- detailhandel med maling, fernis og lak
- detailhandel med opløsningsmidler, mineralsk terpentin og andre materialistprodukter";;
2014;5;G;47.52.20;475220;tilføjelse;Detailhandel med byggematerialer og værktøj;Retail sale of building materials and tools;Branchen omfatter detailhandel med byggematerialer, værktøj og andet isenkram (skruer, søm, beslag mv.), hovedsageligt til privatpersoner, som gør-det-selv. Detailhandel med havemaskiner og sauner, swimmingpools mv. uden installation er også omfattet. Salget kan foregå på internettet (fx via sociale medier), på markeder og i fysiske butikker.;"- detailhandel med isenkram (fx søm, skruer, beslag og værktøj) 
- detailhandel med planglas
- detailhandel med andre byggematerialer, fx mursten, fliser, slagbetonblokke, træ, gulvbrædder, isoleringsmateriale mv.
- detailhandel med sanitært udstyr og varmeudstyr
- detailhandel med gør det selv-materialer, elektriske, vvs- og blikkenslagermaterialer og -udstyr
- detailhandel med værktøj, fx hamre, save, skruetrækkere og andet værktøj herunder elektrisk håndværktøj
- detailhandel med vedvarende energimaterialer, fx ikke-elektriske solfangere og solcellepaneler, uden installation
- detailhandel med elektriske eller elektroniske brandalarmer, brandslukkere, nødblokke, røgudsugningsanlæg, pengeskabe og sikkerhedsbokse uden installations- eller vedligeholdelsesservice
- detailhandel med døre, vinduer og skodder, uanset materiale";"- detailhandel med have- og landskabsudstyr, fx plæneklippere mv.
- detailhandel med saunaer, swimmingpools, spabade mv., også i kits, men uden installation
- detailhandel med elektroniske sikkerhedsalarmsystemer og mekaniske eller elektroniske låseanordninger, uden senere overvågning, installation eller vedligeholdelse";"- installation af solcellepaneler, ikke forbundet til en bygning, jf. 42.22.00
- installation af solcellepaneler, forbundet til en bygning, jf. 43.21.00
- detailhandel med væg- eller gulvbeklædning, fx tapet, fliser, laminat- og flisegulve, jf. 47.53.00
- detailhandel med tæpper, jf. 47.53.00
- installation eller vedligeholdelse af elektroniske sikkerhedsalarmsystemer og mekaniske eller elektroniske låseanordninger med tilhørende overvågningsydelser, jf. 80.09.00"
2015;4;G;47.53;4753;;Detailhandel med tæpper, vægbeklædning og gulvbelægning;Retail sale of carpets, rugs, wall and floor coverings;;;;
2016;5;G;47.53.00;475300;;Detailhandel med tæpper, vægbeklædning og gulvbelægning;Retail sale of carpets, rugs, wall and floor coverings;Branchen omfatter detailhandel med tæpper, vægbeklædning, gulvbelægning, gardiner samt gardinmontage til privatpersoner. Salget kan foregå på internettet (fx via sociale medier), på markeder og i fysiske butikker.;"- detailhandel med tæpper
- detailhandel med gardiner og netgardiner
- detailhandel med væg- eller gulvbeklædning fx tapet, fliser, laminat- og flisegulve";;
2017;4;G;47.54;4754;;Detailhandel med elektriske husholdningsapparater;Retail sale of electrical household appliances;;;;
2018;5;G;47.54.00;475400;;Detailhandel med elektriske husholdningsapparater;Retail sale of electrical household appliances;"Branchen omfatter detailhandel med hårde hvidevarer og fx støvsugere, symaskiner og kaffemaskiner. Salget kan foregå på internettet (fx via sociale medier), på markeder og i fysiske butikker.

Detailhandel med havemaskiner, fx plæneklippere, og andet elektrisk håndværktøj henvises til 47.52.20.";- detailhandel med elektriske husholdningsapparater;;"- detailhandel med lyd- og videoudstyr, jf. 47.40.00
- detailhandel med plæneklippere, jf. 47.52.20
- detailhandel med elektrisk håndværktøj, jf. 47.52.20"
2019;4;G;47.55;4755;;Detailhandel med møbler, belysningsartikler, bordservice og andre husholdningsartikler;Retail sale of furniture, lighting equipment, tableware and other household goods;;;;
2020;5;G;47.55.10;475510;;Detailhandel med møbler;Retail sale of furniture;"Branchen omfatter detailhandel med møbler, kurvemøbler, kontormøbler og madrasser. Salget kan foregå på internettet (fx via sociale medier), på markeder og i fysiske butikker.

Detailhandel med brugte møbler og antikviteter henvises til 47.79.00.";"- detailhandel med møbler, inkl. madrasser
- detailhandel med kurvemøbler
- detailhandel med kontormøbler";;"- detailhandel med antikviteter, jf. 47.79.00
- detailhandel med brugte møbler, jf. 47.79.00"
2021;5;G;47.55.20;475520;;Detailhandel med bad- og køkkenelementer mv.;Retail sale of bathroom and kitchen elements, etc.;"Branchen omfatter detailhandel med køkken- og badeværelseselementer. Salget kan foregå på internettet (fx via sociale medier), på markeder og i fysiske butikker.

Detailhandel med sanitetsartikler, fx badekar og kummer, henvises til 47.52.20.";- detailhandel med køkken- og badeværelseselementer;;- detailhandel med sanitetsartikler, jf. 47.52.20
2022;5;G;47.55.30;475530;;Detailhandel med køkkenudstyr og service mv.;Retail sale of kitchen equipment and services, etc.;Branchen omfatter detailhandel med køkkenredskaber, service, bestik, glas, lertøj mv. Salget kan foregå på internettet (fx via sociale medier), på markeder og i fysiske butikker.;"- detailhandel med køkkenudstyr, bestik, service, glasvarer, porcelæn, lertøj mv.
- detailhandel med træ-, kork- og kurvefletvarer";;"- detailhandel med korkgulvfliser, jf. 47.53.00
- detailhandel med gardiner og netgardiner, jf. 47.53.00"
2023;5;G;47.55.90;475590;;Detailhandel med boligtekstiler, belysnings- og husholdningsartikler i.a.n.;Retail sale of home textiles, lighting and household items n.e.c.;"Branchen omfatter detailhandel med boligtekstiler, belysningsartikler, ikke-elektriske husholdsapparater og babyudstyr, fx barnevogne, klapvogne, gangstativer, bæreseler og barnesæder. Salget kan foregå på internettet (fx via sociale medier), på markeder og i fysiske butikker.

Detailhandel med baby- og børnetøj henvises til 47.71.20.";"- detailhandel med boligtekstiler, fx puder, dyner og sengeudstyr
- detailhandel med belysningsartikler
- detailhandel med ikke-elektriske husholdningsapparater
- detailhandel med ikke-elektriske komfurer, fx soldrevne
- ikke-elektriske ovne og pejse
- detailhandel med antændelsesartikler
- detailhandel med husholdningsartikler og -udstyr i.a.n.";"- detailhandel med babyudstyr, fx barnevogne, klapvogne, gangstativer, bæreseler og barnesæder
- detailhandel med sejl, undtagen bådsejl";"- detailhandel med elektriske eller elektroniske brandalarmer, sikkerhedssystemer og pengeskabe, jf. 47.52.20
- detailhandel med solcellepaneler, uden installation, jf. 47.52.20
- detailhandel med korkgulvfliser, jf. 47.53.00
- detailhandel med gardiner og netgardiner, jf. 47.53.00
- detailhandel med bådsejl, jf. 47.63.30
- detailhandel med musikinstrumenter og partiturer, jf. 47.69.10"
2024;3;G;47.6;476;;Detailhandel med varer til kulturelle formål og til fritid;Retail sale of cultural and recreation goods;Denne gruppe omfatter specialiseret detailhandel med varer til kulturelle formål og til fritid, fx bøger, aviser, lyd- og videooptagelser på fysiske medier, sportsudstyr, spil og legetøj.;;;
2025;4;G;47.61;4761;;Detailhandel med bøger;Retail sale of books;;;;
2026;5;G;47.61.00;476100;;Detailhandel med bøger;Retail sale of books;Branchen omfatter detailhandel med bøger, og evt. papirvarer, men med hovedvægt på bøger. Salget kan foregå på internettet (fx via sociale medier), på markeder og i fysiske butikker.;- detailhandel med bøger, herunder lydbøger på fysiske medier;;"- detailhandel med indspillede medier undtagen lydbøger på fysiske medier, jf. 47.69.10
- detailhandel med antikke bøger, jf. 47.79.00
- detailhandel med brugte bøger, jf. 47.79.00
- distribution af e-bøger og lydbøger via streaming og download via bogforlag, jf. 58.11.00"
2027;4;G;47.62;4762;;Detailhandel med aviser og andre tidsskrifter samt kontorartikler;Retail sale of newspapers, and other periodical publications and stationery;;;;
2028;5;G;47.62.00;476200;;Detailhandel med aviser og andre tidsskrifter samt kontorartikler;Retail sale of newspapers, and other periodical publications and stationery;Branchen omfatter detailhandel med aviser, papirvarer og kontorartikler. Detailhandel med plakater er også omfattet. Salget kan foregå på internettet (fx via sociale medier), på markeder og i fysiske butikker.;- detailhandel med aviser, fagblade og tidsskrifter;- detailhandel med kontorartikler, kontor- og skoleartikler fx penne, blyanter, papir mv.;"- detailhandel med kunstredskaber og materialer til tegning, maling og modellering, jf. 47.69.20
- distribution af aviser via streaming og download via deres udgivere, jf. 58.12.00
- distribution af fagblade og tidsskrifter via streaming og download via deres udgivere, jf. 58.13.00"
2029;4;G;47.63;4763;;Detailhandel med sportsudstyr;Retail sale of sporting equipment;;;;
2030;5;G;47.63.10;476310;;Detailhandel med sports- og fritidsudstyr;Retail sale of sports and leisure equipment;Branchen omfatter detailhandel med udstyr til sport, camping og andre fritidsaktiviteter, fx atletik, jagt, lystfiskeri mv. Salget kan foregå på internettet (fx via sociale medier), på markeder og i fysiske butikker.;"- detailhandel med sportsartikler, herunder fiskeudstyr, våben og ammunition og campingartikler
- detailhandel med specialfodtøj til sport, fx fodboldstøvler, skøjter og skistøvler
- detailhandel med specialsportsudstyr, beklædning til skiløb, kampsport, ballet mv.
- detailhandel med faldskærme, telte og soveposer mv.";;- detailhandel med ikke-specialiseret sportsfodtøj, fx tennissko, basketballsko, fitnesssko og træningssko, jf. 47.72.10
2031;5;G;47.63.20;476320;;Detailhandel med cykler;Retail sale of bicycles;"Branchen omfatter detailhandel med cykler og tilbehør hertil. Salget kan foregå på internettet (fx via sociale medier), på markeder og i fysiske butikker.

Reparation af cykler mv. henvises til 95.29.00.";- detailhandel med cykler, herunder elcykler, monohjul, hoverboards, løbecykler, elløbehjul mv.;;"- detailhandel med knallerter og scootere, jf. 47.83.00
- reparation af cykler, monohjul og segways mv., jf. 95.29.00"
2032;5;G;47.63.30;476330;;Detailhandel med lystbåde og udstyr hertil;Retail sale of yachts and related equipment;Branchen omfatter detailhandel med lystbåde og tilbehør hertil. Salget kan foregå på internettet (fx via sociale medier), på markeder og i fysiske butikker.;- detailhandel med både og lystbåde;;
2033;4;G;47.64;4764;;Detailhandel med spil og legetøj;Retail sale of games and toys;;;;
2034;5;G;47.64.00;476400;;Detailhandel med spil og legetøj;Retail sale of games and toys;Branchen omfatter detailhandel med spil, legetøj og festartikler. Salget kan foregå på internettet (fx via sociale medier), på markeder og i fysiske butikker.;"- detailhandel med legetøj og spil, fremstillet af alle materialer
- detailhandel med festartikler, fx masker, gaver og tryllerekvisitter";- detailhandel med legetøjsdroner;"- detailhandel med videokonsoller og videospil på et fysisk medium, jf. 47.40.00
- detailhandel med forklædninger, jf. 47.71.10
- detailhandel med brugte spil og legetøj, jf. 47.79.00
- redigering/udgivelser af spil og brætspil, jf. 58.19.00
- distribution af videospil via streaming og download via deres udgivere, jf. 58.21.00
- distribution af lydoptagelser via streaming og download via deres udgivere, jf. 59.20.00
- indholdsdistributionsplatforme (platforme for indholdsdeling) for videospil, jf. 60.39.00"
2035;4;G;47.69;4769;;Detailhandel med varer til kulturelle formål og til fritid i.a.n.;Retail sale of cultural and recreational goods n.e.c.;;;;
2036;5;G;47.69.10;476910;;Detailhandel med musikinstrumenter;Retail sale of musical instruments;Branchen omfatter detailhandel med indspillet musik og musikinstrumenter samt tilbehør hertil, fx cd'er, strenge og nodestativer. Salget kan foregå på internettet (fx via sociale medier), på markeder og i fysiske butikker.;"- detailhandel med indspillede medier
- detailhandel med musikinstrumenter, partiturer og tilbehør, fx strenge, nodestativer og metronomer";;"- detailhandel med antikviteter, brugte og antikke bøger, brugte musikinstrumenter og brugte indspillede medier, jf. 47.79.00
- distribution af lydoptagelser via streaming og download via dets udgivere, jf. 59.20.00
- streaming og download af lydoptagelser, der ikke er forbundet med udgivelse, men leveres som en tjenesteydelse til udgivere, jf. 60.10.00"
2037;5;G;47.69.20;476920;;Detailhandel med kunst mv.;Retail sale of hobby items;Branchen omfatter detailhandel med kunst i kommercielle kunstgallerier, herunder artikler til fx mønt- og frimærkesamlere. Salget kan foregå på internettet (fx via sociale medier), på markeder og i fysiske butikker.;- detailhandel med kunst i kommercielle kunstgallerier;- detailhandel med artikler til samlere, fx frimærker og mønter;- detailhandel med souvenirs, håndværksartikler og religiøse artikler, jf. 47.78.00
2038;5;G;47.69.90;476990;;Detailhandel med andre kulturelle artikler i.a.n;Retail sale of other cultural and recreational goods n.e.c.;Branchen omfatter detailhandel med hobby- og gaveartikler, inkl. brugskunst. Salget kan foregå på internettet (fx via sociale medier), på markeder og i fysiske butikker.;- detailhandel med kunstartikler, herunder perler, ler, lærreder, olie- og akvarelfarver mv.;;"- detailhandel med videospil på et fysisk medium, jf. 47.40.00
- detailhandel med souvenirs, håndværksartikler og religiøse artikler, jf. 47.78.00"
2039;3;G;47.7;477;;Detailhandel med andre varer, undtagen motorkøretøjer og motorcykler;Retail sale of other goods, except motor vehicles and motorcycles;"Denne gruppe omfatter specialiseret detailhandel med diverse artikler, der ikke er nævnt andetsteds, fx beklædning, fodtøj og læderartikler, lægemidler og medicinske varer, ure, souvenirs, rengøringsprodukter, toiletartikler, blomster, kæledyr og brugte varer mv.

Gruppen omfatter også:
- detailhandel med brugte varer";;;
2040;4;G;47.71;4771;;Detailhandel med beklædningsartikler;Retail sale of clothing;;;;
2041;5;G;47.71.10;477110;;Detailhandel med tøj;Retail sale of clothing, except for children;"Branchen omfatter detailhandel med tøj. Salget kan foregå på internettet (fx via sociale medier), på markeder og i fysiske butikker.

Detailhandel med baby- og børnetøj henvises til 47.71.20 og detailhandel med brugt tøj henvises til 47.79.00.";"- detailhandel med beklædningsartikler, herunder undertøj
- detailhandel med pelsartikler
- detailhandel med tøjtilbehør, fx handsker, slips og seler";- detailhandel med arbejdsbeklædning, uniformer, forklædninger og karnevalskostumer mv.;"- detailhandel med tekstiler, jf. 47.51.00
- detailhandel med specialsportsudstyr, beklædning til skiløb, kampsport og ballet mv., jf. 47.63.10
- detailhandel med beskyttelsesudstyr til cyklister, jf. 47.63.10
- detailhandel med beskyttelsesudstyr til motorcyklister, jf. 47.83.00
- detailhandel med brugt beklædning, 47.79.00"
2042;5;G;47.71.20;477120;;Detailhandel med baby- og børnetøj;Retail sale of baby equipment and children's clothing;Branchen omfatter detailhandel med hovedvægt på baby- og børnetøj. Salget kan foregå på internettet (fx via sociale medier), på markeder og i fysiske butikker.;- detailhandel med babytøj;;
2043;4;G;47.72;4772;;Detailhandel med fodtøj og lædervarer;Retail sale of footwear and leather goods;;;;
2044;5;G;47.72.10;477210;;Detailhandel med fodtøj;Retail sale of footwear;"Branchen omfatter detailhandel med sko. Salget kan foregå på internettet (fx via sociale medier), på markeder og i fysiske butikker.

Skoreparationer henvises til 95.23.00.";- detailhandel med fodtøj;;"- detailhandel med specialfodtøj til sport, fx fodboldstøvler, skøjter og skistøvler mv., jf. 47.63.10
- detailhandel med ortopædisk fodtøj, jf. 47.74.20"
2045;5;G;47.72.20;477220;;Detailhandel med lædervarer;Retail sale of leather goods;Branchen omfatter detailhandel med lædervarer, inkl. tasker og andre rejseartikler af læder. Salget kan foregå på internettet (fx via sociale medier), på markeder og i fysiske butikker.;"- detailhandel med lædervarer
- detailhandel med rejsetilbehør af læder og lædererstatning";;- detailhandel med læderbeklædning, jf. 47.71.10
2046;4;G;47.73;4773;;Detailhandel med farmaceutiske produkter;Retail sale of pharmaceutical products;;;;
2047;5;G;47.73.00;477300;;Detailhandel med farmaceutiske produkter;Retail sale of pharmaceutical products;Branchen omfatter detailhandel med medicinalvarer til privatpersoner, både receptpligtige varer og håndkøbslægemidler. Salget kan foregå på internettet (fx via sociale medier), på markeder og i fysiske butikker.;"- detailhandel med medicinalvarer
- detailhandel med veterinære lægemidler";"- detailhandel med homeopatiske produkter og håndkøbslægemidler
- detailhandel med plantelægemidler og urtemedicin";
2048;4;G;47.74;4774;;Detailhandel med medicinske og ortopædiske artikler;Retail sale of medical and orthopaedic goods;;;;
2049;5;G;47.74.10;477410;;Optikeraktiviteter;Retail sale of glasses and contact lenses;Branchen omfatter detailhandel med briller, linser og solbriller. Salget kan foregå på internettet (fx via sociale medier), på markeder og i fysiske butikker.;- detailhandel med korrigerende briller, linser og solbriller;- detailhandel med ikke-korrigerende solbriller;
2050;5;G;47.74.20;477420;;Detailhandel med andre medicinske og ortopædiske artikler;Retail sale of other medical and orthopedic articles;Branchen omfatter detailhandel med andre medicinske og ortopædiske artikler, fx høreapparater, støttestrømper, bandager mv. Salget kan foregå på internettet (fx via sociale medier), på markeder og i fysiske butikker.;"- detailhandel med høreapparater
- detailhandel med ortopædisk fodtøj
- detailhandel med krykker og kørestole
- detailhandel med ortopædiske proteser
- detailhandel med halskraver og korsetter
- detailhandel med elastokompressive produkter, fx kompressionsstrømper, manchetter mv.";;
2051;4;G;47.75;4775;;Detailhandel med kosmetikvarer og toiletartikler;Retail sale of cosmetic and toilet articles;;;;
2052;5;G;47.75.00;477500;;Detailhandel med kosmetikvarer og toiletartikler;Retail sale of cosmetic and toilet articles;Branchen omfatter detailhandel med produkter til personlig pleje, fx sæbe, shampoo, kosmetik og aftershave. Salget kan foregå på internettet (fx via sociale medier), på markeder og i fysiske butikker.;- detailhandel med parfumerivarer, kosmetik og toiletartikler samt artikler til personlig pleje;;- detailhandel med toiletartikler, hygiejneprodukter mv. til kæledyr, jf. 47.76.20
2053;4;G;47.76;4776;;Detailhandel med blomster, planter, gødningsstoffer, kæledyr samt foder til kæledyr;Retail sale of flowers, plants, fertilisers, pets and pet food;;;;
2054;5;G;47.76.10;477610;;Detailhandel med blomster og planter;Retail sale of flowers and plants;Branchen omfatter detailhandel med blomster, planter og frø samt gødning. Salget kan foregå på internettet (fx via sociale medier), på markeder og i fysiske butikker.;- detailhandel med gødningsmidler og planteværnsprodukter;"- detailhandel med frø, fx blomster- eller urtefrø
- blomsterbinding";
2055;5;G;47.76.20;477620;;Detailhandel med kæledyr og udstyr til kæledyr;Retail sale of pets and pet equipment;Branchen omfatter detailhandel med kæledyr samt tilbehør til disse, fx hunde-/kattemad, kaniner, akvariefisk mv. Salget kan foregå på internettet (fx via sociale medier), på markeder og i fysiske butikker.;"- detailhandel med kæledyr og artikler til kæledyr
- detailhandel med foder til kæledyr og andre hobbydyr, fx høns og heste";"- detailhandel med fugle- og akvarier
- detailhandel med artikler til kæledyr
- detailhandel med toiletartikler, hygiejneprodukter mv. til kæledyr";
2056;4;G;47.77;4777;;Detailhandel med ure og smykker;Retail sale of watches and jewellery;;;;
2057;5;G;47.77.00;477700;;Detailhandel med ure og smykker;Retail sale of watches and jewellery;"Branchen omfatter detailhandel med ure og smykker (af ædle metaller) samt guld- og sølvvarer, fx sølvtøj, lysestager mv. Salget kan foregå på internettet (fx via sociale medier), på markeder og i fysiske butikker.

Detailhandel med bijouteri henvises til 47.78.00.";"- detailhandel med ure
- detailhandel med smykker af ædle metaller";- detailhandel med sølvtøj;- detailhandel med bijouteri, jf. 47.78.00
2058;4;G;47.78;4778;;Detailhandel med andre nye varer;Retail sale of other new goods;;;;
2059;5;G;47.78.00;477800;;Detailhandel med andre nye varer;Retail sale of other new goods;Branchen omfatter detailhandel med andre nye varer, fx fotografiapparater, kunstige blomster, kikkerter, souvenir, bijouteri, kunsthåndværk, fyringsolie, brænde og andre nonfood varer. Salget kan foregå på internettet (fx via sociale medier), på markeder og i fysiske butikker.;"- detailhandel med fotografisk udstyr og præcisionsudstyr
- detailhandel med optisk udstyr (undtagen briller og linser), fx teleskoper, mikroskoper og kikkerter
- detailhandel med fyringsolie, flaskegas, kul og brænde, træ- eller biomassepiller
- detailhandel med emballageartikler
- detailhandel med begravelses- og kirkegårdsartikler, fx urner og gravsten
- detailhandel med bijouteri 
- detailhandel med rengøringsprodukter (rengøringsmidler, rengøringssvampe mv.)
- detailhandel med souvenirs, håndværksartikler og religiøse artikler
- detailhandel med non-food produkter i.a.n.";- detailhandel med kunstige blomster og planter;"- detailhandel med fiskeartikler, jf. 47.63.10
- detailhandel med våben og ammunition til sport og jagt, jf. 47.63.10
- detailhandel med frimærker og mønter, jf. 47.69.20
- detailhandel med briller og linser, jf. 47.74.10"
2060;4;G;47.79;4779;;Detailhandel med brugte varer;Retail sale of second-hand goods;;;;
2061;5;G;47.79.00;477900;;Detailhandel med brugte varer;Retail sale of second-hand goods;"Branchen omfatter detailhandel med genbrugsvarer, antikviteter og andre brugte varer, dog ikke brugte motorkøretøjer. Salget kan foregå på internettet (fx via sociale medier), på markeder og i fysiske butikker.

Auktionshuses salg af varer (på vegne af tredjepart) til private henvises til 47.9. Loppesupermarkeders udlejning af reol- eller gulvplads til private, inklusiv salgspersonale, henvises til 47.91.00.";"- detailhandel med brugte bøger
- detailhandel med antikviteter
- detailhandel med brugt tøj
- detailhandel med brugte møbler
- detailhandel med brugte husholdningsapparater
- detailhandel med andre brugte varer";;"- detailhandel med brugte motorkøretøjer og motorcykler samt reservedele og tilbehør dertil, jf. 47.8
- auktionshuses salg af varer, på vegne af tredjepart, til private, herunder detailauktioner på internettet, jf. 47.9
- formidlingsaktiviteter i forbindelse med detailhandel med brugte varer, jf. 47.9
- udlejning af salgsplads, inkl. personale, i forbindelse med privates salg af brugte varer, til private, jf. 47.91.00
- pantelåneraktiviteter, jf. 64.92.30"
2062;3;G;47.8;478;;Detailhandel med motorkøretøjer og motorcykler samt reservedele og tilbehør dertil;Retail sale of motor vehicles, motorcycles and related parts and accessories;"Denne gruppe omfatter detailhandel af nye og brugte motorkøretøjer, motorcykler og alle slags reservedele, komponenter, forsyninger, værktøj og tilbehør til motorkøretøjer og motorcykler fx:
- luftringe og slanger til dæk
- tændrør, batterier, lygteudstyr, ladeudstyr til køretøjer, elektriske dele mv.

Gruppen omfatter også:
- detailhandel med brugte reservedele og tilbehør efter demontering af biler eller andre motorkøretøjer
- detailhandel med reservedele og tilbehør til elektriske motorkøretøjer og motorcykler

Omfatter ikke:
- agenturhandel for andres regning ifm. engroshandel med motorkøretøjer, motorcykler og udstyr hertil, jf. 46.18.10
- formidlingsaktiviteter i forbindelse med detailhandel med motorkøretøjer og motorcykler, jf. 47.9
- passagertransport på bestilling i køretøj med chauffør, jf. 49.33.00
- udlejning og leasing af motorkøretøjer uden chauffør, jf. 77.1
- vedligeholdelse og reparation af motorkøretøjer og motorcykler, jf. 95.3";;;
2063;4;G;47.81;4781;;Detailhandel med motorkøretøjer;Retail sale of motor vehicles;;;;
2064;5;G;47.81.00;478100;;Detailhandel med motorkøretøjer;Retail sale of motor vehicles;Branchen omfatter detailhandel med nye og brugte personbiler, varebiler og minibusser, inklusiv campingvogne og trailere.;"- detailhandel med nye og brugte biler, inklusiv elektriske, fx:
• personbiler
• campingkøretøjer, fx campingvogne og autocampere";"- detailhandel med offroad motorkøretøjer
- detailhandel med anhængere til motorkøretøjer";"- detailhandel med cykler og elcykler mv., jf. 47.63.20
- detailhandel med reservedele og tilbehør til motorkøretøjer, jf. 47.82.00
- detailhandel med motorcykler, reservedele og tilbehør til motorcykler, jf. 47.83.00
- agenturhandel i forbindelse med detailhandel med motorkøretøjer, jf. 47.9
- passagertransport på bestilling i køretøj med chauffør, jf. 49.33.00
- udlejning og leasing af motorkøretøjer, uden chauffør, jf. 77.1
- vedligeholdelse og reparation af motorkøretøjer og motorcykler, jf. 95.31.90 og 95.32.00"
2065;4;G;47.82;4782;;Detailhandel med reservedele og tilbehør til motorkøretøjer;Retail sale of motor vehicle parts and accessories;;;;
2066;5;G;47.82.00;478200;;Detailhandel med reservedele og tilbehør til motorkøretøjer;Retail sale of motor vehicle parts and accessories;Branchen omfatter detailhandel med alle typer reservedele, komponenter, udstyr, redskaber og tilbehør til motorkøretøjer, undtagen til motorcykler, jf. 47.83.00. Motorbrændstof betragtes ikke som en reservedel.;- detailhandel med nye og brugte reservedele, udstyr og tilbehør til motorkøretøjer, undtagen til motorcykler;;"- detailhandel med motorbrændstof, jf. 47.30.00
- detailhandel med motorkøretøjer, jf. 47.81.00
- vedligeholdelse og reparation af motorkøretøjer og motorcykler, jf. 95.31.90 og 95.32.00"
2067;4;G;47.83;4783;;Detailhandel med motorcykler samt reservedele og tilbehør dertil;Retail sale of motorcycles, motorcycle parts and accessories;;;;
2068;5;G;47.83.00;478300;;Detailhandel med motorcykler samt reservedele og tilbehør dertil;Retail sale of motorcycles, motorcycle parts and accessories;Branchen omfatter detailhandel med motorcykler, knallerter og scootere samt reservedele og tilbehør hertil. ;"- detailhandel med nye og brugte motorcykler, herunder elektriske
- detailhandel med nye og brugte knallerter, herunder elektriske
- detailhandel med nye og brugte reservedele og tilbehør til motorcykler
- detailhandel med beskyttelsesudstyr til motorcyklister";;"- detailhandel med elcykler, monohjul, hoverboards, løbecykler og tilhørende dele og tilbehør, jf. 47.63.20
- udlejning af motorcykler, jf. 77.11.00
- reparation og vedligeholdelse af cykler, elcykler, monohjul, hoverboards og løbehjul, jf. 95.29.00
- reparation og vedligeholdelse af motorcykler, jf. 95.32.00"
2069;3;G;47.9;479;;Formidlingsaktiviteter inden for detailhandel;Intermediation service activities for retail sale;"Denne gruppe omfatter formidlingsaktiviteter i forbindelse med specialiseret og ikke-specialiseret detailhandel, der formidler transaktioner mellem købere og sælgere ved bestilling og/eller levering af fysiske varer mod et gebyr eller en provision uden levering og overtagelse af ejerskabet over de formidlede varer. Denne aktivitet kan udføres på digitale platforme eller via ikke-digitale kanaler (ansigt til ansigt, herunder dørsælger, telefon og post mv.). Gebyret eller provisionen kan modtages fra enten køberne eller sælgerne. Indtægter for formidlingen af detailhandlen kan omfatte andre indtægtskilder, fx indtægter fra salget af reklameplads.

Gruppen omfatter også:
- detailauktionshuses salg af både nye og brugte tredjeparts varer, herunder detailauktioner på internettet
- agenturhandel i forbindelse med detailhandel med motorkøretøjer og motorcykler
- formidlingsaktiviteter i forbindelse med detailhandel af brugte varer";;;
2070;4;G;47.91;4791;;Formidlingsaktiviteter inden for ikke-specialiseret detailhandel;Intermediation service activities for non-specialised retail sale;Denne undergruppe omfatter formidlingsaktiviteter i forbindelse med ikke-specialiseret detailhandel, der formidler transaktioner mellem købere og sælgere ved bestilling og/eller levering af fysiske varer mod et gebyr eller en provision uden levering og overtagelse af ejerskabet over de formidlede varer. Denne aktivitet kan udføres på digitale platforme eller via ikke-digitale kanaler (ansigt til ansigt, herunder dørsælger, telefon og post mv.). Gebyret eller provisionen kan modtages fra enten køberne eller sælgerne. Indtægter for formidlingen i forbindelse med ikke-specialiseret detailhandel kan omfatte andre indtægtskilder, fx indtægter fra salget af reklameplads.;;;
2071;5;G;47.91.00;479100;;Formidlingsaktiviteter inden for ikke-specialiseret detailhandel;Intermediation service activities for non-specialised retail sale;Branchen omfatter formidling af transaktioner mellem sælgere og købere, dvs. mellem ikke-specialiserede detailhandlere og privatforbrugere. Branchen omfatter også udlejning af salgsplads til private, fx i reolsupermarkeder og lignende.;- auktionshuses salg af et ikke-specialiseret varesortiment (på vegne af tredjepart) til private;- udlejning af salgsplads, inkl. personale, i forbindelse med privates salg af brugte varer, til private;- formidlingsaktiviteter i forbindelse med specialiseret detailhandel, jf. 47.92.00
2072;4;G;47.92;4792;;Formidlingsaktiviteter inden for specialiseret detailhandel;Intermediation service activities for specialised retail sale;"Denne undergruppe omfatter formidlingsaktiviteter i forbindelse med specialiseret detailhandel, der formidler transaktioner mellem købere og sælgere ved bestilling og/eller levering af fysiske varer mod et gebyr eller en provision uden levering og overtagelse af ejerskabet over de formidlede varer. Denne aktivitet kan udføres via digitale platforme eller ikke-digitale kanaler (ansigt-til-ansigt, dør-til-dør, telefon og post mv.). Gebyret eller provisionen kan modtages fra enten køberne eller sælgerne. Indtægter fra formidlingen i forbindelse med specialiseret detailhandel kan omfatte andre indtægtskilder, såsom indtægter fra salget af reklameplads.

Undergruppen omfatter ikke:
- formidlingsaktiviteter i forbindelse med ikke-specialiseret detailhandel, jf. 47.91";;;
2073;5;G;47.92.00;479200;;Formidlingsaktiviteter inden for specialiseret detailhandel;Intermediation service activities for specialised retail sale;Branchen omfatter formidling af transaktioner mellem sælgere og købere, dvs. mellem specialiserede detailhandlere og privatforbrugere.;- auktionshuses salg af et specialiseret varesortiment (på vegne af tredjepart) til private;;"- detailhandel med flydende brændstoffer, i kombination med elektrobrændstoffer (e-brændstoffer), hvis hovedvægten er på salg af flydende brændstoffer, jf. 47.30.00
- formidlingsaktiviteter i forbindelse med ikke-specialiseret detailhandel, jf. 47.91.00"
2074;1;H;H;H;;TRANSPORT OG GODSHÅNDTERING;TRANSPORTATION AND STORAGE;"Denne hovedafdeling omfatter transport af passagerer eller gods, fx med bane, rørledning, vej, vand eller luft, herunder transport af passagerer uanset årsag, af personlige, professionelle eller rekreative formål, planlagt og ikke-planlagt. Udlejning af transportudstyr med chauffør eller operatør samt post- og kurertjenester klassificeres i denne hovedafdeling.

Denne hovedafdeling omfatter også tilhørende aktiviteter, fx drift af terminal- og parkeringsanlæg, lastbehandling, pakhusaktiviteter, fx drift af siloer, varelagre og lagertanke. Transportaktiviteter klassificeret i hovedgruppe 49, 50, 51, 53 omfatter ofte tilhørende aktiviteter, fx emballering, varehåndtering, midlertidig emballering i kasser, stikprøvekontrol og vejning af varer, der alene understøtter transportaktiviteten. Denne støtteaktivitet skal kun klassificeres i hovedgruppe 52, hvis den udføres på andres vegne.

Omfatter også:
- formidlingsaktiviteter, der forbinder kunder til transporttjenesteydere, undtagen hovedgruppe 79

Omfatter ikke:
- større reparation, vedligeholdelse aller ændring af transportudstyr, undtagen motorkøretøjer, jf. 33.1
- bygning, vedligeholdelse og reparation af veje, jernbaner, havne, flyvepladser, jf. hovedgruppe 42
- udlejning af transportudstyr uden chauffør eller operatør, jf. 77.1 og 77.3
- transportaktiviteter som en integreret del af rekreative anlæg, fx i forlystelsesparker, jf. 93.21.00
- vedligeholdelse og reparation af motorkøretøjer, jf. 95.31
- vedligeholdelse og reparation af motorcykler, jf. 95.32.00";;;
2075;2;H;49;49;;Landtransport og rørtransport;Land transport and transport via pipelines;Denne hovedgruppe omfatter landevejs- eller banetransport af passagerer og gods. Hovedgruppen omfatter transport af passagerer, af personlige, professionelle eller rekreative årsager samt landevejs- eller banetransport af varer eller varetransport i rørledninger.;;;
2076;3;H;49.1;491;;Passagertransport med jernbane;Passenger rail transport;;;;
2077;4;H;49.11;4911;;Persontransport med regional- eller fjerntog;Passenger heavy rail transport;;;;
2078;5;H;49.11.00;491100;;Persontransport med regional- eller fjerntog;Passenger heavy rail transport;"Branchen omfatter transport af passagerer med regional- og fjerntog, heunder drift af sove- og spisevogne, som led i driften af jernbaneselskaber. 

Drift af sove- eller spisevogne drevet af særskilte enheder henvises til 55.90.00 og 56.11.10.";"- banetransport af passagerer med jernbanens rullende materiel på hovednettet
- drift af sove- eller spisevogne som integreret drift af jernbaneselskaber";- persontransport med regional- eller fjerntog til sightseeing;"- persontransport med metro, sporveje og undergrundsbane mv., jf. 49.12.00
- passagerterminalaktiviteter, jf. 52.21.10
- drift af baneinfrastruktur og tilhørende aktiviteter såsom skift og rangering, jf. 52.21.10
- drift af sove- eller spisevogne drevet af særskilte enheder, jf. 55.90.00 og 56.11.10"
2079;4;H;49.12;4912;;Persontransport med nærbane;Other passenger rail transport;;;;
2080;5;H;49.12.00;491200;;Persontransport med nærbane;Other passenger rail transport;Branchen omfatter passagertransport på skinner i by- og forstadsområder.;"- persontransport med metro, undergrundsbane og tilhørende jernbaner, tunnelbane og sporveje
- persontransport med skinnebunden tovbane";- persontransport med tog til sightseeing;"- passagerterminalaktiviteter, jf. 52.21.10
- drift af baneinfrastruktur og tilhørende aktiviteter såsom skift og rangering, jf. 52.21.10"
2081;3;H;49.2;492;;Godstransport med tog;Freight rail transport;;;;
2082;4;H;49.20;4920;;Godstransport med tog;Freight rail transport;;;;
2083;5;H;49.20.00;492000;;Godstransport med tog;Freight rail transport;"Branchen omfatter al godstransport med tog og tovbaner.

Godshåndtering og godsterminalaktiviteter henvises til 52.24.00 og 52.21.10.";"- trækaktiviteter:
• transport af en anden transportørs lokomotiv
• føre en anden transportør lokomotiv
- godstransport på banenettet samt korte godsbaner";- godstransport med tovbane;"- oplagrings- og pakhusaktiviteter, jf. 52.10.00
- godsterminalaktiviteter, jf. 52.21.10
- drift af baneinfrastruktur og tilhørende aktiviteter såsom skift og rangering, jf. 52.21.10
- godshåndtering på andres vegne, jf. 52.24.00"
2084;3;H;49.3;493;;Anden landpassagertransport;Other passenger land transport;Denne gruppe omfatter alle andre landbaserede passagertransportaktiviteter end banetransport.;;;
2085;4;H;49.31;4931;;Passagertransport ad vej med fast køreplan;Scheduled passenger transport by road;;;;
2086;5;H;49.31.00;493100;;Passagertransport ad vej med fast køreplan;Scheduled passenger transport by road;Branchen omfatter persontransport i køretøjer med fast køreplan, fx bybusser, skolebusser og medarbejdertransport.;- passagertransport med bus, rutebil, trolleybus eller minibus, hvor transporten følger en fast køreplan, der indebærer opsamling og afsætning af passagerer på normalt faste stoppesteder;"- drift af skolebusser og busser til transport af medarbejdere
- passagertransport ad vej med fast køreplan til sightseeing";"- persontransport med tog, jf. 49.11.00 og 49.12.00
- persontransport med skinnebunden tovbane, jf. 49.12.00
- passagertransport ad vej uden fast køreplan til sightseeing, i køretøjer til 10 personer eller flere, jf. 49.32.00
- passagertransport på bestilling i køretøj med chauffør i køretøj med chauffør til maks. 9 personer (taxi mv.), jf. 49.33.00
- passagertransport med tovbaner, jf. 49.34.00"
2087;4;H;49.32;4932;;Passagertransport ad vej uden fast køreplan;Non-scheduled passenger transport by road;;;;
2088;5;H;49.32.00;493200;;Passagertransport ad vej uden fast køreplan;Non-scheduled passenger transport by road;"Branchen omfatter persontransport i køretøjer (til 10 personer eller flere) uden fast køreplan, fx med turistbus eller minibus. 

Persontansport i køretøj (max 9 personer) med chauffør, fx taxi eller limousine, henvises til 49.33.00.";- passagertransport med køretøjer til 10 personer eller flere, uden fast køreplan. Dette kan omfatte transport med bus, rutebil, trolleybus, minibus eller studentervognskørsel;;"- persontransport med tog, jf. 49.11.00 og 49.12.00
- drift af skolebusser og busser til transport af medarbejdere, jf. 49.31.00
- passagertransport på bestilling i køretøj med chauffør i køretøj med chauffør til maks. 9 personer (taxi mv.), jf. 49.33.00"
2089;4;H;49.33;4933;;Passagertransport på bestilling i køretøj med chauffør;On-demand passenger transport service activities by vehicle with driver;;;;
2090;5;H;49.33.00;493300;;Passagertransport på bestilling i køretøj med chauffør;On-demand passenger transport service activities by vehicle with driver;Branchen omfatter persontransport (til max 9 personer) på bestilling, i køretøj med chauffør, fx taxa eller limousine.;- passagertransport på bestilling i køretøjer med chauffør til transport af 9 personer eller færre, fx taxibefordring, motorcykeltaxibefordring og udlejning af køretøjer med chauffør;;"- cykeltaxibefordring, jf. 49.39.00
- personbefordring ad vej i køretøjer trukket af menneske eller dyr, jf. 49.39.00
- formidlingsaktiviteter i forbindelse med personbefordring, jf. 52.32.00
- patienttransport med ambulance, jf. 86.92.00"
2091;4;H;49.34;4934;;Passagertransport med tovbaner og skilifter;Passenger transport by cableways and ski lifts;;;;
2092;5;H;49.34.00;493400;;Passagertransport med tovbaner og skilifter;Passenger transport by cableways and ski lifts;Branchen omfatter passagertransport med tovbaner, ski- og stolelifte, herunder godstransport med tovbaner.;"- transport med tovbaner, skilifter og stolelifter, hvilken kan omfatte præparering af skibakker
- passagertransport med lifter";- godstransport med tovbaner;"- persontransport med kabelbane på skinner, jf. 49.12.00
- persontransport med tog til sightseeing, jf. 49.12.00
- passagertransport ad vej uden fast køreplan i køretøjer til 10 personer eller flere, jf. 49.32.00
- drift af sportsarealer, der kan omfatte drift af tovbaner, skilifter og stolelifter, jf. 93.11.00"
2093;4;H;49.39;4939;;Anden landpassagertransport i.a.n.;Other passenger land transport n.e.c.;;;;
2094;5;H;49.39.00;493900;;Anden landpassagertransport i.a.n.;Other passenger land transport n.e.c.;Branchen omfatter passagertransport med køretøjer, der trækkes af mennesker eller dyr, fx cykeltaxi eller hestevogn.;"- passagertransport med køretøjer, der trækkes af mennesker eller dyr
- cykeltaxibefordring";;"- ambulancetransport, jf. 86.92.00
- transport af lig, jf. 96.30.00"
2095;3;H;49.4;494;;Vejgodstransport og flytteaktiviteter;Freight transport by road and removal services;Denne gruppe omfatter alle andre landbaserede godstransportaktiviteter end banetransport.;;;
2096;4;H;49.41;4941;;Vejgodstransport;Freight transport by road;;;;
2097;5;H;49.41.00;494100;;Vejgodstransport;Freight transport by road;"Branchen omfatter transport af gods ad vej, fx med levende dyr eller biler. 

Flytteaktiviteter henvises til 49.42.00.";"- alle vejgodstransportaktiviteter, fx:
• transport af skovhugst på landevej
• transport af levende dyr
• køletransport
• sværtransport
• bulktransport, herunder mælkeafhentning på gårde 
• autotransport
• transport af affald og affaldsmaterialer, uden indsamling eller bortskaffelse
- godstransport ad landevej på vegne af post- eller kurervirksomheder, uden udførelse af andre post- eller kureraktiviteter
- vejtransport af genstande mellem forskellige enheder, fx bygninger, lagerenheder, på honorar- eller kontraktbasis";"- udlejning af lastbil med chauffør til godstranport
- udlejning af cementblander med chauffør
- godstransport ad vej i køretøjer trukket af menneske eller dyr
- levering af møbler, kan omfatte udpakning og installation";"- transport af tømmer i skoven, i forbindelse med skovbrug, jf. 02.40.00
- distribution af vand ved hjælp af lastvogne, jf. 36.00.00
- transport af spildevand ved hjælp af slamsugere jf. 37.00.00
- affaldstransport som integreret del af indsamling af affald, jf. 38.11.00 og 38.12.00
- flytteaktiviteter, jf. 49.42.00
- drift af terminalanlæg til godshåndtering, jf. 52.21.10
- pakning i kasser og pakning i forbindelse med transport, jf. 52.25.00
- flytning af last på industrigrunde, typisk med transportudstyr, der ikke egner sig til brug på offentlige veje, jf. 52.24.00
- opsamling af varer og gruppering til forsendelse, jf. 52.25.00
- post- og kureraktiviteter, jf. 53.10.00 og 53.20.00
- transportaktiviteter med pansret køretøj, jf. 80.01.00"
2098;4;H;49.42;4942;;Flytteaktiviteter;Removal services;;;;
2099;5;H;49.42.00;494200;;Flytteaktiviteter;Removal services;Branchen omfatter flytning for virksomheder og husholdninger ad vej, herunder opbevaring af flyttegods.;- flytning for virksomheder og husholdninger ad landevej;"- udlejning af flyttebil med chauffør
- opbevaring af møbler, som del af flytteaktiviteter";
2100;3;H;49.5;495;;Rørtransport;Transport via pipeline;;;;
2101;4;H;49.50;4950;;Rørtransport;Transport via pipeline;;;;
2102;5;H;49.50.00;495000;;Rørtransport;Transport via pipeline;"Branchen omfatter transport af gasser, væsker, slam mv. via rørledninger samt drift af pumpestationer. 

Distribution af væsker med lastbil henvises til 49.41.00.";"- transport af gasser, væsker, vand, slam og andre varer via rørledninger
- rørtransport af naturgas fra forarbejdningsanlæg til lokale distributionssystemer";- drift af pumpestationer til transport via rørledninger;"- distribution af luftformige brændstoffer, damp eller vand til slutbrugere gennem lokale ledningsnet, jf. 35.22.00, 35.30.00 og 36.00.00
- distribution af vand ved hjælp af lastvogne, jf. 36.00.00
- detailhandel med motorbrændstof, jf. 47.30.00
- distribution af væsker ved hjælp af lastvogne, jf. 49.41.00"
2103;2;H;50;50;;Skibsfart;Water transport;"Denne hovedgruppe omfatter vandtransport af passagerer eller gods, med eller uden fast køreplan, af professionelle, personlige eller rekreative årsager. Den omfatter også drift af slæbe- eller skubbebåde, udflugts-, krydstogt- eller sightseeingbåde, færger og vandtaxier mv. Selvom lokaliteten er tegn på adskillelsen mellem transport på søen og i de indre farvande, er den afgørende faktor den anvendte fartøjstype. Transport med søgående fartøjer klassificeres i gruppe 50.1 og 50.2, mens transport med andre fartøjer klassificeres i gruppe 50.3 og 50.4.

Denne hovedgruppe omfatter ikke:
- restaurant- og baraktiviteter om bord på skibe, jf. 56.10 og 56.30, hvis den udføres af særskilte enheder";;;
2104;3;H;50.1;501;;Sø- og kysttransport af passagerer;Sea and coastal passenger water transport;Denne gruppe omfatter transport af passagerer på søer eller langs kysten, når der anvendes lignende fartøjstyper.;;;
2105;4;H;50.10;5010;;Sø- og kysttransport af passagerer;Sea and coastal passenger water transport;;;;
2106;5;H;50.10.00;501000;;Sø- og kysttransport af passagerer;Sea and coastal passenger water transport;Branchen omfatter sø- og kysttransport af passagerer, fx med færger eller vandtaxier. Branchen omfatter også udlejning af fritidsbåde med besætning til sø- og kysttransport, fx til fisketure.;"- sø- og kysttransport af passagerer:
• drift af udflugts-, krydstogts- eller sightseeingbåde
• drift af færger og vandtaxier mv.
- drift af anden passagertransport på vandet eller ved kysten";"- udlejning af lystfartøjer med besætning til sø- og kysttransport, fx til fisketure
- færgetransport af passagerer med eller uden køretøj";"- restaurant- og baraktiviteter på skibe, når den leveres af særskilte enheder, jf. 56.11.10 og 56.30.10
- udlejning af både til fritid og lystbåde uden besætning, jf. 77.21.00
- udlejning af kommercielle skibe og både uden besætning, jf. 77.34.00
- drift af ”flydende kasinoer” uden transport af passagerer, jf. 92.00.00"
2107;3;H;50.2;502;;Sø- og kysttransport af gods;Sea and coastal freight water transport;Denne gruppe omfatter transport af gods på søer mv., når der anvendes lignende fartøjstyper.;;;
2108;4;H;50.20;5020;;Sø- og kysttransport af gods;Sea and coastal freight water transport;;;;
2109;5;H;50.20.00;502000;;Sø- og kysttransport af gods;Sea and coastal freight water transport;Branchen omfatter sø- og kysttransport af gods, inkl. bugsering af pramme eller olieboreplatforme. Branchen omfatter også udlejning af fartøjer med besætning til sø- og kysttransport af gods.;"- transport af gods på søen og ved kysten
- transport ved bugsering eller skubning af pramme og olieboreplatforme mv.";"- udlejning af fartøjer med besætning til sø- og kysttransport af gods
- færgetransport af uledsagede køretøjer";"- færgetransport af passagerer med eller uden køretøj, jf. 50.10.00
- opbevaring af gods, jf. 52.10.00
- havnedrift og andre hjælpeaktiviteter, fx dokning, lodsning, pramtransport og skibsredning, jf. 52.22.10 og 52.22.20
- godshåndtering, jf. 52.24.00
- udlejning af kommercielle skibe og både, uden besætning, jf. 77.34.00"
2110;3;H;50.3;503;;Transport af passagerer ad indre vandveje;Inland passenger water transport;Denne gruppe omfatter transport af passagerer på indenlandske vandveje med fartøjer, der ikke egner sig til søtransport.;;;
2111;4;H;50.30;5030;;Transport af passagerer ad indre vandveje;Inland passenger water transport;;;;
2112;5;H;50.30.00;503000;;Transport af passagerer ad indre vandveje;Inland passenger water transport;Branchen omfatter transport af passagerer ad floder, kanaler, havne og andre indre vandveje. Branchen omfatter også udlejning af fritidsbåde med besætning til transport ad indre vandveje.;- transport af passagerer via floder, kanaler, søer og andre indre vandveje, herunder i havne;"- udlejning af lystbåde med besætning til indenlandsk skibsfart
- drift af sightseeingbåde og udflugter på indenlandske vandveje
- indenlandsk færgetransport af passagerer med eller uden køretøj";"- restaurant- og baraktiviteter på skibe, når den leveres af særskilte enheder, jf. 56.11.10 og 56.30.10
- udlejning af både til fritid og lystbåde uden besætning, jf. 77.21.00
- drift af ”flydende kasinoer” uden transport af passagerer, jf. 92.00.00"
2113;3;H;50.4;504;;Transport af gods ad indre vandveje;Inland freight water transport;;;;
2114;4;H;50.40;5040;;Transport af gods ad indre vandveje;Inland freight water transport;;;;
2115;5;H;50.40.00;504000;;Transport af gods ad indre vandveje;Inland freight water transport;Branchen omfatter transport af gods ad floder, kanaler, havne og andre indre vandveje. Branchen omfatter også udlejning af fartøjer med besætning til transport af gods ad indre vandveje.;"- transport af gods via floder, kanaler, søer og andre indre vandveje, herunder i havne
- transport af gods på indre vandveje med fartøjer, der ikke egner sig til søtransport";- udlejning af fartøjer med besætning til godstransport ad indre vandveje;"- godshåndtering, jf. 52.24.00
- udlejning af kommercielle skibe og både, uden besætning, jf. 77.34.00"
2116;2;H;51;51;;Luftfart;Air transport;"Denne hovedgruppe omfatter transport af passagerer eller gods med fly eller via rummet.

Denne hovedgruppe omfatter ikke:
- sprøjtning af afgrøder, jf. 01.61.00
- reparation og vedligeholdelse af civile fly eller flymotorer, jf. 33.16.00
- drift af lufthavne, jf. 52.23.00
- luftreklame (skywriting), jf. 73.11.90
- luftfoto, jf. 74.20.00
- civil luftovervågning, jf. 80.09
- militær luftovervågning, jf. 84.22";;;
2117;3;H;51.1;511;;Lufttransport af passagerer;Passenger air transport;;;;
2118;4;H;51.10;5110;;Lufttransport af passagerer;Passenger air transport;;;;
2119;5;H;51.10.10;511010;;Passagertransport med rutefly;Scheduled flight;Branchen omfatter ruteflyvning med passagerer.;- ruteflyvning med passagerer;;- udlejning af luftfartsudstyr uden operatør, jf. 77.35.00
2120;5;H;51.10.20;511020;;Passagertransport med charter- og taxifly;Charter and taxi flights;Branchen omfatter charter- og taxiflyvning og sightseeing. Branchen omfatter også udlejning af lufttransportudstyr med operatør med henblik på passagertransport.;"- charterflyvninger for passagerer
- sightseeingture";- udlejning af lufttransportudstyr med operatør i forbindelse med passagertransport;"- udlejning af luftfartsudstyr uden operatør, jf. 77.35.00
- luftambulancer, jf. 86.92.00"
2121;3;H;51.2;512;;Lufttransport af gods og rumfart;Freight air transport and space transport;;;;
2122;4;H;51.21;5121;;Lufttransport af gods;Freight air transport;;;;
2123;5;H;51.21.00;512100;;Lufttransport af gods;Freight air transport;Branchen omfatter lufttransport af gods samt udlejning af lufttransportudstyr med operatør med henblik på godstransport.;- lufttransport af gods;- udlejning af lufttransportudstyr med operatør i forbindelse med godstransport;
2124;4;H;51.22;5122;;Rumfart;Space transport;;;;
2125;5;H;51.22.00;512200;;Rumfart;Space transport;Branchen omfatter rumtransport af gods og passagerer samt opsendelse af satellitter og rumfartøjer.;"- opsendelse af satellitter og rumfartøjer
- rumtransport af gods og passagerer";;
2126;2;H;52;52;;Oplagring, opbevaring og støtteaktiviteter i forbindelse med transport;Warehousing, storage and support activities for transportation;"Denne hovedgruppe omfatter oplagrings- og støtteaktiviteter i forbindelse med transport såsom drift af transportinfrastruktur, fx lufthavne, havne, tunneller og broer mv., herunder transportbureauaktiviteter og godshåndtering.

Den nævnte aktivitet udføres på vegne af tredjemand. Hvis de tilhørende tjenesteydelser udelukkende leveres som støtte til samme enheds transportaktiviteter, anses de som hjælpevirksomhed til transporten, og denne enhed vil andetsteds blive klassificeret i hovedafdeling H.";;;
2127;3;H;52.1;521;;Oplagring og opbevaring;Warehousing and storage;;;;
2128;4;H;52.10;5210;;Oplagring og opbevaring;Warehousing and storage;;;;
2129;5;H;52.10.00;521000;;Oplagring og opbevaring;Warehousing and storage;"Branchen omfatter drift af kornsiloer, pakhuse, køle- og møbellagre mv. 

Drift af selfstorage-faciliteter henvises til 68.20.40 og opbevaring af møbler som en del af en flytteaktivitet henvises til 49.42.00.";"- pakhus- og oplagringsaktiviteter for alle slags varer, i fx:
• kornsiloer
• pakhuse til almindelige varer
• kølelagre og frysehuse
• lagertanke mv.
• møbellagre";"- pakhusaktiviteter med varer i udenlandske handelszoner
- lynfrysning i forbindelse med pakhus- og oplagringsaktiviteter
- pakhusaktiviteter i forbindelse med fysiske arkiver og mapper";"- oplagring af elektricitet, jf. 35.16.00
- oplagring af luftformige brændstoffer til energiforsyning via et netværk, jf. 35.24.00
- opbevaring af møbler som del af flytteaktiviteter, jf. 49.42.00
- drift af parkeringsanlæg for motorkøretøjer, jf. 52.21.20
- vinteropbevaring af campingvogne, skibe og både samt opbevaring af fly, jf. 52.21.20, 52.22.10 og 52.23.00
- drift af self storage-faciliteter, jf. 68.20.40
- udlejning af ledige lokaler, jf. 68.20.40"
2130;3;H;52.2;522;;Støtteaktiviteter i forbindelse med transport;Support activities for transportation;"Denne gruppe omfatter aktiviteter, der støtter person- eller godstransport, herunder drift af transportfaciliteter samt dele af transportinfrastrukturen og aktiviteter i forbindelse med godshåndtering før, efter eller mellem transportsegmenter.

Gruppen omfatter ikke:
- formidlingsaktiviteter i forbindelse med godstransport, jf. 52.31.00
- formidlingsaktiviteter i forbindelse med personbefordring, jf. 52.32.00";;;
2131;4;H;52.21;5221;;Serviceydelser i forbindelse med landtransport;Service activities incidental to land transportation;;;;
2132;5;H;52.21.10;522110;;Drift af stationer, godsterminaler mv.;Operation of stations, freight terminals, etc.;"Branchen omfatter drift af terminalfaciliteter, fx jernbane- og busstationer. 

Godshåndtering henvises til 52.24.00.";"- aktiviteter relateret til transport af personer, dyr eller gods ad vej eller bane:
• drift af terminalanlæg, fx jernbanestationer, busstationer, stationer til godshåndtering
• drift af jernbaneinfrastruktur og anlæg i forbindelse med jernbanen, lastterminaler, tekniske assistancesteder, brændstofdepoter for jernbane mv.
- rangering";- likvefaktion og/eller genforgasning af naturgas i forbindelse med transport på land;"- likvefaktion af naturgas med henblik på transport, udført på udvindingsstedet, jf. 09.10.00
- genforgasning af naturgas til distribution gennem ledningsnettet, jf. 35.22.00
- genforgasning af naturgas i forbindelse med rørtransport, jf. 49.50.00
- godshåndtering, jf. 52.24.00
- flytning af last på industrigrunde, typisk med transportudstyr, der ikke egner sig til brug på offentlige veje, jf. 52.24.00"
2133;5;H;52.21.20;522120;;Drift af parkering og vejhjælp mv.;Operation of parking and roadside assistance etc.;Branchen omfatter drift af parkeringspladser og -garager, cykelparkering, vinteropbevaring af campingvogne mv. Branchen omfatter også bugsering og vejhjælp.;"- drift af parkeringspladser eller -garager, cykelparkeringspladser og vinteropbevaring af campingvogne
- bugsering og vejhjælp";;
2134;5;H;52.21.30;522130;;Drift af betalingsveje, -broer og -tunneler;Operation of toll roads, bridges and tunnels;"Branchen omfatter drift af betalingsveje, -broer og -tunneler. 

Anlæg og vedligeholdelse af veje henvises til 42.11.00 og anlæg og vedligeholdelse af broer og tunneller henvises til 42.12.00.";"- drift af veje, broer og tunneller, herunder vintervedligeholdelse
- opkrævning af bompenge";;- reparation af veje, jf. hovedgruppe 42.11.00
2135;4;H;52.22;5222;;Serviceydelser i forbindelse med skibsfart;Service activities incidental to water transportation;;;;
2136;5;H;52.22.10;522210;;Drift af erhvervshavne;Operation of commercial ports;"Branchen omfatter drift af erhvervshavne, moler og sluser. 

Udgravning og vedligeholdelse af vandveje henvises til 42.91.00.";"- driftsaktiviteter i erhvervshavne, fx:
• drift af terminalanlæg såsom havne og moler
• drift af sluser mv.
• bunkering og modtagelse af havneaffald
• besigtning af skibsfragt
- informationsaktiviteter om vandveje
- vinteropbevaring af skibe og både";"- varetagelse af sikkerhed ved vedligeholdelse af vandvejes infrastruktur
- likvefaktion og genforgasning af naturgas med henblik på transport på vand, ikke udført på udvindingsstedet";"- udgravning og vedligeholdelse af vandveje, jf. 42.91.00
- godshåndtering, jf. 52.24.00
- forlystelsesrelaterede og rekreative aktiviteter relateret til infrastrukturen i lystbådehavne, jf. 93.29.10"
2137;5;H;52.22.20;522220;;Drift af bugserings-, bjærgnings- og redningsvæsen mv.;Operation of towing, salvage and rescue services, etc.;Branchen omfatter rednings-, navigations og bugseringsvæsen, bjærningsaktiviteter og drift af fyrtårne.;"- navigations-, lodsnings-, slæbe- og dokningsaktiviteter
- overførsel af gods fra skib til havn fx vha pramme 
- bjærgningsaktiviteter
- fyrtårnsaktiviteter";;
2138;4;H;52.23;5223;;Serviceydelser i forbindelse med luftfart;Service activities incidental to air transportation;;;;
2139;5;H;52.23.00;522300;;Serviceydelser i forbindelse med luftfart;Service activities incidental to air transportation;Branchen omfatter serviceydelser i forbindelse med lufttransport af passagerer, dyr og gods, fx drift af lufthavnsterminaler, luftkontrol og opbevaring af fly.;"- aktiviteter i forbindelse med lufttransport af personer, dyr eller gods
• drift af terminalanlæg, såsom lufthavnsterminaler mv.
• lufthavns- og flyveledelse
• groundhandling på flyvepladser mv.
- varetagelse af sikkerhed ved vedligeholdelse af flyvepladser infrastruktur
- opbevaring af fly";- brandslukning og brandværn i lufthavne;"- godshåndtering, jf. 52.24.00
- inspektion af bagage og passagerer i lufthavne, ikke udført af offentlige myndigheder, jf. 80.01.00
- inspektion af bagage og passagerer i lufthavne, udført af offentlige myndigheder, jf. 84.24.00
- drift af flyveskoler for professionelle piloter, jf. 85.32.00
- drift af flyveskoler, der ikke vedrører professionelle certifikater og tilladelser, jf. 85.53.00"
2140;4;H;52.24;5224;;Godshåndtering;Cargo handling;;;;
2141;5;H;52.24.00;522400;;Godshåndtering;Cargo handling;Branchen omfatter lastning og losning af gods og baggage samt udlejning af portal- eller vippekraner til godshåndtering mv.;"- lastning og losning af varer og bagage, uanset anvendt transportmiddel
- stevedoring
- lastning og losning af godsvogne";"- udlejning og leasing af portal- eller vippekraner, med operatør, til godshåndtering
- flytning af gods på industrigrunde, typisk med transportudstyr, der ikke egner sig til brug på offentlige veje";"- drift af terminalanlæg, jf. 52.21.10, 52.22.10 og 52.23.00
- transport eller flytning af genstande på et industrianlæg, på honorar- eller kontraktbasis, hvis offentlig vej anvendes, jf. 49.41.00
- formidlingsaktiviteter i forbindelse med godstransport, jf. 52.31.00"
2142;4;H;52.25;5225;;Serviceydelser i forbindelse med logistik;Logistics service activities;;;;
2143;5;H;52.25.00;522500;;Serviceydelser i forbindelse med logistik;Logistics service activities;"Branchen omfatter serviceydelser i forbindelse med logistik, fx distributionsaktiviteter, opsamling af varer til forsendelse og midlertidig pakning i transportkasser. 

Speditionsaktiviteter henvises til 52.26.00.";"- distributionscentres aktiviteter
- opsamling af varer og gruppering til forsendelse
- godsbehandling, fx midlertidig pakning i transportkasser og pakning i kasser med henblik på lagring eller for at beskytte dem under transport, udpakning, prøvetagning eller vejning af gods";;"- spedition, jf. 52.26.00
- skibsmægling, fx indførsel og klarering af skibe som mægler mellem skibsejere og afsendere eller modtagere af gods, jf. 52.31.00
- kureraktiviteter, jf. 53.20.00
- tilvejebringelse af motor-, marine-, luftfarts- og transportforsikring, jf. 65.12.00
- ledelsesrådgivning for virksomheders logistik, jf. 70.20.00
- logistikrådgivning, dvs. planlægning, udformning og støtte til transport, oplagring og distribution, jf. 70.20.00"
2144;4;H;52.26;5226;;Andre støtteaktiviteter i forbindelse med transport;Other support activities for transportation;;;;
2145;5;H;52.26.00;522600;;Andre støtteaktiviteter i forbindelse med transport;Other support activities for transportation;Branchen omfatter støtteaktiviteter til transportbranchen, fx udstedelse af transportdokumenter, organisering af transportaktiviteter og speditionsaktiviteter.;"- udstedelse og anskaffelse af transportdokumenter og fragtbreve
- toldagenters aktiviteter
- organisation af multimodale og kombinerede transportaktiviteter på jernbane, vej, vand eller luft (intermodal transport) på vegne af speditør eller konsignatar
- organisation og spedition af gruppe- og individuelle forsendelser på vegne af kunden";;"- jernbane-, skibs- og flyfragtagentaktiviteter, jf. 52.31.00
- drift af platforme til formidling af fragttransport, jf. 52.31.00
- formidling af passagersæder på skib og fly, jf. 52.32.00
- kureraktiviteter, jf. 53.20.00
- tilvejebringelse af motor-, marine-, luftfarts- og transportforsikring, jf. 65.12.00
- ledelsesrådgivning for virksomheders logistik, jf. 70.20.00
- rejsebureauaktiviteter, jf. 79.11.00
- rejsearrangøraktiviteter, jf. 79.12.00
- turistassistanceaktiviteter, jf. 79.90.00"
2146;3;H;52.3;523;;Formidlingsaktiviteter inden for transport;Intermediation service activities for transportation;Denne gruppe omfatter formidling af gods- og passagertransport.;;;
2147;4;H;52.31;5231;;Formidlingsaktiviteter inden for godstransport;Intermediation service activities for freight transportation;Denne undergruppe omfatter formidling af godstransport ved at bringe kunder og tjenesteudbydere sammen mod et gebyr eller en provision, uden at formidleren leverer de godstransporttjenester, der formidles. Denne aktivitet kan udføres på digitale platforme eller via ikke-digitale kanaler (ansigt til ansigt, herunder dørsælger, telefon og post mv.). Gebyret eller provisionen kan modtages enten fra kunden eller leverandøren af godstransporttjenesten. Indtægter for formidlingen kan omfatte andre indtægtskilder såsom indtægter fra salget af reklameplads.;;;
2148;5;H;52.31.00;523100;;Formidlingsaktiviteter inden for godstransport;Intermediation service activities for freight transportation;Branchen omfatter formidlingsaktiviteter inden for godstransport, fx jernbane-, skibs- og flyfragtagentaktiviteter.;"- jernbane-, skibs- og flyfragtagentaktiviteter
- drift af platforme til formidling af fragttransport";;"- godstransport, jf. (i henhold til transportmåde) 49.20.00, 49.41.00, 50.20.00, 50.40.00, 51.21.00 og 51.22.00
- formidling af passagersæder på skibe og fly, jf. 52.32.00"
2149;4;H;52.32;5232;;Formidlingsaktiviteter inden for passagertransport;Intermediation service activities for passenger transportation;Denne undergruppe omfatter formidling af passagertransport ved at bringe kunder og tjenesteudbydere sammen mod et gebyr eller en provision, uden at formidleren leverer de passagertransporttjenester, der formidles. Formidlingsaktiviteten kan udføres på digitale platforme eller via ikke-digitale kanaler (ansigt til ansigt, herunder dørsælger, telefon og post mv.). Gebyret eller provisionen kan modtages enten fra kunden eller leverandøren af passagertransporttjenesten. Indtægter for formidlingen kan omfatte andre indtægtskilder såsom indtægter fra salget af reklameplads.;;;
2150;5;H;52.32.00;523200;;Formidlingsaktiviteter inden for passagertransport;Intermediation service activities for passenger transportation;Branchen omfatter formidlingsaktiviteter i forbindelse med passagertransport, fx formidling af taxitjenester (uden at transportere) eller reservations- og bookingtjenester i forbindelse med passagertransport.;"- drift af online-samkørselsplatforme, hvor passagerer kan booke kørsel
- levering af formidling til køb af land-, skibs- eller lufttransport for passagerer
- formidling af passagersæder på skibe og fly";"- formidling af transport med taxitjenester, uden at levere transport
- reservationstjeneste i forbindelse med passagertransport";"- taxidrift og anden vejtransport af passagerer, jf. 49.33.00
- jernbane-, skibs- og flyfragtagentaktiviteter, jf. 52.31.00
- drift af online platform, der formidler udlejning af motorkøretøjer (biler, motorcykler mv.) uden fører, jf. 77.51.00
- enheder, der leverer reservationstjenester sammen med yderligere rejserådgivning eller -ekspertise, jf. 79.11.00
- kombinerede aktiviteter i forbindelse med overnatning, rejse og mad, dvs. rejsebureauer og rejsearrangører, jf. 79.11.00 og 79.12.00"
2151;2;H;53;53;;Post- og kuréraktiviteter;Postal and courier activities;;;;
2152;3;H;53.1;531;;Postaktiviteter omfattet af forsyningspligten;Postal activities under universal service obligation;Denne gruppe omfatter post- og kurertjenester såsom afhentning, transport og levering af breve og pakker i henhold til forskellige arrangementer. Omfatter også lokale leverings- og budtjenester.;;;
2153;4;H;53.10;5310;;Postaktiviteter omfattet af forsyningspligten;Postal activities under universal service obligation;Denne undergruppe omfatter posttjenesters aktiviteter i henhold til en universel tjenesteforpligtelse fra en eller flere udpegede universelle serviceudbydere. Aktiviteten omfatter brug af den universelle tjenesteinfrastruktur, herunder detaillokaliteter, sorterings- og behandlingsanlæg samt fragtmandsruter til at afhente og levere posten. Leveringen kan omfatte brevpost, dvs. breve, postkort, tryksager (aviser, magasiner og reklame mv.), småpakker, varer eller dokumenter. Undergruppen omfatter også andre tjenesteydelser, der er nødvendige for at støtte den universelle tjenesteforpligtelse.;;;
2154;5;H;53.10.00;531000;;Postaktiviteter omfattet af forsyningspligten;Postal activities under universal service obligation;Branchen omfatter posttjenester under befordringspligten, inkl. forbehandling af uddeling, fx opsamling og sortering.;"- afhentning, sortering, transport og levering (indenlands eller internationalt) af brevpost og (post-) pakker, udført af posttjeneste, der arbejder i henhold til en universal tjenesteforpligtelse
- opsamling af brevpost og pakker fra offentlige postkasser eller fra postkontorer";;- postgiro-, postsparekasse- og postanvisningsaktiviteter, jf. 64.19.00
2155;3;H;53.2;532;;Andre post- og kuréraktiviteter;Other postal and courier activities;;;;
2156;4;H;53.20;5320;;Andre post- og kuréraktiviteter;Other postal and courier activities;;;;
2157;5;H;53.20.00;532000;;Andre post- og kuréraktiviteter;Other postal and courier activities;Branchen omfatter post- og kurertjenester, der ikke er omfattet af befordringspligten, fx afhentning, sortering, transport og udbringning (både nationalt og internationalt) af brevpost og pakker. Branchen omfatter også hjemmelevering af måltider og fødevarer, men kun leveringen heraf.;- afhentning, sortering, transport og levering (indenlands eller internationalt) af brevpost og (post-) pakker, udført af firmaer, der arbejder uden for en universal tjenesteforpligtelse. Kan omfatte en eller flere transportmidler og kan udføres med offentlig transport;"- hjemmeleveringstjenester af fx fødevarer
- madleveringstjenester, der leverer, men ikke tilbereder maden";"- godstransport, jf. (i henhold til transportmåde) 49.20.00, 49.41.00, 50.20.00, 50.40.00, 51.21.00 og 51.22.00
- levering af møbler, kan omfatte udpakning eller installation, jf. 49.41.00
- hjemmelevering af måltider og drikkevarer, hvis leveringen udføres af samme enhed, som tilbereder maden, jf. gruppe 56.1, 56.2 og 56.3
- drift af onlineplatforme til bestilling af levering, fx af mad og drikkevarer, dvs. bestilling af transporten, jf. 53.30.00
- drift af onlineplatforme til bestilling af mad, som hverken leverer eller tilbereder maden, jf. 56.40.00
"
2158;3;H;53.3;533;;Formidlingsaktiviteter inden for post- og kuréraktiviteter;Intermediation service activities for postal and courier activities;;;;
2159;4;H;53.30;5330;;Formidlingsaktiviteter inden for post- og kuréraktiviteter;Intermediation service activities for postal and courier activities;Denne undergruppe omfatter formidling af post- og kurertjenester ved at bringe kunder og tjenesteudbydere sammen mod et gebyr eller en provision, uden at formidleren leverer de post- og kurertjenester, der formidles. Denne formidlingsaktivitet kan udføres på digitale platforme eller via ikke-digitale kanaler (ansigt til ansigt, herunder dørsælger, telefon og post mv.). Gebyret eller provisionen kan modtages enten fra kunden eller leverandøren af post- og kurertjenesten. Indtægter for formidlingen kan omfatte andre indtægtskilder såsom indtægter fra salget af reklameplads.;;;
2160;5;H;53.30.00;533000;;Formidlingsaktiviteter inden for post- og kuréraktiviteter;Intermediation service activities for postal and courier activities;"Branchen omfatter formidlingsaktiviteter inden for post- og kurertjenester af tredjepart for posttjenesteudbyderen. Drift af onlineplaforme, hvor der kan bestilles levering af mad, dvs. bestilling af transporten, er også omfattet.

Drift af onlineplatforme til bestilling af mad henvises til 56.40.00.";"- enhver formidlingstjeneste, der udføres af tredjepart for posttjenesteudbyderens adgangssted(er) 
- drift af onlineplatforme til bestilling af levering, fx af mad og drikkevarer, dvs. bestilling af transporten";;"- madleveringstjenester, der leverer, men ikke tilbereder maden, jf. 53.20.00
- hjemmelevering af måltider og drikkevarer, hvis leveringen udføres af samme enhed, som tilbereder maden, jf. gruppe 56.1, 56.2 og 56.3
- drift af onlineplatforme til bestilling af mad, som hverken leverer eller tilbereder maden, jf. 56.40.00
- pengeinstitutaktiviteter såsom betaling af gebyrer via postkontoret, jf. 64.19.00"
2161;1;I;I;I;;OVERNATNINGSFACILITETER OG RESTAURATIONSAKTIVITETER;ACCOMMODATION AND FOOD SERVICE ACTIVITIES;"Denne hovedafdeling omfatter levering af kortvarige (kortere end ét år) overnatningsfaciliteter til gæster og andre rejsende, midlertidige overnatningsfaciliteter på enkelt- eller fællesværelser eller sovesale for studerende, sæsonarbejdere og andre personer samt levering af måltider og drikkevarer, der egner sig til øjeblikkelig forbrug. Mængden og typen af supplerende tjenesteydelser, der leveres i denne hovedafdeling, kan være meget forskellige.

Denne hovedafdeling omfatter ikke:
- tilberedelse af mad, klassificeres inden for fremstilling, jf. hovedafdeling C
- videresalg af føde- og drikkevarer gennem engros- og detailhandel, jf. hovedafdeling G (tilberedelsen af ??disse fødevarer og drikkevarer er klassificeret i fremstillingen, jf. hovedafdeling C)
- levering af længerevarende (længere end ét år) overnatningsfaciliteter, som primær bolig, jf. hovedafdeling M";;;
2162;2;I;55;55;;Overnatningsfaciliteter;Accommodation;"Denne hovedgruppe omfatter levering af kortvarige overnatningsfaciliteter for gæster og andre rejsende.
Overnatningsfaciliteter kan omfatte måltider, fritidsfaciliteter og andre tjenesteydelser.

Hovedgruppen omfatter også udbud af kortvarige overnatningsfaciliteter til fx studerende og arbejdere.

Denne hovedgruppe omfatter ikke:
- aktiviteter i forbindelse med udbud boliger, på langtidsbasis, jf. hovedgruppe 68";;;
2163;3;I;55.1;551;;Drift af hoteller og lignende overnatningsfaciliteter;Hotels and similar accommodation;;;;
2164;4;I;55.10;5510;;Drift af hoteller og lignende overnatningsfaciliteter;Hotels and similar accommodation;Denne undergruppe omfatter udbud af indkvartering, typisk på daglig eller ugentlig basis, til kortvarige ophold. Der tilbydes møbleret indkvartering på gæsteværelse og -suiter, undertiden med tekøkken. Der tilbydes daglig rengøring og sengeredning. Derudover kan yderligere tjenesteydelser leveres, som fx mad- og drikkevarer, vaskeservice, fritidsfaciliteter samt møde- og konferencefaciliteter. Generelt kendetegnes aktiviteter ved levering af kundeservice på stedet.;;;
2165;5;I;55.10.00;551000;;Drift af hoteller og lignende overnatningsfaciliteter;Hotels and similar accommodation;"Branchen omfatter udbud af indkvartering på hoteller, suite- og lejlighedshoteller på daglig eller ugentlig basis. Der tilbydes daglig rengøring og sengeredning, men der kan leveres yderligere tjenesteydelser, fx mad og drikke, tøjvask, trænings- eller mødefaciliteter. 

Overnatningsfaciliteter uden daglig rengøring, sengeredning og kundeservice på stedet henvises til 55.20.00.";"- indkvartering i fx:
• hoteller
• feriehoteller
• suite-/lejlighedshoteller";;"- overnatningsfaciliteter uden daglig rengøring, sengeredning og kundeservice på stedet, jf. 55.20.00
- formidlingsaktiviteter i forbindelse med overnatningsfaciliteter, jf. 55.40.00"
2166;3;I;55.2;552;;Drift af ferieboliger og andre overnatningsfaciliteter til kortvarige ophold;Holiday and other short-stay accommodation;;;;
2167;4;I;55.20;5520;;Drift af ferieboliger og andre overnatningsfaciliteter til kortvarige ophold;Holiday and other short-stay accommodation;Denne undergruppe omfatter udbud af kortvarige overnatningsfaciliteter, typisk på daglig eller ugentlig basis, i selvstændige, møblerede værelser eller opholds-/spise- og soveområder. Der leveres typisk ingen kundeservice på stedet og eventuelt kun minimal service uden regning.;;;
2168;5;I;55.20.00;552000;;Drift af ferieboliger og andre overnatningsfaciliteter til kortvarige ophold;Holiday and other short-stay accommodation;Branchen omfatter kortvarig indkvartering, fx på vandrehjem, lejrskoler, gæstelejligheder og bungalows samt møblerede hytter og sommerhuse. Rengøring er typisk en service, der betales ekstra for, eller som udføres efter endt ophold. Branchen omfatter fx B&B, sommerhuse og selvbetjeningshoteller uden daglig rengøring og sengeredning.;"- overnatningsfaciliteter i fx:
• ferieboliger og -lejligheder
• gæstelejligheder og -bungalows
• sommerhuse og hytter uden rengøringsservice
• vandrehjem
• bed and breakfast
• gæsteværelser i private boliger
• bjerg- og skihytter";;"- overnatning med daglig rengøring, sengeredning og kundeservice på stedet, jf. 55.10.00
- formidlingsaktiviteter i forbindelse med overnatningsfaciliteter, jf. 55.40.00"
2169;3;I;55.3;553;;Drift af campingpladser;Camping grounds and recreational vehicle parks;;;;
2170;4;I;55.30;5530;;Drift af campingpladser;Camping grounds and recreational vehicle parks;;;;
2171;5;I;55.30.00;553000;;Drift af campingpladser;Camping grounds and recreational vehicle parks;Branchen omfatter udbud af kortvarige overnatningsfaciliteter, fx campingpladser, turistpladser, fiske- og jagtpladser samt udbud af plads og faciliteter til fritidskøretøjer.;"- udbud af kortvarige overnatningsfaciliteter på campingpladser, fx turistpladser samt fiske- og jagtpladser
- udbud af pladser og faciliteter til fritidskøretøjer";"- glamping-overnatningsfaciliteter
- overnatningsfaciliteter leveret af beskyttende shelters eller enkle bivuakeringsfaciliteter.";- formidlingsaktiviteter i forbindelse med overnatningsfaciliteter, jf. 55.40.00
2172;3;I;55.4;554;;Formidlingsaktiviteter inden for overnatningsfaciliteter;Intermediation service activities for accommodation;;;;
2173;4;I;55.40;5540;;Formidlingsaktiviteter inden for overnatningsfaciliteter;Intermediation service activities for accommodation;Denne undergruppe omfatter formidling af alle typer overnatningsfaciliteter ved at bringe kunder og tjenesteudbydere sammen mod et gebyr eller en provision. Formidlingen kan udføres på digitale platforme eller via ikke-digitale kanaler (telefon og post mv.). Gebyr eller provision kan modtages enten fra kunden eller leverandøren af overnatningsfaciliteter. Indtægter for formidlingen kan omfatte andre indtægtskilder, fx indtægter fra salg af reklameplads.;;;
2174;5;I;55.40.00;554000;;Formidlingsaktiviteter inden for overnatningsfaciliteter;Intermediation service activities for accommodation;Branchen omfatter formidling af alle typer overnatningsfaciliteter ved at bringe kunder og tjenesteudbydere sammen mod et gebyr eller en provision. Formidlingen kan udføres på digitale platforme eller via ikke-digitale kanaler (telefon, post mv.).;"- formidling af alle typer overnatningsfaciliteter ved at bringe kunder og tjenesteudbydere sammen mod et gebyr eller en provision:
• på digitale platforme
• via ikke-digitale kanaler (telefon, post mv.)";"- timeshare-byttetjeneste
- reservationstjenester i forbindelse med overnatningsfaciliteter";"- reservationstjenester inklusiv yderligere overnatningsrådgivning eller -ekspertise, jf. 79.11.00
- rejsebureauer og rejsearrangørers aktiviteter, jf. 79.11.00 og 79.12.00"
2175;3;I;55.9;559;;Andre overnatningsfaciliteter;Other accommodation;;;;
2176;4;I;55.90;5590;;Andre overnatningsfaciliteter;Other accommodation;Denne undergruppe omfatter midlertidig indkvartering i boliger, lejligheder eller lejligheder samt enkelt- eller deltværelser eller sovesale til studerende, sæsonarbejdere og andre enkeltpersoner.;;;
2177;5;I;55.90.00;559000;;Andre overnatningsfaciliteter;Other accommodation;Branchen omfatter udbud af indkvartering i enkeltværelser, delte værelser eller sovesale for fx studerende eller sæsonarbejdere, i længere perioder, men mindre end et år. Det kan være indkvartering i arbejderkollegier, studieboliger, jernbanevogne, logihuse og pensionater.;"- udbud af overnatningsfaciliteter, med eller uden møbler, for mindre end ét år, fx i:
• arbejderkollegier
• pensionater
• studieboliger, der udlejes for mindre end et år ad gangen
• drift af sovevogne, når de ikke drives af jernbaneselskaber";;"- drift af sovevogne som en integreret del af jernbaneselskabers drift, jf. 49.11.00
- drift af krydstogtskibe, jf. 50.10.00 og 50.30.00
- formidling af overnatningsfaciliteter, jf. 55.40.00
- overnatningsfaciliteter i en periode på ét år eller mere, jf. 68.20.30
- formidling eller salg af overnatning inkl. rejse og mad, dvs. rejsebureauer og rejsearrangører, jf. 79.11.00 og 79.12.00"
2178;2;I;56;56;;Restaurationsaktiviteter;Food and beverage service activities;"Denne hovedgruppe omfatter servering af føde- og drikkevarer med måltider eller drinks til forbrug på stedet, på traditionelle restauranter eller restauranter med selvbetjening eller takeaway, permanent eller midlertidig, med eller uden siddepladser. Det er afgørende, at der tilbydes måltider til omgående forbrug, ikke hvilken facilitet, der tilbyder dem.

Denne hovedgruppe omfatter ikke:
- produktionen af måltider, der ikke egner sig til umiddelbar fortæring, ikke er planlagt til omgående fortæring, eller tilberedte fødevarer, der ikke anses som et måltid, jf. hovedgruppe 10 og 11
- salg af ikke-egenfremstillede fødevarer, ikke egnet til umiddelbar fortæring, jf. hovedafdeling G
- kaffe- og salgsautomater med føde- og drikkevarer, der tilberedes af automaten, jf. hovedgruppe 47";;;
2179;3;I;56.1;561;;Drift af restauranter og mobile madboder;Restaurants and mobile food service activities;Denne gruppe omfatter restaurant- og mobile madserviceaktiviteter for en bred offentlighed på regelmæssig basis.;;;
2180;4;I;56.11;5611;;Drift af restauranter;Restaurant activities;Denne undergruppe omfatter drift af fx restauranter og caféer mv., hvor hovedvægten er på mad, fx restauranter med servering, restauranter med selvbetjening eller takeaway, med eller uden siddepladser, i permanente eller midlertidige faciliteter.;;;
2181;5;I;56.11.10;561110;;Servering af mad i restauranter og caféer;Food services in restaurants and cafés;"Branchen omfatter drift af restauranter og caféer, hvor hovedvægten ligger på servering af mad ved bordet. 

Branchen omfatter også restauranter i fx tog, på færger eller i hoteller, hvis restauranten drives af en selvstændig udbyder.";"- drift af spisesteder, hvor hovedvægten ligger på servering af mad, fx i:
• restauranter
• caféer
• kroer";"'- drift af restauranter på fx tog, færger og fly, hvis de driftes af separate virksomheder, der ikke er en del af transportudbyderen
- drift af restauranter på et hotel, hvis de drives af separate virksomheder, der ikke er en del af hotellet";"- detailhandel med fødevarer i salgsautomater, jf. 47.2
- drift af spisevogne som en integreret del af jernbaneselskabers drift, jf. 49.11.00
- mobile madboder, jf. 56.12.00
- event cateringaktiviteter, jf. 56.21.00
- koncessionsdrift af spisefaciliteter, jf. 56.22.00
- drift af fødevareserviceentreprenører, fx til transportselskaber, jf. 56.22.00
- drift af tesaloner, jf. 56.30.10"
2182;5;I;56.11.90;561190;;Drift af øvrige spisesteder;Operation of other eateries;"Branchen omfatter drift af spisesteder, hvor hovedvægten ligger på takeaway med meget begrænset servering ved borde. Branchen omfatter også restauranter med takeaway i supermarkeder, hvis restauranten drives af en selvstændig udbyder.

Fremstilling af smørrebrød, der produceres til videresalg og ikke til umiddelbar fortæring, henvises til 10.89.00.";"- drift af øvrige spisesteder, hvor hovedvægten ligger på takeaway, fx:
• isbar
• grillbar
• fastfoodrestauranter
• smørrebrødsforretninger";- drift af restauranter med takeaway i et supermarked, hvis de drives af særskilte enheder, der ikke er en del af supermarkedet;"- detailhandel med fødevarer i salgsautomater, jf. 47.2
- drift af spisevogne som en integreret del af jernbaneselskabers drift, jf. 49.11.00
- mobile madboder, jf. 56.12.00
- event cateringaktiviteter, jf. 56.21.00
- koncessionsdrift af spisefaciliteter, jf. 56.22.00
- drift af fødevareserviceentreprenører, fx til transportselskaber, jf. 56.22.00
- drift af tesaloner, jf. 56.30.10"
2183;4;I;56.12;5612;;Drift af mobile madboder;Mobile food service activities;Denne undergruppe omfatter tilberedning og servering af primært fødevarer, til umiddelbar indtagelse, fra mobile boder.;;;
2184;5;I;56.12.00;561200;;Drift af mobile madboder;Mobile food service activities;"Branchen omfatter drift af mobile madboder, hvor der primært tilberedes og serveres fødevarer til umiddelbar indtagelse.

Tilberedning og servering af mad fra mobile eller midlertidige boder på kontrakt med en kunde til en bestemt event henvises til 56.21.00 og mobil drikkevareservering henvises til 56.30.10 og 56.30.20.";"- drift af mobile (flytbare) spisesteder, hvor hovedvægten ligger på servering af mad, fx:
• boder med varme retter
• pandekageboder
• isboder, hvor fx vaflen fyldes på bestilling
- tilberedning af varm og kold mad i mobile madboder";;"- detailhandel med fødevarer i salgsautomater, jf. 47.2
- detailhandel med emballeret is, jf. 47.24.00
- madleveringstjenester udført af selvstændige enheder, jf. 53.20.00
- tilberedning og servering af mad fra mobile eller midlertidige boder på kontrakt med kunden til en bestemt event, jf. 56.21.00
- koncessionsdrift af spisefaciliteter, jf. 56.22.00
- mobil drikkevareservering, jf. 56.30.10 og 56.30.20"
2185;3;I;56.2;562;;Event catering, catering på kontrakt og andre restaurationsaktiviteter;Event catering, contract catering service activities and other food service activities;Denne gruppe omfatter catering til individuelle arrangementer eller i en nærmere angivet periode, og drift af madboder på koncessionsbasis i sportshaller eller lignende. Ydelserne leveres på kontraktbasis og tilbydes en begrænset kundekreds.;;;
2186;4;I;56.21;5621;;Event catering;Event catering activities;;;;
2187;5;I;56.21.00;562100;;Event catering;Event catering activities;"Branchen omfatter cateringaktiviteter i forbindelse med enkeltbegivenheder, på kontraktlige aftaler med kunden, fx eventcatering, diner tranportable og kogekoner. 

Fremstilling af letfordærvelige fødevarer til videresalg henvises til 10.89.00.";"- levering af mad og forsyninger, baseret på kontraktlige aftaler, på det sted, der er angivet af kunden, for en bestemt begivenhed, fx:
• tilberedning af mad i centrale køkkener, til levering ud af huset, fx diner transportable
• tilberedning af mad, på det sted, der er angivet af kunden, for en bestemt begivenhed, fx kogekoner";;"- fremstilling af letfordærvelige fødevarer, jf. 10.89.00
- detailhandel med letfordærvelige fødevarer, jf. 47.2"
2188;4;I;56.22;5622;;Catering på kontrakt og andre restaurationsaktiviteter;Contract catering service activities and other food service activities;"Denne undergruppe omfatter industricatering, dvs. tilberedning af fødevarer og forsyninger på kontrakt med kunden for en fastsat periode.

Omfattter også drift af fødevarekoncessioner, fx på sports- og lignende faciliteter. Maden kan tilberedes direkte på stedet hos kunden eller på en centralenhed.";;;
2189;5;I;56.22.00;562200;;Catering på kontrakt og andre restaurationsaktiviteter;Contract catering service activities and other food service activities;Branchen omfatter catering på kontrakt til kantiner, cafeterier eller transportselskaber, fx flyselskaber. Maden kan også tilberedes direkte på stedet hos kunden, fx i kantiner på virksomheder, skoler, hospitaler mv.;"- drift af kantiner eller cafeterier, fx til:
• forsamlingshuse, fabrikker, kontorer, hospitaler eller skoler, på koncessionsbasis
- drift af industricatering, fx til transportselskaber:
• færge-, jernbane og flyselskaber";;"- fremstilling af letfordærvelige fødevarer, jf. 10.89.00
- detailhandel med letfordærvelige fødevarer, jf. 47.2"
2190;3;I;56.3;563;;Udskænkning af drikkevarer;Beverage serving activities;;;;
2191;4;I;56.30;5630;;Udskænkning af drikkevarer;Beverage serving activities;Denne undergruppe omfatter servering af hovedsageligt drikkevarer, til umiddelbar indtagelse på stedet. Driften kan omfatte fx levende musik-og danseaktiviteter.;;;
2192;5;I;56.30.10;563010;;Udskænkning af ikke-alkoholiske drikkevarer;Serving of non-alcoholic beverages;Branchen omfatter servering af drikkevarer, evt. med lidt spiseligt, men hvor hovedvægten er på servering af ikke-alkoholiske drikkevarer til umiddelbar indtagelse på stedet.;"- servering af drikkevarer, eventuelt med lidt spiseligt, i både stationære og mobile udskænkningsteder, men med hovedvægt på ikke-alkoholiske drikkevarer, fx:
• kaffestuer
• tesaloner
• juicebarer
- mobil drikkevareservering af ikke-alkoholiske drikkevarer";- drift af barer i transport, fx tog eller skib, når det udføres af separate virksomheder;"- videresalg af pakkede/tilberedte drikkevarer, jf. hovedgruppe 47
- detailhandel med drikkevarer i salgsautomater, jf. 47.2
- servering af mad, eventuelt med drikkevarer, men med hovedvægt på mad, jf. 56.11.10
- levering af tilberedte drikkevarer og forsyninger på kontraktbasis, for en afgrænset periode, jf. 56.22.00
- drift af koncerthaller og musiksteder, jf. 90.31.00
- drift af dansesteder, hvor udskænkning af drikkevarer ikke er hovedaktiviteten, jf. 93.29.90"
2193;5;I;56.30.20;563020;;Udskænkning af alkoholiske drikkevarer;Serving of alcoholic beverages;Branchen omfatter servering af drikkevarer, evt. med lidt spiseligt, men hvor hovedvægten er på servering af alkoholiske drikkevarer til umiddelbar indtagelse på stedet.;"- servering af drikkevarer, eventuelt med nødder og andet spiseligt, men med hovedvægt på alkoholiske drikkevarer, i fx:
• værtshuse, pubber, natklubber og diskoteker
- mobil drikkevareservering af alkoholiske drikkevarer";- drift af barer i transport, fx tog eller skib, når det udføres af separate virksomheder;"- videresalg af pakkede/tilberedte drikkevarer, jf. hovedgruppe 47
- detailhandel med drikkevarer i salgsautomater, jf. 47.25.00
- levering af tilberedte drikkevarer og forsyninger på kontraktbasis, for en afgrænset periode, jf. 56.22.00
- drift af koncerthaller og musiksteder, jf. 90.31.00
- drift af dansesteder, hvor udskænkning af drikkevarer ikke er hovedaktiviteten, jf. 93.29.90"
2194;3;I;56.4;564;;Formidlingsaktiviteter i forbindelse med restaurationsaktiviteter;Intermediation service activities for food and beverage services activities;;;;
2195;4;I;56.40;5640;;Formidlingsaktiviteter i forbindelse med restaurationsaktiviteter;Intermediation service activities for food and beverage services activities;Denne undergruppe omfatter formidling af føde- og drikkevaretjenester ved at bringe kunder og tjenesteudbydere sammen mod et gebyr eller en provision, uden at formidleren leverer de føde- og drikkevaretjenester, der formidles. Denne formidling kan udføres på digitale platforme eller via ikke-digitale kanaler (ansigt til ansigt, telefon og post mv.). Gebyret eller provisionen kan modtages enten fra kunden eller leverandøren af føde- og drikkevaretjenesterne. Indtægter for formidlingen kan omfatte andre indtægtskilder såsom indtægter fra salget af reklameplads.;;;
2196;5;I;56.40.00;564000;;Formidlingsaktiviteter i forbindelse med restaurationsaktiviteter;Intermediation service activities for food and beverage services activities;Branchen omfatter formidling af føde- og drikkevaretjenester ved at bringe kunder og tjenesteudbydere sammen mod et gebyr eller en provision, uden at formidleren leverer de føde- og drikkevaretjenester, der formidles. Denne formidling kan udføres på digitale platforme eller via ikke-digitale kanaler (ansigt til ansigt, telefon, post mv.).;"- formidling af føde- og drikkevaretjenester ved at bringe kunder og tjenesteudbydere sammen mod et gebyr eller en provision, uden at formidleren leverer de tjenester, der formidles
- drift af onlineplatforme til bestilling af mad, som hverken leverer eller tilbereder mad";- reservationstjenester i forbindelse med restauranter, caféer mv.;"- madleveringstjenester, der leverer, men ikke tilbereder maden, jf. 53.20.00
- drift af onlineplatforme til bestilling af levering, fx af mad og drikkevarer, dvs. bestilling af transporten, jf. 53.30.00
- hjemmelevering af mad og drikkevarer, hvis leveringen udføres af samme enhed, som tilbereder maden, jf. gruppe 56.1, 56.2 og 56.3"
2197;1;J;J;J;;UDGIVERAKTIVITETER, RADIO- OG TV-AKTIVITETER SAMT PRODUKTION OG DISTRIBUTION AF MEDIEINDHOLD;PUBLISHING, BROADCASTING, AND CONTENT PRODUCTION AND DISTRIBUTION ACTIVITIES;"Denne hovedafdeling omfatter produktion, udgivelse, udsendelse og anden distribution af informationsprodukter.

Denne hovedafdeling omfatter: bog-, avis-, tidsskrifter og softwareudgivelsesaktiviteter (hovedgruppe 58); produktion af film-, video- og tv-programelementer, lydoptagelse og musikudgivelse (hovedgruppe 59); radio- og tv-udsendelser samt produktion og distribution af tv- eller radioprogrammer, herunder drift af streaming-, download- og indholdsdistributionsplatforme, der ikke er forbundet med publicering af indholdet, driften af ??blogs og wikisider, sociale netværkssider og onlinespil/videospilsider (hovedgruppe 60).

Udgivelse refererer til erhvervelse af ophavsrettigheder til indhold (informationsprodukter) mhp. at gøre dette indhold tilgængeligt for offentligheden ved at engagere sig i (eller sørge for) reproduktion og distribution af dette indhold i forskellige former. Udgivere kan udelukkende udgive og derefter licensere rettigheder til andre til at distribuere deres indhold, eller de kan udgive og distribuere indhold, de selv skaber eller ejer. Alle mulige former for udgivelse (på tryk, elektronisk, digital, analog eller enhver anden form) og selvudgivelsesaktiviteter er også inkluderet i denne hovedafdeling.

Individuelle tv-programmeringskomponenter (fx film og tv-serier) er omfattet af hovedgruppe 59, mens skabelsen af ??et komplet program for en tv-kanal, fra komponenter produceret i hovedgruppe 59 eller andre komponenter (fx live nyhedsprogrammering), er omfattet af hovedgruppe 60. Hovedgruppe 60 omfatter også udsendelse af dette program af producenten.

Denne hovedafdeling omfatter også oprettelse og leasing af ophavsrettigheder til offentliggjort indhold.

Denne hovedafdeling omfatter ikke:
- engros- og detailsalg af optagede medier, jf. hovedafdeling G
- aktiviteterne i at levere telekommunikation og relaterede serviceaktiviteter, dvs. transmission af tale, data, tekst, lyd og video, computerprogrammeringsaktiviteter, computerinfrastruktur og hostingaktiviteter og websøgningsportaler, jf. hovedafdeling K
- levering af finansielle tjenesteydelser og forsikringstjenester ved brug af offentliggjort software til finansiel og forsikringsteknologi, jf. hovedafdeling L
- håndtering af ophavsrettigheder, jf. 74.91.00
- leje af discs jf. 77.22.00
- aktiviteter udført af uafhængige musikere og skuespillere (herunder influencers, der optræder i vlogs), forfattere og bloggere, hvis indhold er udgivet af en tredjepart, samt gambling-sider, jf. hovedafdeling S";;;
2198;2;J;58;58;;Udgiveraktiviteter;Publishing activities;"Denne hovedgruppe omfatter udgivelse af bøger, brochurer, foldere, ordbøger, encyklopædier, atlasser, kort og søkort. Udgivelse af aviser, magasiner og dagblade. Udgivelse af telefonbøger, mailinglister og andre samt udgivelse af software.

Udgivelse omfatter erhvervelse af ophavsret til indhold (informationsprodukter), og tilgængeliggørelse af dette indhold for offentligheden ved at deltage i (eller arrangere) gengivelse og distribution af dette indhold i forskellige former. Udgivere må licensere rettigheder til andre til at distribuere deres indhold, eller de må udgive og distribuere indhold, de skaber eller ejer. Denne hovedgruppe omfatter alle mulige former for udgivelse (på tryk, elektronisk, digitalt, analogt eller enhver anden form) og egenudgivelse, undtagen udgivelse af film og musik.

Denne hovedgruppe omfatter streaming af indhold fx software og bøger af indholdsudgivere.

Denne hovedgruppe omfatter ikke:
- produktion af biograffilm, videoer og film, udgivelse af musik og produktion af originale lydmasteroptagelser, jf. hovedgruppe 59
- indhentelse af rettigheder fra udgivere til at udsende og distribuere indhold, jf. hovedgruppe 60
- computerprogrammering, jf. hovedgruppe 62
- tryk, jf. 18.1 
- masseproduktion af indspillede medier, jf. 18.20.00";;;
2199;3;J;58.1;581;;Udgivelse af bøger, aviser og dagblade og andre udgiveraktiviteter, undtagen udgivelse af software;Publishing of books, newspapers and other publishing activities, except software publishing;Denne gruppe omfatter udgivelse af bøger, aviser, magasiner og andre tidsskrifter, telefonbøger, opsamlinger, mailinglister og andre værker fx kataloger, fotos, kalendere, lykønskningskort, postkort, formularer, plakater og reproduktioner af kunstværker. Disse værker kendetegnes ved den intellektuelle kreativitet, der fordres i deres udarbejdelse, og er normalt beskyttet af ophavsret. Omfatter alle mulige former for udgivelse (på tryk, digitalt, analogt eller enhver anden form).;;;
2200;4;J;58.11;5811;;Udgivelse af bøger;Publishing of books;;;;
2201;5;J;58.11.00;581100;;Udgivelse af bøger;Publishing of books;"Branchen omfatter udgivelse af bøger, brochurer, ordbøger, encyklopædier, atlasser, land- og søkort og lydbøger på tryk, digitalt, analogt eller anden form. 

Streaming af lydbøger, der ikke har forbindelse med dens udgivelse, henvises til 60.10.00.";"- udgivelse af bøger, brochurer og lignende publikationer
- udgivelse af ordbøger og encyklopædier
- udgivelse af atlasser, kort og søkort
- udgivelse af e-bøger og lydbøger
- udgivelse af tegneseriehæfter og grafiske romaner

Omfatter alle mulige former for udgivelse (på tryk, digitalt, analogt eller enhver anden form).";;"- produktion af globusser, jf. 32.99.00
- udgivelse af reklamemateriale, jf. 58.19.00
- udgivelse af musik og nodebøger, jf. 59.20.00
- fællesudgivelse og -distribution af podcasts, jf. 59.20.00
- streaming af lydbøger, der ikke har forbindelse med dens udgivelse, jf. 60.10.00
- selvstændige forfatteres aktiviteter, jf. 90.11.00"
2202;4;J;58.12;5812;;Udgivelse af aviser og dagblade;Publishing of newspapers;;;;
2203;5;J;58.12.00;581200;tilpasset teskt;Udgivelse af aviser og dagblade;Publishing of newspapers;Branchen omfatter udgivelse af aviser og dagblade på tryk, digitalt, analogt eller enhver anden form. Branchen omfatter også gratisaviser.;"- udgivelse af aviser og dagblade

Omfatter alle mulige former for udgivelse (på tryk, digitalt, analogt eller enhver anden form).";- udgivelse af gratisaviser;"- produktion af tv- eller videonyhedsprogrammer, jf. 59.11.00
- nyhedsbureauers aktiviteter, jf. 60.31.00
- fotojournalisters aktiviteter, ikke egen udgivelse af eget indhold, jf. 74.20.00
- journalisters aktiviteter, hvis indhold udgives af en tredje part, jf. 90.11.00"
2204;4;J;58.13;5813;;Udgivelse af ugeblade og magasiner;Publishing of journals and periodicals;;;;
2205;5;J;58.13.00;581300;;Udgivelse af ugeblade og magasiner;Publishing of journals and periodicals;Branchen omfatter udgivelse af tidsskrifter og andre magasiner, men også radio- og tv-tidsplaner på tryk, digitalt, analogt eller enhver anden form.;"- udgivelse af tidsskrifter og andre magasiner og fagblade
- udgivelse af radio- og tv-tidsplaner

Omfatter alle former for udgivelse (på tryk, digitalt, analogt eller enhver anden form).";;"- produktion af tv- eller videonyhedsprogrammer, jf. 59.11.00
- udgivelse af indhold via blogs, jf. 60.39.00
- fotojournalisters aktiviteter, ikke egen udgivelse af eget indhold, jf. 74.20.00
- journalisters aktiviteter, hvis indhold udgives af en tredje part, jf. 90.11.00"
2206;4;J;58.19;5819;;Andre udgiveraktiviteter, undtagen udgivelse af software;Other publishing activities, except software publishing;;;;
2207;5;J;58.19.00;581900;;Andre udgiveraktiviteter, undtagen udgivelse af software;Other publishing activities, except software publishing;Branchen omfatter udgivelse af kataloger, retspraksissamlinger, kompendier, lykønskningskort, plakater mv. samt reproduktioner af kunstværker, både på tryk og digitalt.;"- udgivelse i ethvert format, herunder tryk, digitalt eller på internettet, fx:
• telefonbøger og mailinglister
• samlinger, fx retspraksis, farmaceutiske kompendier mv.
• kataloger
• fotos, graveringer og postkort
• kalendere
• lykønskningskort
• formularer
• plakater
• reproduktioner af kunstværker
• uindbundne foldere og reklamemateriale
• statistik og anden information
• datasæt/databaser uden tilhørende databehandlingsservice";- udgivelse af tekst og fotos og andet indhold uden video, fx af bloggere og influencers;"- detailhandel med software på fysiske medier, jf. 47.40.00
- udgivelse af reklameaviser, jf. 58.12.00
- udgivelse af software, jf. 58.21.00 og 58.29.00
- produktion af videoindhold, jf. 59.11.00
- drift af platforme til indholdsdistribution (deling), herunder blog- og wikisites, sociale netværkssites og online spille-/videospilsites, der ikke har forbindelse til udgivelse af indholdet, jf. 60.39.00
- application hosting, jf. 63.10.00
- drift af onlinesøgemaskiner, jf. 63.91.00
- kompilering af oplysninger eller kataloger på honorar- eller kontraktbasis, jf. 63.92.00"
2208;3;J;58.2;582;;Udgivelse af software;Software publishing;Denne gruppe omfatter udgivelse af software, fx operativsystemer, forretnings- og finansiel teknologisoftware og -applikationer samt videospil. Den omfatter udvikling og løbende opdatering af egenudgivne videospil og -software. Gruppen omfatter også formidlingsservice i forbindelse med softwareudgivelse og drift af markedspladser for softwaredownloads.;;;
2209;4;J;58.21;5821;;Udgivelse af videospil;Publishing of video games;;;;
2210;5;J;58.21.00;582100;;Udgivelse af videospil;Publishing of video games;Branchen omfatter udgivelse af computerspil til alle platforme og køb i apps af udgiveren til alle brugere, inklusiv abonnenter. Omfatter også formidlingsservice til udgivelse af videospilsoftware.;"- udgivelse af videospil til alle platforme og alle enheder
- levering af online spil, køb i spillet og køb i apps af udgiveren til alle brugere, inkl. abonnenter";- formidlingsservice til udgivelse af videospilsoftware;"- reproduktion af videospilsoftware, jf. 18.20.00
- detailhandel med ikke-brugertilpasset videospilsoftware på fysiske medier, jf. 47.40.00
- drift af sider med streaming af videospil kun til visning, jf. 60.20.00
- drift af online spille-/videospilsider, uden forbindelse til udgivelse, jf. 60.39.00
- udvikling af videospilsoftware, på vegne af andre, jf. 62.10.00
- application hosting, jf. 63.10.00
- drift af spilsider, jf. 92.00.00"
2211;4;J;58.29;5829;;Anden udgivelse af software;Other software publishing;;;;
2212;5;J;58.29.00;582900;;Anden udgivelse af software;Other software publishing;"Branchen omfatter udgivelse af anden software, fx operativsystemer, cybersikkerhedssoftware, modelleringssoftware og formidlingsservice i forbindelse med softwareudgivelse samt markedspladser herfor. 

Reproduktion af software henvises til 18.20.00.";"- udgivelse af anden software, herunder:
• operativsystemer
• forretnings- og andre applikationer, fx distributed ledger-teknologi (DLT) eller finansiel teknologi software (fintech)
• cybersikkerhedssoftware
• modelleringssoftware
• apps";- formidlingsservice i forbindelse med softwareudgivelse og drift af markedspladser for softwaredownloads;"- reproduktion af software, jf. 18.20.00
- detailhandel med ikke-brugertilpasset software på fysiske medier, jf. 47.40.00
- udgivelse af videospil, jf. 58.21.00
- onlinelevering af software, uden forbindelse til udgivelse, jf. 60.39.00
- drift af online spille- eller videospilsider, uden forbindelse til udgivelse, jf. 60.39.00
- udvikling af software, uden forbindelse til udgivelse, jf. 62.10.00
- oversættelse eller tilpasning af ikke-brugertilpasset software til et bestemt marked, på honorar- eller kontraktbasis, jf. 62.10.00
- application hosting, jf. 63.10.00
- brug af offentliggjort software til tilvejebringelse af finansielle og forsikringsmæssige aktiviteter, jf. hovedafdeling L"
2213;2;J;59;59;;Produktion af film, videoer og TV-programmer, lydoptagelser og musikudgivelser;Motion picture, video and television programme production, sound recording and music publishing activities;"Denne hovedgruppe omfatter produktion af biograf- eller ikke-biograffilm, videoer eller audiovisuelle værker, til direkte fremvisning i biografer, til tv-udsendelse eller streaming, støtte af aktiviteter efter produktion, fx filmredigering, klipning, dubbing eller konvertering til videostreamingformater, distribution af film eller andre audiovisuelle produktioner til andre industrier samt fremvisning af film eller andre audiovisuelle produktioner. Omfatter også indkøb og salg af distributionsrettigheder til film eller andre audiovisuelle produktioner.

Denne hovedgruppe omfatter også lydoptagelse, dvs. produktion af originale lydmasteroptagelser, udgivelse, salgsfremme og distribution heraf, udgivelse af musik, herunder distribution direkte til offentligheden via streaming eller downloads samt lydoptagelse i studie eller andetsteds.

Denne hovedgruppe omfatter ikke:
- levering af streamingdistributionsservice og -downloads uden forbindelse med udgivelse af indholdet, jf. hovedgruppe 60
- selvstændige musikere og skuespillere, instruktører, scenografers aktiviteter samt støtteaktiviteter til de udøvende kunstarter, jf. hovedafdeling S
- engros- og detailhandel med lyd- og videooptagelser på fysiske medier, jf. hovedafdeling G
- videoudlejning, jf. hovedafdeling O";;;
2214;3;J;59.1;591;;Aktiviteter i forbindelse med film, videoer og TV-programmer;Motion picture, video and television programme activities;Denne gruppe omfatter produktion af biograf- eller ikke-biograffilm, videoer eller audiovisuelle værker på film, harddisk eller andet digitalt lagermedie, herunder digital distribution, til direkte fremvisning i biografer, til tv-udsendelse eller streaming, støtte af postproduktionsaktiviteter, fx filmredigering, klipning, dubbing eller konvertering til videostreamingformater, distribution af film eller andre audiovisuelle produktioner til andre industrier samt fremvisning heraf. Gruppen omfatter også køb og salg af film eller andre audiovisuelle produktions-/distributionsrettigheder.;;;
2215;4;J;59.11;5911;;Produktion af film, videoer og TV-programmer;Motion picture, video and television programme production activities;;;;
2216;5;J;59.11.00;591100;;Produktion af film, videoer og TV-programmer;Motion picture, video and television programme production activities;"Branchen omfatter produktion af film, videoer, reklamefilm, animerede audiovisuelle værker, vlogs mv. 

Reproduktion af film til biografdistribution henvises til 59.12.00.";"- produktion af film, videoer eller audiovisuelle og tv-programelementer
- produktion af reklamefilm
- produktion af animerede audiovisuelle værker
- produktion af tv- eller videonyhedsprogrammer
- produktion af vlogs
- produktion af videopodcasts";- udgivelse af indhold, der inkluderer video, fx af influencers, bloggere og vloggere;"- filmkopiering (undtagen reproduktion af film til biografdistribution) samt reproduktion af lyd- og videooptagelser på fysiske medier fra masterkopier, jf. 18.20.00
- engroshandel med indspillede medier, jf. 46.49.90
- detailhandel med indspillede medier, jf. 47.69.10
- aktiviteter efter produktion, jf. 59.12.00
- reproduktion af film til biografdistribution, jf. 59.12.00
- bearbejdning af biograffilm, jf. 59.12.00
- lydoptagelse og optagelse af lydbøger, jf. 59.20.00
- fjernsynsudsendelse, jf. 60.20.00
- skabelse af et fuldstændigt tv-kanalprogram, jf. 60.20.00
- filmbearbejdning, undtagen bearbejdning af biograffilm, jf. 74.20.00
- personlige biograf- eller kunstneriske agenters eller agenturers aktiviteter, jf. 74.99.90
- udlejning af videobånd og DVD’er til offentligheden, jf. 77.22.00
- lukket undertekstning af fx direkte fjernsynsoptræden, møder eller konferencer i realtid (dvs. samtidig), jf. 82.99.00
- selvstændige instruktørers aktiviteter, jf. 90.12.00
- selvstændige skuespillere og vittighedstegneres aktiviteter, jf. 90.20.20
- selvstændige scenografers aktiviteter og andre støtteaktiviteter til de udøvende kunstarter, jf. 90.39.10"
2217;4;J;59.12;5912;;Aktiviteter efter produktion af film, videoer og TV-programmer;Motion picture, video and television programme post-production activities;;;;
2218;5;J;59.12.00;591200;;Aktiviteter efter produktion af film, videoer og TV-programmer;Motion picture, video and television programme post-production activities;Branchen omfatter efterproduktionsaktiviteter, fx overførsel til film/bånd, redigering, undertekstning, konvertering til videostreamingformater samt udvikling og bearbejdning af biograffilm, inkl. reproduktion af spillefilm med henblik på distribution til biografer.;"- aktiviteter efter produktion af film, video- eller audiovisuelle og tv-programmer, fx:
• redigering, tekstning, undertekstning, rulletekstning og lukket tekstning
• overførsel til film/bånd
• konvertering til videostreamingformater
- biograffilmlaboratorieaktiviteter og speciallaboratorieaktiviteter inden for tegnefilm:
• udvikling og bearbejdning af biograffilm
• reproduktion af biograffilm til biografdistribution";- filmarkiver og filmbibliotekers aktiviteter;"- filmkopiering og reproduktion af lyd- og videooptagelser fra masterkopier, jf. 18.20.00
- engroshandel med indspillede medier, jf. 46.49.90
- detailhandel med indspillede medier, jf. 47.69.10
- fremstilling af tegnefilm, jf. 59.11.00
- filmbearbejdning, til biografindustrien, jf. 74.20.00
- udlejning af indspillede medier til offentligheden, jf. 77.22.00
- lukket tekstning i realtid (dvs. samtidig), jf. 82.99.00
- selvstændige skuespillere, vittighedstegnere, instruktører, scenografers aktiviteter og andre støtteaktiviteter til de udøvende kunstarter, jf. hovedgruppe 90"
2219;4;J;59.13;5913;;Distribution af film og videoer;Motion picture and video distribution activities;;;;
2220;5;J;59.13.00;591300;;Distribution af film og videoer;Motion picture and video distribution activities;Branchen omfatter distribution af film og audiovisuelle værker, fx film til biografer, tv-stationer og tv-netværk.;"- erhvervelse af ophavsret eller distributionsrettigheder til fx film og audiovisuelle værker
- distribution af produktioner, fx film og audiovisuelle værker til filmbiografer, tv-netværk og -stationer samt udstillere";;"- filmkopiering og reproduktion af lyd- og videooptagelser fra masterkopier, jf. 18.20.00
- engroshandel med indspillede medier, jf. 46.49.90
- detailhandel med indspillede medier, jf. 47.69.10
- reproduktion af film til biografdistribution, jf. 59.12.00
- videostreamingdistribution og downloadservice uden forbindelse til udgivelse deraf, jf. 60.20.00
- administration af ophavsret og distributionsrettigheder til film, jf. 74.91.00
- udlejning af indspillede medier, jf. 77.22.00"
2221;4;J;59.14;5914;;Fremvisning af film og andre billedmedier;Motion picture projection activities;;;;
2222;5;J;59.14.00;591400;;Fremvisning af film og andre billedmedier;Motion picture projection activities;Branchen omfatter fremvisning af film i fx biografer eller andre fremvisningssteder.;- fremvisning af film og andre billedmedier eller audiovisuelle medier i fri luft eller andre fremvisningssteder;;
2223;3;J;59.2;592;;Indspilning af lydoptagelser og udgivelse af musik;Sound recording and music publishing activities;;;;
2224;4;J;59.20;5920;;Indspilning af lydoptagelser og udgivelse af musik;Sound recording and music publishing activities;;;;
2225;5;J;59.20.00;592000;;Indspilning af lydoptagelser og udgivelse af musik;Sound recording and music publishing activities;"Branchen omfatter produktion af originale lyd- og masteroptagelser, herunder erhvervelse og registrering af ophavsret til fx musikkompositioner. Produktion af indspillede (dvs. ikke direkte) radioprogrammer mv. og udgivelse af musik er også omfattet.

Reproduktion fra masterkopier af henvises til 18.20.00.";"- produktion af originale lyd- masteroptagelser, herunder digitale optagelser, tilgængelig online eller via papirkopi
- lydoptagelsesservice, herunder produktion af indspillede (dvs. ikke direkte) radioprogrammer, lydpodcasts, lyd til film, fjernsyn, bøger mv.
- musikudgivelse, dvs.:
• erhvervelse og registrering af ophavsret til musikkompositioner
• salgsfremme, godkendelse og brug af disse kompositioner i optagelser, radio, fjernsyn, biograffilm, live optræden, tryk og andre medier
• fælles udgivelse og distribution af lydoptagelser via streaming og downloads
- udsendelse, salgsfremme og distribution af lydoptagelser til forretningsdrivende eller direkte til det offentlige samt produktion af masteroptagelser eller indhentning af reproduktions- og distributionsrettighederne til masteroptagelser";"- konvertering af lydoptagelser til lydstreamingformater
- udgivelse af musik og nodebøger";"- reproduktion fra masterkopier af musik- eller andre lydoptagelser, jf. 18.20.00
- engroshandel med indspillede medier, jf. 46.49.90
- detailhandel med indspillede medier, jf. 47.69.10
- levering af serviceaktiviteter ifm. distribution og downloads af lydstreaming uden forbindelse til udgivelse heraf, jf. 60.10.00
- musikeres aktiviteter, jf. 90.20.20"
2226;2;J;60;60;;Program-, radio- og tv-aktiviteter, nyhedsbureauer og anden distribution af medieindhold;Programming, broadcasting, news agency and other content distribution activities;"Denne hovedgruppe omfatter skabelse af indhold eller erhvervelse af retten til at distribuere indhold og efterfølgende udsende eller distribuere indholdet. Typer af produceret eller distribueret indhold, der er omfattet af denne hovedgruppe, er radio-, fjernsyns-, lyd- og audiovisuel underholdning, nyheder, samtale og lignende, herunder programmer, der appellerer til et bestemt segment af befolningen (fx nyheder, sport, undervisning eller ungdomsprogrammer). Distribution af udsendelser eller indhold kan ske ved hjælp af forskellige teknologier, i radioen/fjernsynet, via satellit, via kabelnetværk eller via internetudsendelse, streaming eller downloads. Denne hovedgruppe omfatter også udsendelse af direkte podcasts, tredjeparts on-demand distribution af indspillet podcasts og downloads og nyhedsbureauer, sociale netværkssites, blog- og wikisider samt online spil-/videospilsites aktiviteter.

Indhold kan gøres gratis tilgængeligt til brugere eller kan kun være tilgængeligt ved abonnement eller mod et gebyr.

Denne hovedgruppe omfatter ikke:
- drift af kabel- eller satellitfjernsynsnetværker, jf. hovedgruppe 61
- produktion af lyd- og audiovisuelle optagelser (herunder indspillede podcasts), vlogsites’ aktiviteter samt distribution af biograffilm, videoer eller audiovisuelle værker og lignende produktioner til biografer, fjernsynsnetværker og -stationer og udstillere, jf. hovedgruppe 59
- engros-/detailhandel med lyd- og videooptagelser på fysiske medier, jf. hovedgruppe 46 og 47
- detailbutikker med aviser, jf. hovedgruppe 47
- udlejning af videodisks, jf. hovedgruppe 77
- selvstændige skuespilleres aktiviteter (herunder influencere i vlogs) og selvstændige bloggere, jf. hovedgruppe 90
- udgivelse af videospil og anden software, jf. hovedgruppe 58
- levering af computerinfrastruktur og hosting samt websøgemaskiner, jf. hovedgruppe 63
- spillesites, jf. hovedgruppe 92";;;
2227;3;J;60.1;601;;Radioaktiviteter og distribution af lydoptagelser;Radio broadcasting and audio distribution activities;;;;
2228;4;J;60.10;6010;;Radioaktiviteter og distribution af lydoptagelser;Radio broadcasting and audio distribution activities;;;;
2229;5;J;60.10.00;601000;;Radioaktiviteter og distribution af lydoptagelser;Radio broadcasting and audio distribution activities;Branchen omfatter radioaktiviteter og distribution af lydoptagelser, fx streaming, on-demand eller direkte udsendelse af podcast.;"- udsendelse af lydsignaler via radiostudier og faciliteter til transmission af høreprogrammer til offentligheden, til associerede selskaber eller til abonnenter
- on-demand streaming af lyd og download af tredjepartsdistributører med distributionsrettigheder
- direkte udsendelse af podcast";"- radionetværk, dvs. samling og udsendelse af auditive programmer til tilknyttede enheder i netværket eller til abonnenter via radio-/tv-udsendelser, via kabel eller via satellit
- radioaktiviteter via internettet (radiostationer på internettet)
- radioprogrammer og samtidig optagelse til videoudsendelser
- tredjeparts on-demand streamingdistribution og download af lydbøger";"- engroshandel med lydoptagelser på fysiske medier, jf. 46.49.90
- detailhandel med lydoptagelser på fysiske medier, jf. 47.69.10
- udgivelse af lydbøger, herunder streaming og downloadservices fra bogforlag, jf. 58.11.00
- udgivelse af musik- og andre lydoptagelser, herunder streaming og downloadservices fra musik- og andre lydoptagelsesudgivere, jf. 59.20.00
- produktion af radioprogrammer og lydpodcasts, jf. 59.20.00
- levering af tekniske infrastrukturservices i forbindelse med lydstreamingservices uden erhvervelse af rettighederne til lydindholdet, jf. 63.10.00"
2230;3;J;60.2;602;;Programskabelse, udgivelse og distribution af billedoptagelser;Television programming, broadcasting and video distribution activities;;;;
2231;4;J;60.20;6020;;Programskabelse, udgivelse og distribution af billedoptagelser;Television programming, broadcasting and video distribution activities;;;;
2232;5;J;60.20.00;602000;;Programskabelse, udgivelse og distribution af billedoptagelser;Television programming, broadcasting and video distribution activities;"Branchen omfatter dannelse af et fuldstændigt programudbud til en tv-kanal ud fra egenproducerede eller indkøbte programmer. Videostreaming og downloadservice uden forbindelse til udgivelse deraf er også omfattet.

Udgivelse af videospil samt streaming- og downloadservices henvises til 58.21.00.";"- skabelsen af et komplet tv-kanalprogram, fx: 
• indkøbte programkomponenter, fx film, dokumentarer og sport
• egenproducerede programkomponenter, fx lokalnyheder, direkte rapporter eller en kombination deraf";"- programmering af bestillingskanaler
- videostreaming og downloadservice uden forbindelse til udgivelse deraf
- udsendelse af direkte optrædener og events
- drift af websider med streaming af videospil";"- udgivelse af videospil samt streaming- og downloadservices, jf. 58.21.00
- produktion af tv-programelementer (film, dokumentarer, talkshows, reklamer mv.), jf. 59.11.00
- samling af en pakke kanaler og transmission af pakken via netværksoperatørers kabel- eller satellittransmission til seeren, jf. 61.10.00
- levering af teknisk infrastruktur i forbindelse med videostreamingservices, databehandlingsservices og relaterede aktiviteter, jf. 63.10.00
- udlejning af indspillede videoer på fysiske medier til offentligheden, jf. 77.22.00"
2233;3;J;60.3;603;;Nyhedsbureauers aktiviteter og anden distribution af medieindhold;News agency and other content distribution activities;;;;
2234;4;J;60.31;6031;;Nyhedsbureauers aktiviteter;News agency activities;Denne undergruppe omfatter fuldstændige tv-programmer, der enten udsendes af den producerende enhed eller produceres til transmission af en tredjepartsoperatør af transmissionsfaciliteter, såsom kabelselskaber eller udbydere af satellit-tv.;;;
2235;5;J;60.31.00;603100;;Nyhedsbureauers aktiviteter;News agency activities;Branchen omfatter nyhedsbureauers aktiviteter, fx levering af nyheder, billeder og indslag til medier, udgivere og tv-selskaber.;- nyhedssyndikater og nyhedsbureauers aktiviteter med levering af nyheder, billeder og indslag til medier, udgivere og tv-selskaber;;"- detailhandel med aviser, jf. 47.62.00
- udgiveraktiviteter, jf. 58.1
- udsendelse og lyd- og videostreamingsaktiviteter (med distributionsrettigheder), jf. 60.10.00 og 60.20.00
- levering af teknisk infrastruktur i forbindelse med videostreamingservices, databehandlingsservices og relaterede aktiviteter, jf. 63.10.00
- selvstændige fotojournalisters aktiviteter, jf. 74.20.00
- selvstændige journalisters aktiviteter, jf. 90.11.00"
2236;4;J;60.39;6039;;Anden distribution af medieindhold;Other content distribution activities;Denne undergruppe omfatter programmer, der kan være generelle eller specialiserede (fx begrænsede formater såsom nyheder, sport, undervisning eller ungdomsprogrammer). Disse kan gøres gratis tilgængelige for brugere eller kan kun være tilgængelige for abonnenter.;;;
2237;5;J;60.39.00;603900;;Anden distribution af medieindhold;Other content distribution activities;"Branchen omfatter distribution af medieindhold, fx via websider med indholdsdeling, såsom wiki- og sociale medier, hvor der ikke er redaktionelt ansvar og kontrol, samt drift af online spil-/videospilsider (uden forbindelse til udgivelse). 

Udgivelse af videospil og anden software henvises til 58.21.00 og 58.29.00.";"- drift af websider med indholdsdeling, distributionsservices, fx wiki- og sociale medier, som udgiver indhold, der er produceret og redigeret af brugere og ikke er genstand for redaktionelt ansvar og kontrol
- drift af online spil-/videospilsider, uafhængigt af udgivelse af spillene
- levering af e-bøger som streaming eller downloadservice uden forbindelse med udgivelse
- onlinelevering af software, uden forbindelse til udgivelse
- publicering og deling af indhold i web blogs og på sociale medier";;"- formidling af detailhandel, jf. 47.9
- formidling af persontransport, jf. 52.32.00
- formidling af overnatningsfaciliteter, jf. 55.40.00
- udgivelse af e-bøger, jf. 58.11.00
- udgivelse af videospil- og anden software, jf. 58.21.00 og 58.29.00
- audiovisuel produktion, jf. 59.11.00
- aktiviteter på musikplatforme, jf. 60.10.00
- sider med streaming af videospil kun til visning, jf. 60.20.00
- nyhedsbureauers aktiviteter, jf. 60.31.00
- levering af lyd- eller videodatahosting til streaming- eller downloadservices (dvs. især datalagring og -afsendelse) uden erhvervelse af rettighederne til lyd- eller videoindhold, jf. 63.10.00
- levering af computerinfrastruktur og hostingservices, jf. 63.10.00
- onlinesøgemaskiners aktiviteter, jf. 63.91.00
- journalister og andre forfatteres aktiviteter, hvis indhold udgives af en tredjepart, jf. 90.11.00
- skuespillere og andre personers aktiviteter, jf. 90.20.20
- bibliotekers og arkivers aktiviteter, jf. 91.1
- spilsiders aktiviteter, jf. 92.00.00"
2238;1;K;K;K;;TELEKOMMUNIKATION, COMPUTERPROGRAMMERING, IT-KONSULENTAKTIVITETER, IT-INFRASTRUKTUR OG ANDRE INFORMATIONSAKTIVITETER;TELECOMMUNICATION, COMPUTER PROGRAMMING, CONSULTING, COMPUTING INFRASTRUCTURE AND OTHER INFORMATION SERVICE ACTIVITIES;"Denne hovedafdeling omfatter telekommunikation og tilhørende serviceaktiviteter, dvs. transmission af tale, data, tekst, lyd og video (hovedgruppe 61), computerprogrammering, konsulentbistand og lignende aktiviteter (hovedgruppe 62) og levering af computerinfrastruktur, databehandling, hosting og andre informationstjenester (hovedgruppe 63).

Denne hovedafdeling omfatter ikke:
- udgivelse, udsendelse og indholdsproduktion, herunder softwareudgivelse, services efter produktion for at konvertere lyd- og videoindhold til streamingformater og selvstændig tredjepartslevering af on-demand levering af lyd- og videostreaming eller downloaddistributionsservice, jf. hovedafdeling J
- levering af pengeinstitut- og finansaktiviteter, forsikring ved hjælp af publiceret teknologisoftware til pengeinstitut- og finansaktiviteter, forsikring, jf. hovedafdeling L
- spilsiders aktiviteter, jf. hovedafdeling S
- reparation og vedligeholdelse af computere og kommunikationsudstyr, jf. hovedafdeling T";;;
2239;2;K;61;61;;Telekommunikation;Telecommunication;"Denne hovedgruppe omfatter:
- levering af telekommunikation og tilhørende serviceaktiviteter, dvs. transmission af tale, data, tekst, lyd og video. Transmissionsfaciliteter, der udfører disse aktiviteter, kan være baseret på en enkelt teknologi eller en kombination af teknologier. Fællestrækket ved aktiviteter, der er klassificeret i denne hovedgruppe, er transmission af indhold, uden at være involveret i dets skabelse eller ændring. I tilfælde af transmission af tv-signaler kan dette omfatte fuldstændige pakkede og programmerede kanaler (produceret i hovedgruppe 60) i programpakker
- levering af service til maskine-til-maskine-kommunikation
- transmission af lyd- eller videodata uden erhvervelse af rettighederne til lyd- eller videoindholdet

Denne hovedgruppe omfatter ikke:
- produktion og aktiviteter efter produktion af film, audiovisuelle optagelser, tv-programmer og lydoptagelser, herunder services ved konvertering af lyd- og audioindhold til streamingformater, jf. hovedafdeling 59
- aktiviteter i forbindelse med udsendelse og levering af lyd- og videostreaming eller downloaddistributionsservices, jf. hovedgruppe 60";;;
2240;3;K;61.1;611;;Levering af fastnetbaseret, trådløs og satellitbaseret telekommunikation;Wired, wireless, and satellite telecommunication activities;;;;
2241;4;K;61.10;6110;;Levering af fastnetbaseret, trådløs og satellitbaseret telekommunikation;Wired, wireless, and satellite telecommunication activities;;;;
2242;5;K;61.10.00;611000;;Levering af fastnetbaseret, trådløs og satellitbaseret telekommunikation;Wired, wireless, and satellite telecommunication activities;"Branchen omfatter transmission, drift, vedligeholdelse og udbud af fastnetbaseret, trådløs og satellitbaseret telekommunikation.

IP-telefoni (VoIP)-levering, uden driftsfaciliteter til transmission af data, henvises til 61.90.00.";"- drift, vedligeholdelse eller levering af adgang til faciliteter til transmission af tale, data, tekst, lyd og video ved hjælp af fastnetbaseret, trådløs og satellitbaseret telekommunikationsinfrastruktur, herunder:
• drift og vedligeholdelse af switching- og transmissionsfaciliteter til levering af punkt-til-punkt-kommunikation via fastnet og satellitforbindelser
• drift af kabeldistributionssystemer (fx til distribution af data- og tv-signaler) med eller uden levering til kunderne af tredjeparts video-on-demand-services
• levering af internetadgang af infrastrukturens operatør
• vedligeholdelse og drift af mobil- og andre trådløse telekommunikationsnetværker (herunder personsøgningssystemer)
• levering af visuelle, lydmæssige eller tekstbaserede programmer, der modtages fra kabelnetværk, lokal-tv-stationer eller radionetværk til forbrugere via direkte-til-hjem-satellitsystemer eller via internetprotokol-tv (de her klassificerede enheder skaber normalt ikke selv programmateriale)
• IP-telefoni (VoIP)-levering af infrastrukturens operatør
 
Transmissionsfaciliteter, der udfører disse aktiviteter, kan være baseret på en enkelt teknologi eller en kombination af teknologier.";;"- installation af ledninger til telekommunikation, computernetværk og kabel-tv i bygninger, herunder fiberkabler uden driftsfaciliteter til transmission af data, jf. 43.21.00
- udgivelse af instant messaging eller satellit-geoplaceringsapplikationer, jf. 58.29.00
- videresalg af telekommunikation og formidlingsaktiviteter inden for telekommunikation, jf. 61.20.00
- levering af telefon- og internetadgang til faciliteter, der er åbne for offentligheden, fx internetcaféer, jf. 61.20.00
- IP-telefoni (VoIP)-levering, uden driftsfaciliteter til transmission af data, jf. 61.90.00"
2243;3;K;61.2;612;;Videresalg af telekommunikation og formidlingsaktiviteter inden for telekommunikation;Telecommunication reselling activities and intermediation service activities for telecommunication;;;;
2244;4;K;61.20;6120;;Videresalg af telekommunikation og formidlingsaktiviteter inden for telekommunikation;Telecommunication reselling activities and intermediation service activities for telecommunication;;;;
2245;5;K;61.20.00;612000;;Videresalg af telekommunikation og formidlingsaktiviteter inden for telekommunikation;Telecommunication reselling activities and intermediation service activities for telecommunication;Branchen omfatter videresalg af fastnetbaseret, trådløs og satellitbaseret telekommunikation. Telekommunikationsmægleraktiviteter og forhandleraktiviteter i forbindelse med forudbetalte telefonkort og -services er også omfattet.;"- videresalg af fastnetbaseret, trådløs og satellitbaseret telekommunikation (dvs. indkøb og videresalg af netværkskapacitet), herunder telekommunikationsmægleraktivitet og forhandleraktivitet i forbindelse med forudbetalte telefonkort og -services
- formidling af fastnetbaseret, trådløs og satellitbaseret telekommunikation, herunder:
• agenturaktiviteter i forbindelse med telekommunikationsudbydere
• salg af serviceplaner for mobiltelefoner på agentbasis
• salgsagenturaktiviteter i forbindelse med serviceplaner for trådløse telefoner, salg på vegne af udbydere af trådløs telekommunikation
• agenturaktiviteter i forbindelse med operatører af virtuelle netværk (MVNO’er)
• levering af telefon- og internetadgang til faciliteter, der er åbne for offentligheden";;- levering af telekommunikationsservices af operatører af telekommunikationsinfrastruktur, jf. 61.10.00
2246;3;K;61.9;619;;Andre telekommunikationsaktiviteter;Other telecommunication activities;;;;
2247;4;K;61.90;6190;;Andre telekommunikationsaktiviteter;Other telecommunication activities;;;;
2248;5;K;61.90.00;619000;;Andre telekommunikationsaktiviteter;Other telecommunication activities;Branchen omfatter levering af specialiserede telekommunikationsapplikationer, fx telemetri, notifikationsservices eller IP-telefoni.;"- levering af specialiserede telekommunikationsapplikationer, fx telemetri og radarstationsoperationer
- drift af satellitterminalstationer og tilhørende faciliteter, der driftsmæssigt er forbundet med en eller flere terrestriale kommunikationssystemer og i stand til at transmittere telekommunikation til eller modtage telekommunikation fra satellitsystemer
- levering af internetadgang over netværker mellem klienten og internetudbyderen, der ikke ejes eller kontrolleres af internetudbyderen, fx opkaldsadgang til internet mv.
- transmission via tekstbeskeder (sms)
- levering af IP-telefoni (VoIP), tekstbeskeder (sms), avancerede dataservices (sms+, mms+) og sms pushservices uden driftsfaciliteter til transmission af data";- levering af notifikationsservices (fx sms-bankalarmer eller reklame);"- levering af internetadgang af operatører af telekommunikationsinfrastruktur, jf. 61.10.00
- videresalg af telekommunikationsservice og formidlingsservice i forbindelse med telekommunikation, jf. 61.20.00"
2249;2;K;62;62;;Computerprogrammering og -konsulentbistand samt lignende aktiviteter;Computer programming, consultancy and related activities;"Denne hovedgruppe indeholder følgende aktiviteter:
- levering af ekspertviden i forbindelse med informationsteknologi, konstruktion af struktur og indhold og/eller skrivning, ændring, tilpasning, test og støtte af software og applikationer
- planlægning og konstruktion af computersystemer, der integrerer computerhardware, -software og kommunikationsteknologier
- administration og drift af klienters computersystemer og/eller databehandlingsfaciliteter på stedet
- computerhardware, -software og systemrådgivning

Denne hovedgruppe omfatter ikke:
- udgivelse af software, jf. hovedgruppe 58
- levering af online spille-/videospilsites, uden forbindelse til udgivelse, jf. hovedgruppe 60
- levering af computerinfrastruktur, databehandling og hosting, jf. hovedgruppe 63
- levering af pengeinstitut- og finansaktiviteter, forsikring ved hjælp af publiceret teknologisoftware til pengeinstitut- og finansaktiviteter samt forsikring, jf. hovedafdeling L
- spilsiders aktiviteter, jf. hovedgruppe 92
- reparation og vedligeholdelse af computere og kommunikationsudstyr, jf. hovedafdeling T";;;
2250;3;K;62.1;621;;Computerprogrammering;Computer programming activities;;;;
2251;4;K;62.10;6210;;Computerprogrammering;Computer programming activities;;;;
2252;5;K;62.10.00;621000;;Computerprogrammering;Computer programming activities;"Branchen omfatter udvikling, programmering, test og vedligeholdelse af software og applikationer. Tilpasning af software, så den kan fungere inden for klientens informationssystemmiljø, er også omfattet. 

Udgivelse af software eller spil, herunder af egen-udviklede programmer, henvises til 58.21.00 og 58.29.00.";"- konstruktion af struktur og indhold i skrivning, ændring (herunder opdateringer og patches), test og vedligeholdelse af software og applikationer, herunder:
• systemsoftware
• software og applikationer til videospil
• spilapplikationer
• middleware til videospil
• forretnings- eller finanssoftwareapplikationer
• maskinindlæringsapplikationer
• kunstig intelligens/maskinsynsapplikationer
• cybersikkerhedsapplikationer
• distributed ledger-applikationer
• databaser og internetsider
- tilpasning af software, dvs. ændring og konfigurering af en eksisterende applikation, så den kan fungere inden for klientens informationssystemmiljø";- udvikling af applikationer;"- udgivelse af software eller spil-on-demand-service, cloudbaseret software og spilapplikationer, jf. 58.21.00 og 58.29.00
- udvikling af software, med forbindelse til udgivelse, jf. 58.21.00 og 58.29.00
- oversættelse eller tilpasning af ikke-brugertilpasset software til et bestemt marked for egen regning, jf. 58.29.00
- drift af online spille-/videospilsite, jf. 60.39.00
- planlægning og konstruktion af computersystemer, der integrerer computerhardware, -software og kommunikationsteknologier, også selvom levering af software kan være en integreret del, jf. 62.20.00
- databehandlingsaktiviteter, fx blockchain/distributed ledger-teknologi (DLT), jf. 63.10.00
- drift af spilsider, jf. 92.00.00
- reparation og vedligeholdelse af computere og kommunikationsudstyr, jf. 95.10.00"
2253;3;K;62.2;622;;Computerkonsulentbistand og forvaltning af computerfaciliteter;Computer consultancy and computer facilities management activities;;;;
2254;4;K;62.20;6220;;Computerkonsulentbistand og forvaltning af computerfaciliteter;Computer consultancy and computer facilities management activities;;;;
2255;5;K;62.20.00;622000;;Computerkonsulentbistand og forvaltning af computerfaciliteter;Computer consultancy and computer facilities management activities;Branchen omfatter computerkonsulentbistand samt analyser af brugerbehov og -problemer vedrørende planlægning og design af computersystemer, der integrerer hardware, software og anden informationsteknologi. Branchen omfatter også installation, oplæring og support til brugerne af systemet.;"- computerhardware, -software og systemrådgivning, herunder cybersikkerhedsrådgivning
- planlægning og konstruktion af computersystemer, der integrerer computerhardware, -software og kommunikationsteknologier
- levering af administration og drift af klienters computersystemer og/eller databehandlingsfaciliteter på stedet samt tilhørende støtteaktiviteter
- installation af systemet samt undervisning og støtte af systemets brugere kan leveres
- revision og certificering af computer- og databehandlingsinfrastrukturer og -services";"- cybersikkerhedsnetværk og systemovervågning, -testning og -analyse
- levering af rådgivning om softwarekrav og indkøb af hardware- og softwarekomponenterne til et computersystem";"- installation af mainframe og lignende computere, jf. 33.20.00
- salg af computerhardware eller -software på fysiske medier, jf. 46.50.00 og 47.40.00
- softwareudgivelse, jf. 58.21.00 og 58.29.00
- installation (opsætning) af personlige computere, jf. 62.90.00
- softwareinstallation, jf. 62.90.00
- computersystemgendannelse, jf. 62.90.00
- generel cybersikkerhedsuddannelse, jf. 85.59.00"
2256;3;K;62.9;629;;Andre IT- og computerserviceaktiviteter;Other information technology and computer service activities;;;;
2257;4;K;62.90;6290;;Andre IT- og computerserviceaktiviteter;Other information technology and computer service activities;;;;
2258;5;K;62.90.00;629000;;Andre IT- og computerserviceaktiviteter;Other information technology and computer service activities;Branchen omfatter informationsteknologiske og computerbeslægtede serviceaktiviteter, fx gendannelse af computersystemer og installation af personlige computer og tredjeparts software.;"- andre informationsteknologiske og computerbeslægtede aktiviteter, der ikke er nævnt andetsteds, fx:
- gendannelse af computersystemer
- installation (opsætning) af personlige computere
- installation af tredjeparts software";;"- installation af mainframe og lignende computere, jf. 33.20.00
- computerprogrammering, jf. 62.10.00
- computerrådgivning, jf. 62.20.00
- computerfacilitetsstyring, jf. 62.20.00
- levering af computerinfrastruktur, databehandling og hosting, jf. 63.10.00"
2259;2;K;63;63;;It-infrastruktur, databehandling, hosting og andre informationsaktiviteter;Computing infrastructure, data processing, hosting and other information service activities;"Denne hovedgruppe omfatter levering af computerinfrastruktur, databehandling og hosting samt onlinesøgeportaler og andre aktiviteter, der primært leverer information.

Denne hovedgruppe omfatter ikke:
- udgivelse af software, jf. hovedgruppe 58
- nyhedsbureauers aktiviteter og levering af online spille-/videospilsites, uden forbindelse til udgivelse, jf. hovedgruppe 60
- telekommunikationsaktiviteter, jf. hovedgruppe 61
- computerprogrammering, computersystemdesign og computerfacilitetsstyring, jf. hovedgruppe 62
- spilsiders aktiviteter, jf. hovedgruppe 92
- reparation og vedligeholdelse af computere og kommunikationsudstyr, jf. hovedgruppe 95";;;
2260;3;K;63.1;631;;IT-infrastruktur, databehandling, hosting og relaterede aktiviteter;Computing infrastructure, data processing, hosting and related activities;;;;
2261;4;K;63.10;6310;;IT-infrastruktur, databehandling, hosting og relaterede aktiviteter;Computing infrastructure, data processing, hosting and related activities;;;;
2262;5;K;63.10.00;631000;;IT-infrastruktur, databehandling, hosting og relaterede aktiviteter;Computing infrastructure, data processing, hosting and related activities;Branchen omfatter bl.a. levering af cloudinfrastruktur og platforme (IaaS, PaaS mv.), udlejning af server- og networkingplads på datacentre og blockchain/distributed ledger-teknologi (DLT) samt databehandlingsaktiviteter. Branchen omfatter desuden behandling af data (leveret af kunder) og hostingaktiviteter (fx applikationshosting) mv.;"- levering af computerinfrastruktur, herunder levering af cloudinfrastruktur og platform (IaaS, PaaS mv.)
- cloudcomputing (undtagen softwareudgivelse og computersystemdesign), i eller uden kombination med levering af infrastruktur
- levering af teknisk infrastruktur i forbindelse med streaming, databehandling og tilhørende aktiviteter:
• komplet behandling af data, leveret af klienter
• udarbejdelse af specialiserede rapporter ud fra data leveret af kunder
• blockchain/distributed ledger-teknologi (DLT) databehandlingsaktiviteter
- specialiserede hostingaktiviteter, fx:
• webhosting
• applikationshosting
- generel timesharelevering af mainframefaciliteter til kunder
- digitalisering af filer (mhp. yderligere databehandling)
- levering af dataindlæsningsservice
- datacenter-samplaceingsaktiviteter (dvs. udlejning af server- og networkingplads på datacentre, herunder rutineovervågning af servere)
- lagringsservice til digitale data
- udstedelse af kryptoaktiver uden tilhørende ansvar (ikke af en monetær myndighed)";;"- softwareudgivelse, jf. 58.21.00 og 58.29.00
- levering af applikationer via downloads eller via streaming, jf. 58.21.00 og 58.29.00
- services efter produktion til konvertering af videoindhold til streamingformater, jf. 59.12.00
- services efter produktion til konvertering af lydindhold til streamingformater, jf. 59.20.00
- lydstreaming-og downloaddistributionaktiviteter uden forbindelse til udgivelse deraf, jf. 60.10.00
- videostreaming og downloaddistributionsservices uden forbindelse til udgivelse deraf, jf. 60.20.00
- computersystemdesign, jf. 62.20.00
- elektronisk lagring af arkivmateriale mhp. adgang for offentligheden, jf. 91.12.00
- reparation og vedligeholdelse af computere og kommunikationsudstyr, jf. 95.10.00
- aktiviteter, hvor serviceudbyderen kun anvender computerne som et redskab, er klassificeret i henhold til arten af den ydede service"
2263;3;K;63.9;639;;Drift af portaler til internettet og andre informationsaktiviteter;Web search portal activities and other information service activities;"Denne gruppe omfatter:
- drift af internetsider, der anvender en søgemaskine til at skabe og vedligeholde store databaser med internetadresser og indhold i et let søgbart format (og kendt som internetsøgemaskiner)
- andre informationstjenester, der ikke er nævnt andetsteds fx:
• telefonbaserede informationstjenester
• informationssøgetjenester på honorar- eller kontraktbasis
• udklipsservice osv.
 
Primær indkomstkilde fra reklamer påvirker ikke klassificeringen af disse aktiviteter.

Gruppen omfatter ikke:
- formidling af detailhandel, jf. 47.91.00 og 47.92.00
- formidling af persontransport, jf. 52.32.00
- formidling af overnatningsfaciliteter, jf. 55.40.00
- udgiveraktiviteter, jf. hovedgruppe 58
- udsendelsesaktiviteter, jf. hovedgruppe 60
- avisers og nyhedsbureauers aktiviteter, jf. 60.31.00
- callcentres aktiviteter, jf. 82.20.00";;;
2264;4;K;63.91;6391;;Drift af portaler til internettet;Web search portal activities;;;;
2265;5;K;63.91.00;639100;;Drift af portaler til internettet;Web search portal activities;Branchen omfatter drift af internetsider, der anvender en søgemaskine til at skabe og vedligeholde store databaser med internetadresser, herunder drift af sammenligningssider.;"- drift af internetsider, der anvender en søgemaskine til at skabe og vedligeholde store databaser med internetadresser og indhold i et let søgbart format. Disse internetsøgemaskiner er ikke ansvarlige for indholdet
- drift af sammenligningssider vedrørende priser, produktspecifikation mv. med levering af links til andre internetsider";;"- formidlingsaktiviteter i forbindelse med specialiserede byggetjenester, jf. 43.60.00
- formidlingsaktiviteter i forbindelse med detailhandel, jf. 47.9
- formidlingsaktiviteter i forbindelse med transport, jf. 52.3
- formidlingsaktiviteter inden for post- og kurértjenester, jf. 53.3
- formidlingsaktiviteter i forbindelse med overnatningsfaciliteter, jf. 55.40.00
- formidlingsaktiviteter inden for restauration, jf. 56.40.00
- udgiveraktiviteter, jf. hovedgruppe 58
- udsendelsesaktiviteter, jf. hovedgruppe 60
- avisers og nyhedsbureauers aktiviteter, jf. 60.31.00
- formidlingsaktiviteter i forbindelse med telekommunikation, jf. 61.20.00
- formidlingsaktiviteter i forbindelse med fast ejendom, jf. 68.31
- formidlingsaktiviteter i forbindelse med udlejning og leasing af materielle varer og ikke-finansielle immaterielle aktiver, jf. 77.5
- callcentres aktiviteter, jf. 82.20.00
- formidlingsaktiviteter inden for forretningsstøttetjenester i.a.n, jf. 82.40.00
- formidlingsaktiviteter inden for kurser og lærere, jf. 85.61.00
- formidlingsaktiviteter inden for medicinske, dentale og andre sundhedstjenester, jf. 86.97.00
- formidlingsaktiviteter i forbindelse med institutionspleje, jf. 87.91.00
- formidlingsaktiviteter i forbindelse med reparation og vedligeholdelse af computere, personlige artikler, husholdningsartikler samt motorkøretøjer og motorcykler, jf. 95.40.00
- formidlingsaktiviteter i forbindelse med personlige tjenesteydelser, jf. 96.40.00"
2266;4;K;63.92;6392;;Andre informationsaktiviteter;Other information service activities;;;;
2267;5;K;63.92.00;639200;;Andre informationsaktiviteter;Other information service activities;Branchen omfatter informationstjenester på honorar- eller kontraktbasis, fx informationssøgetjenester (fx ved web-harvesting), udklipsservice, kompilering af information eller adresselister mv.;"- andre informationstjenester, der ikke er nævnt andetsteds, fx:
• informationssøgetjenster på honorar- eller kontraktbasis (fx ved web-harvesting)
• udklipsservice mv.
• kompilering af information eller adresselister på honorar- eller kontraktbasis";;"- formidlingsaktiviteter i forbindelse med specialiserede byggetjenester, jf. 43.60.00
- formidlingsaktiviteter i forbindelse med detailhandel, jf. 47.9
- formidlingsaktiviteter i forbindelse med transport, jf. 52.3
- formidlingsaktiviteter inden for post- og kurértjenester, jf. 53.3
- formidlingsaktiviteter i forbindelse med overnatningsfaciliteter, jf. 55.40.00
- formidlingsaktiviteter inden for restauration, jf. 56.40.00
- udgiveraktiviteter, jf. hovedgruppe 58
- udsendelsesaktiviteter, jf. hovedgruppe 60
- avisers og nyhedsbureauers aktiviteter, jf. 60.31.00
- formidlingsaktiviteter i forbindelse med telekommunikation, jf. 61.20.00
- formidlingsaktiviteter i forbindelse med fast ejendom, jf. 68.31
- formidlingsaktiviteter i forbindelse med udlejning og leasing af materielle varer og ikke-finansielle immaterielle aktiver, jf. 77.5
- callcentres aktiviteter, jf. 82.20.00
- formidlingsaktiviteter inden for forretningsstøttetjenester i.a.n, jf. 82.40.00
- formidlingsaktiviteter inden for kurser og lærere, jf. 85.61.00
- formidlingsaktiviteter inden for medicinske, dentale og andre sundhedstjenester, jf. 86.97.00
- formidlingsaktiviteter i forbindelse med institutionspleje, jf. 87.91.00
- formidlingsaktiviteter i forbindelse med reparation og vedligeholdelse af computere, personlige artikler, husholdningsartikler samt motorkøretøjer og motorcykler, jf. 95.40.00
- formidlingsaktiviteter i forbindelse med personlige tjenesteydelser, jf. 96.40.00"
2268;1;L;L;L;;FINANSIERINGS- OG FORSIKRINGSAKTIVITETER;FINANCIAL AND INSURANCE ACTIVITIES;"Denne hovedafdeling omfatter finansielle tjenester, forsikringsaktiviteter og finansielle hjælpeaktiviteter, uanset hvilke teknologier, der anvendes til at gennemføre disse aktiviteter eller støttetjenester.

Der er klassificeret tre primære typer aktiviteter i denne hovedafdeling: fremskaffelse, indhentning og levering af finansiering i hovedgruppe 64, samling af risici via tegning af forsikring og livrenter i hovedgruppe 65 og levering af specialiserede tjenester, der fremmer eller støtter finansielle eller forsikringsmæssige tjenester i hovedgruppe 66.

Denne hovedafdeling omfatter også aktiviteter i forbindelse med aktiebeholdning, fx holding- og gennemstrømningsselskabers aktiviteter og investeringsforeningers, investeringsselskabers og lignende enheders aktiviteter (i hovedgruppe 64), samt genforsikrings- og pensionsfonde (i hovedgruppe 65).

Denne hovedafdeling omfatter ikke støtteaktiviteter i forbindelse med finansielle tjenester, der ikke af finansiel art (fx it-tjenester, der støtter bankaktiviteter).";;;
2269;2;L;64;64;tekst redigeret samt markeret en reference, der skal opdateres, når det indledende kapitel er færdigt.;Finansielle tjenesteydelser, undtagen forsikring og pensionsforsikring;Financial service activities, except insurance and pension funding;"Denne hovedgruppe omfatter indhentelse og levering af anden finansiering end til forsikrings- eller pensionsfinansiering eller tvungen socialforsikring.

Denne hovedgruppe omfatter også aktiviteter, der består i at besidde finansielle aktiver, fx aktiviteter i holding- og gennemstrømningsselskaber og investeringsforeninger, investeringsselskaber og lignende finansielle enheder, som ikke er aktiviteter i henhold til NACE-princippet med hensyn til økonomisk produktion. Enheder, der er  klassificeret i gruppe 64.2 ""Holdingselskabers aktiviteter"" og 64.3 ""Investeringsforeningers, investeringsselskabers og lignende enheders aktiviteter"", har normalt ingen indtægter fra salg af produkter og beskæftiger heller ikke personale (se de indledende retningslinjer) og er integreret i NACE for at lette klassificeringen af enheder i statistiske erhvervsregistre.

Denne hovedgruppe omfatter ikke erhvervsfremmende institutioners aktiviteter for økonomisk udvikling gennem langsigtet investeringer på lokalt, regionalt og nationalt niveau, hvis de fungerer som regeringens arm for at gennemføre et offentligt politisk mandat, jf. 84.13.00";;;
2270;3;L;64.1;641;;Pengeinstitutters aktiviteter;Monetary intermediation;Denne gruppe omfatter indhentelse og levering af finansiering i form af omsættelige indskud eller tætte substitutionsprodukter, dvs. midler der er fikserede i løbende priser, der indhentes fra dag til dag og distribution af disse midler.;;;
2271;4;L;64.11;6411;;Centralbankers aktiviteter;Central banking;;;;
2272;5;L;64.11.00;641100;;Centralbankers aktiviteter;Central banking;Branchen omfatter aktiviteter i forbindelse med udstedelse af penge, opretholdelse af den indenlandske og udenlandske værdi af den nationale valuta, samt at opbevare landets internationale reserver.;"- udstedelse og administration af pengesedler og digital valuta
- varetagelse af pengepolitikken, herunder overvågning af og kontrol med pengeudbuddet
- fremme af økonomisk stabilitet
- modtagelse af indskud, der anvendes til clearing mellem monetære mellemmænd
- overvågning af bank- eller ikke-bankmæssige pengemæssige transaktioner, medmindre det udføres af en anden enhed
- opbevaring af landets internationale reserver
- funktion som regeringens bankforbindelse";- centralbankers, valutaråds og centrale monetære organisationers aktiviteter;"- drift og overvågning af andre finansielle markeder, varetaget af andre end centralbanker og offentlige myndigheder, jf. 66.11.00
- finanstilsyn i forbindelse med forsikrings- og pensionsforsikring (ikke af centralbank), jf. 66.29.00
- finansiel regulering i forhold til god forretningsskik, forbrugerbeskyttelse og anden bredere regulering af finansielle aktiviteter, jf. 84.13.00
- internationale organisationers aktiviteter, fx Verdensbanken, jf. 99.00.20"
2273;4;L;64.19;6419;;Andre pengeinstitutters aktiviteter;Other monetary intermediation;;;;
2274;5;L;64.19.00;641900;;Andre pengeinstitutters aktiviteter;Other monetary intermediation;"Branchen omfatter pengeinstitutter, der modtager indlån og yder kredit eller udlån af kapital. Ydelsen af kredit kan fx være lån, realkredit eller kreditkort. 

Aktiviteten kræver tilladelse som pengeinstitut jf. Lov om Finansiel Virksomhed.";"- modtagelse af indskud og/eller tætte substitutionsprodukter for indskud samt afgivelse af kredit eller andre former for udlån af midler, som almindeligvis udføres af andre monetære institutioner end centralbanker, fx:
• banker
• sparekasser
• andelskasser

Bevilling af kredit kan foregå på forskellige måder, fx lån, prioritetslån, forbrugerkreditkort mv.";- filialer af udenlandske kreditinstitutter;"- kreditgivning af specialiserede indskudsinstitutter, fx i forbindelse med huskøb eller landbrug, jf. 64.92.20
- behandling og betaling af kreditkorttransaktioner, jf. 66.19.00"
2275;3;L;64.2;642;"bindestreg
redigeret afsnit, fordi det ikke var korrekt oversat";Holdingselskaber og finansielle conduiters aktiviteter;Activities of holding companies and financing conduits;"Denne gruppe omfatter holding- og gennemstrømningsselskaber. Det er koncerners koncerninterne finansenheder, dvs. enheder, der er oprettet af en koncern for at gennemføre specifikke finansielle aktiviteter, hvis hovedaktivitet er hhv. at eje koncernen eller at fungere som middel til at arrangere og kanalisere midler inden for koncernen.

Gruppen omfatter ikke:
- koncernintern factoring- og fakturering, jf. 64.92
- investeringsaktiviteter for egen regning, fx af venturekapitalvirksomheder og kapitalfonde, jf. 64.99
- aktiv ledelse af selskaber og virksomheder, selskabets strategiske planlægning og beslutningstagning, jf. 70.10
- andre aktiviteter i koncerners koncerninterne finansenheder, der indgår under de relevante virksomhedsundergrupper";;;
2276;4;L;64.21;6421;;Holdingselskabers aktiviteter;Activities of holding companies;Denne undergruppe omfatter holdingselskabers aktiviteter, hvor hovedaktiviteten er at eje kontrollerende andele i et eller flere datterselskaber, dvs. hvor formålet er at eje datterselskaber. Holdingselskaberne i denne undergruppe leverer ingen andre tjenesteydelser til de virksomheder, som har udstedt aktierne, dvs. ingen forvaltning eller styring af andre enheder.;;;
2277;5;L;64.21.10;642110;tilpasset teskt;Finansielle holdingselskaber;Financial holding companies;"Branchen omfatter holdingselskabers aktiviteter, dvs. selskaber, der ejer kontrollerende andele i andre finansielle selskaber. Selskabernes eneste formål er at eje andele i andre finansielle selskaber. Selskaberne yder ingen service til de selskaber, de ejer, dvs. de administrerer ikke andre enheder. Finansielle selskaber er registreret med branchekoder, der starter med 64, 65 eller 66.

Selskaber, hvis hovedaktivitet alene er at eje ikke-kontrollerende andele i andre selskaber, henvises til 64.32.00. 
Selskaber, der ejer ikke-kontrollerende andele i andre selskaber og har anden økonomisk aktivitet, fx investering i værdipapirer og/eller aktier, henvises til 64.99.90.";- finansielle holdingselskabers aktiviteter, hvis eneste formål er at eje kontrollerende andele i andre finansielle selskaber (selskaber i hovedgruppe 64, 65 og 66);;"- aktiviteter i selskaber, der kun ejer ikke-kontrollerende andele i andre selskaber, jf. 64.32.00
- handel på finansmarkeder for egen regning, jf. 64.99.90
- forvaltning af egen formue, jf. 64.99
- behandling og betaling af kreditkorttransaktioner, jf. 66.19.00
- formueforvaltning, på honorar- eller kontraktbasis, jf. 66.30.00
- levering af ledelsestjenester, fx et hovedkontors strategiske planlægning, beslutningstagning og administrative tjenesteydelser, jf. 70.10
- aktiv ledelse af selskaber og virksomheder, selskabets strategiske planlægning og beslutningstagning, jf. 70.10"
2278;5;L;64.21.20;642120;tilpasset teskt;Ikke-finansielle holdingselskaber;Non-financial holding companies;"Branchen omfatter holdingselskabers aktiviteter, dvs. selskaber, der ejer kontrollerende andele i andre ikke-finansielle selskaber. Selskabernes eneste formål er at eje andele i andre ikke-finansielle selskaber. Selskaberne yder ingen service til de selskaber, de ejer, dvs. de administrerer ikke andre enheder. Ikke-finansielle selskaber er registreret med branchekoder, der ikke starter med 64, 65 eller 66.

Selskaber, hvis hovedaktivitet alene er at eje ikke-kontrollerende andele i andre selskaber, henvises til 64.32.00. 
Selskaber, der ejer ikke-kontrollerende andele i andre selskaber og har anden økonomisk aktivitet, fx investering i værdipapirer og/eller aktier, henvises til 64.99.90.";- ikke-finansielle holdingselskaber, hvis eneste formål er at eje kontrollerende andele i andre ikke-finansielle selskaber (selskaber uden for hovedgruppe 64, 65 og 66);;"- aktiviteter i selskaber, der kun ejer ikke-kontrollerende andele i andre selskaber, jf. 64.32.00
- handel på finansmarkeder for egen regning, jf. 64.99.90
- forvaltning af egen formue, jf. 64.99
- formueforvaltning på honorar- eller kontraktbasis, jf. 66.30.00
- levering af ledelsestjenester, fx et hovedkontors strategiske planlægning, beslutningstagning og administrative tjenesteydelser, jf. 70.10
- aktiv ledelse af selskaber og virksomheder, selskabets strategiske planlægning og beslutningstagning, jf. 70.10"
2279;5;L;64.21.30;642130;;Gennemløbsholdingselskaber;Passing through holding companies;Branchen omfatter udenlandsk kontrollerede selskaber, hvis hovedaktivitet er at eje kontrollerende andele i andre udenlandske selskaber, herunder at foretage udlån til udenlandske koncernselskaber.;- udenlandsk ejede holdingselskabers aktiviteter, hvis hovedaktivitet er at eje kontrollerende andele i udenlandske koncernselskaber;;"- aktiviteter i selskaber, der kun ejer ikke-kontrollerende andele i andre selskaber, jf. 64.32.00
- handel på finansmarkeder for egen regning, jf. 64.99.90
- formueforvaltning på honorar- eller kontraktbasis, jf. 66.30.00
- forvaltning af egen formue, jf. 64.99
- levering af ledelsestjenester, fx et hovedkontors strategiske planlægning, beslutningstagning og administrative tjenesteydelser, jf. 70.10
- aktiv ledelse af selskaber og virksomheder, selskabets strategiske planlægning og beslutningstagning, jf. 70.10"
2280;4;L;64.22;6422;;Finansielle conduiters aktiviteter;Activities of financing conduits;Denne undergruppe omfatter finansielle conduiters aktiviteter, dvs. enheder, der er oprettet af en koncern for at skaffe eller låne midler (ofte på det åbne marked), og hjemvise disse midler til deres moderselskab eller en anden enhed i koncernen.;;;
2281;5;L;64.22.00;642200;;Finansielle conduiters aktiviteter;Activities of financing conduits;Branchen omfatter finansielle conduiters aktiviteter, herunder at skaffe eller låne midler, normalt ved at udstede obligationer på det åbne marked, og sende disse midler til moderselskabet eller andre enheder i koncernen.;- finansielle conduiters aktiviteter, dvs. at skaffe eller låne midler, og sende disse midler til moderselskabet eller anden enhed i koncernen;"- aktiviteter i koncerninterne finansinstitutioner, der arbejder med koncernintern långivning
- skuffeselskaber, der arbejder med at skaffe midler og hjemvise disse midler til deres moderselskab, dvs. enheder der (direkte eller indirekte) ejes af en ikke-hjemmehørende enhed, hvor store dele af balancen består af fordringer og forpligtelser over for ikke-hjemmehørende enheder, og som har få eller ingen ansatte og begrænset eller ingen fysisk tilstedeværelse i det retsområde, som selskabet er stiftet i";- forvaltning af offentlige midler og servicering af offentlig gæld, jf. 84.11.00
2282;3;L;64.3;643;;Investeringsforeningers, investeringsselskabers og lignende finansielle enheders aktiviteter;Activities of trusts, funds and similar financial entities;"Denne gruppe omfatter juridiske enheder, der er organiseret til at samle værdipapirer eller andre finansielle aktiver, uden at administrere dem, på vegne af aktionærer eller begunstigede. Porteføljerne er tilpasset til at opnå bestemte investeringskarakteristika, fx diversifikation, risiko, afkastprocent og pris-/kursvolatilitet. Disse enheder optjener renter, udbytter og anden formueindkomst, men har få eller ingen ansatte og ingen indkomst fra salg af tjenester.

Gruppen omfatter ikke:
- aktiviteter i enheder, hvis indkomst stammer fra salg af varer eller tjenesteydelser. Enheder af denne type klassificeres derfor i henhold til deres primære aktivitet i andre dele af NACE (fx hovedgruppe 66 vedrørende formueforvaltning, hovedgruppe 68 vedrørende udlejning og drift af fast ejendom eller hovedgruppe 77 vedrørende udlejning og leasing af skib eller fly)
- udførelse af sekuritiseringstransaktioner ved udstedelse af finansielle instrumenter, jf. 64.92
- sekuritiseringstransaktioner af andre aktiver end lån ved udstedelse af finansielle instrumenter, jf. 64.99
- klient-, ejendoms- og bureaukonti, hvis indkomst stammer fra salget af varer og tjenesteydelser, jf. NACE-undergruppe i henhold til deres primære aktivitet";;;
2283;4;L;64.31;6431;;Investeringsfondes aktiviteter;Activities of money market and non-money market investments funds;Denne undergruppe omfatter investeringsfondes aktiviteter, dvs. kollektive investeringsordninger, der skaffer midler ved udstedelse af aktier eller investeringsbeviser til offentligheden, hvis afkast primært investeres i finansielle aktiver (herunder kortsigtede aktiver).;;;
2284;5;L;64.31.10;643110;;Pengemarkedsfondes aktiviteter;Money market funds' actvitities;Branchen omfatter pengemarkedsforeningers aktiviteter, fx udstededelse af investeringsbeviser eller -andele. Deltagernes midler investeres i særligt sikre finansielle aktiver med kort løbetid.;"- pengemarkedsfondes aktiviteter, som omfatter finansiering ved at udstede investeringsbeviser eller -andele. Deltagernes midler investeres i særligt sikre finansielle aktiver med kort løbetid, og med det overordnede mål om at give et afkast svarende til pengemarkedsrenten eller at bevare værdien af investeringen:
• investeringsforeninger
• kapitalforeninger angivet som pengemarkedsforeninger";;"- holdingselskabers aktiviteter, hvis formål er at eje andele i andre selskaber, jf. 64.21
- aktiviteter i selskaber, der kun ejer ikke-kontrollerende andele i andre selskaber, jf. 64.32.00
- klient-, ejendoms- og bureaukonti, der ikke fungerer som kollektive investeringsordninger, jf. 64.32.00
- venturekapitalselskabers aktiviteter, jf. 64.99.90
- pensionsforsikring, jf. 65.30.20
- forvaltning af pengemarkedsfonde, jf. 66.30.00"
2285;5;L;64.31.20;643120;tilpasset teskt;Andre investeringsfondes aktiviteter;Other investment funds' activities;Branchen omfatter kollektive investeringsordningers aktiviteter, undtagen pengemarkedsforeninger, fx udstedelse af investeringsbeviser eller -andele.;- kollektive investeringsordningers (undtagen pengemarkedsfondes) aktiviteter, som omfatter finansiering ved at udstede investeringsbeviser eller -andele. Deltagernes midler investeres i særligt sikre finansielle aktiver med kort løbetid, og med det overordnede mål om at give et afkast svarende til pengemarkedsrenten eller at bevare værdien af investeringen. Fonden har ingen anden aktivitet;"- værdipapirfondes aktiviteter 
- investeringer med variabel kapital (SIKAV)";"- holdingselskabers aktiviteter, hvis formål er at eje andele i andre selskaber, jf. 64.21
- aktiviteter i selskaber, der kun ejer ikke-kontrollerende andele i andre selskaber, jf. 64.32.00
- klient-, ejendoms- og bureaukonti, der ikke fungerer som kollektive investeringsordninger, jf. 64.32.00
- venturekapitalselskabers aktiviteter, jf. 64.99.90
- pensionsforsikring, jf. 65.30.20
- forvaltning af investeringsfonde, jf. 66.30.00"
2286;4;L;64.32;6432;;Trusters aktiviteter;Activities of trust, estate and agency accounts;Denne undergruppe omfatter juridiske enheder, der ikke fungerer som kollektive investeringsordninger, organiseret for at samle værdipapirer, ejendomme og andre finansielle aktiver, uden administration, på vegne af aktionærer eller begunstigede. Porteføljerne er tilpasset til at opnå bestemte investeringskarakteristika, fx diversifikation, risiko, afkastprocent og pris-/kursvolatilitet. Disse enheder optjener renter, udbytte og anden formueindkomst, men har få eller ingen ansatte og ingen indkomst fra salg af tjenester.;;;
2287;5;L;64.32.00;643200;tilpasset teskt;Trusters aktiviteter;Activities of trust, estate and agency accounts;Branchen omfatter administration af klient-, ejendoms- og bureaukonti, på vegne af flere begunstigede i henhold til en forvaltningsaftale, et testamente eller en agenturaftale. Branchen omfatter også aktiviteter i selskaber, der ejer ikke-kontrollerende andele i andre selskaber og ikke har øvrig aktivitet.;- administration af klient-, ejendoms- og bureaukonti, på vegne af flere begunstigede i henhold til en forvaltningsaftale, et testamente eller en agenturaftale;"- aktiviteter i selskaber der ejer ikke-kontrollerende andele i andre selskaber og ikke har anden aktivitet
- venturekapitalselskabers aktiviteter, hvor den eneste finansiering er gennem aktier og der ikke modtages gebyr
- aktiviteter i fonde, som ikke har et klart formål om produktion eller velgørenhed";"- at rejse midler ved at udstede aktier eller andele og fungere som pengemarkedsfonde, jf. 64.31.10
- at rejse midler ved at udstede aktier eller andele og fungere som kollektive investeringsordninger, undtagen pengemarkedsfonde, jf. 64.31.20"
2288;3;L;64.9;649;;Andre finansielle tjenesteydelser, undtagen forsikring og pensionsforsikring;Other financial service activities, except insurance and pension funding;"Denne gruppe omfatter anden pengeinstitut- og finansieringsaktiviteter undtagen forsikring og pensionsforsikring end monetære institutioner, holdingselskaber og finansieringsconduites samt forvaltnings-, fonds- og lignende enheders aktiviteter.

Gruppen omfatter ikke:
- forsikrings- og pensionsforsikringsaktiviteter, jf. hovedgruppe 65";;;
2289;4;L;64.91;6491;;Finansiel leasing;Financial leasing;Denne undergruppe omfatter finansielle leasing, en kontrakt under hvilken udlejeren, som juridisk ejer af et aktiv, overdrager risici og fordele ved ejerskab af aktivet til lejeren. Udlejeren er forpligtet til at yde lejeren et lån, hvormed lejeren overtager alle økonomiske fordele og risici ved lejen. Det lejede aktiv står derefter på lejerens balance og ikke udlejerens. Det tilsvarende lånebeløb står som udlejerens aktiv og lejerens gældsforpligtelse.;;;
2290;5;L;64.91.00;649100;;Finansiel leasing;Financial leasing;"Branchen omfatter finansiel leasing, hvor lejeperioden omtrent dækker aktivets levetid. Ved finansiel leasing er det lejer, som har alle risici ved at eje aktivet. Aktivet kan senere overdrages til udlejeren. 

Virksomheder, der beskæftiger sig med operationel leasing, henvises til brancher, der starter med 77.";;- finansiel leasing af varige forbrugsgoder, fx køretøjer;- operationel leasing i henhold til den lejede varetype, jf. hovedgruppe 77
2291;4;L;64.92;6492;;Anden kreditformidling;Other credit granting;Denne undergruppe omfatter finansielle tjenesteydelser, der primært vedrører formidling ved at pådrage sig forpligtelser i andre form end valuta, indskud eller tætte substitutionsprodukter for indskud, hvor bevilling af kredit kan antage forskellige former såsom lån, prioritetslån og kreditkort mv.;;;
2292;5;L;64.92.10;649210;;Realkreditinstitutters aktiviteter;Real estate credit institutions' activities;Branchen omfatter ydelse af lån mod registreret pant i fast ejendom på grundlag af udstedelse af realkreditobligationer eller andre værdipapirer.;"- aktiviteter i forbindelse med ydelse af lån mod registreret pant i fast ejendom, som finansieres ved udstedelse af obligationer, fx: 
• kreditgivning af specialiserede ikke-indskudsinstitutter, i forbindelse med køb af fast ejendom";;"- kreditgivning af specialiserede indskudsinstitutioner, jf. 64.19.00
- finansiel leasing, jf. 64.91.00
- sekuritisering af andre aktiver end lån, jf. 64.99.90
- operationel leasing i henhold til den lejede varetype, jf. hovedgruppe 77
- legataktiviteter i medlemsorganisationer, jf. 94.99.00"
2293;5;L;64.92.20;649220;;Andre kreditinstitutters aktiviteter;Other credit institutions' activities;Branchen omfatter ydelse af lån for egen regning, som finansieres af midler fra offentligheden, undtagen indlån, der skal betales tilbage.;"- aktiviteter i forbindelse med ydelse af lån for egen regning, som finansieres af midler fra offentligheden (undtagen indlån), der skal betales tilbage, fx:
• kreditgivning af specialiserede ikke-indskudsinstitutter, i forbindelse med andet end køb af fast ejendom";;
2294;5;L;64.92.30;649230;;Andre kreditselskabers aktiviteter;Other credit companies' activities;Branchen omfatter aktiviteter i forbindelse med ydelse af kredit til forbrugere og ikke-finansielle virksomheder, men indlån modtages ikke.;"- aktiviteter i forbindelse med ydelse af kredit til forbrugere og ikke-finansielle virksomheder, men ikke modtagelse af indlån. Aktiviteterne kan bestå af pengeudlån uden for banksystemet, fx:
• kreditkortselskaber
• forbrugerkreditselskaber
• factoring
• pantelånere
- bevilling af forbrugerkredit af ikke-indskudsinstitutioner
- international handelsfinansiering
- levering af langsigtet finansiering til industrien
- levering af banklignende tjenesteydelser uden tilladelse til at drive bankvirksomhed i samarbejde med en godkendt bank
- sekuritisering af lån
- factoring og finansieringsaktiviteter i forsyningskæden";;"- kreditgivning af specialiserede indskudsinstitutioner, jf. 64.19.00
- finansiel leasing, jf. 64.91.00
- sekuritisering af andre aktiver end lån, jf. 64.99.90
- operationel leasing i henhold til den lejede varetype, jf. hovedgruppe 77
- legataktiviteter i medlemsorganisationer, jf. 94.99.00"
2295;4;L;64.99;6499;;Andre finansielle tjenesteydelser, undtagen forsikring og pensionsforsikring i.a.n.;Other financial service activities, except insurance and pension funding n.e.c.;;;;
2296;5;L;64.99.10;649910;;Investering for egen regning;Investment of own funds;"Branchen omfatter investering for egen regning, herunder pleje af egen formue, fx hvis tidligere økonomiske aktivitet er solgt fra.

Formueforvaltning på honorar- eller kontraktbasis af andres midler henvises til 66.30.00.";- investering af egne midler;;- formueforvaltning på honorar- eller kontraktbasis, jf. 66.30.00
2297;5;L;64.99.90;649990;"konsitensrettet ""kapital"" + tilføjelse";Anden finansiel formidling i.a.n.;Other financial intermediation n.e.c.;Branchen omfatter finansielle tjenesteydelser, der primært vedrører distribution af midler på andre måder end långivning. Branchen omfatter også handel på finansmarkeder mv. for egen regning.;"- investerings- og handelsaktiviteter for egen regning, fx ved venturekapitalselskaber eller investeringsklubber
- andre finansielle tjenesteydelser, der primært vedrører distribution af midler på andre måder end långivning:
• tegning af swaps, optioner og andre sikringsarrangementer
• aktiviteter i viatiske afviklingsselskaber
- funktion som modpart ved klarering og berigtigelse af transaktioner";"- handel på finansmarkeder for egen regning
- handel med tilgodehavender for egen regning
- dealere med værdipapirer og derivater (for egen regning)
- FVC-selskabers aktiviteter, bortset fra sekuritisering
- sekuritiseringstransaktioner af aktiver, undtagen lån, ved udstedelse af finansielle instrumenter
- handel med swaps eller options for egen regning
- handel med råvarekontrakter for egen regning
- udstedelse af kryptoaktiver med en tilsvarende forpligtelse (ikke af en monetær myndighed)
- handel med kryptoaktiver med en tilsvarende forpligtelse for egen regning (dvs. som passiver, der kvalificeres som værdipapirer)
- veksling af valuta for egen regning";"- venturekapitalselskaber, hvor den eneste finansiering er ved aktier, og der ikke modtages gebyr, jf. 64.32.00
- udstedelse af kryptoaktiver uden en tilsvarende forpligtelse (ikke af en monetær myndighed), jf. 63.10.00
- finansiel leasing, jf. 64.91.00
- sekuritisering af lån, jf. 64.92.30
- handel med værdipapir- og varekontrakter på andres vegne (kurtage), jf. 66.12.00
- valutaveksling på honorarbasis, fx bureaux de change/vekslingsbureauer, jf. 66.12.00
- agentaktiviteter med kryptoaktiver, jf. 66.12.00
- agentaktiviteter med pantebreve, jf. 66.19.00
- forvaltning af investeringsfonde, jf. 66.30.00
- handel med, leasing og udlejning af fast ejendom, jf. hovedgruppe 68
- inddrivelse af forfaldne beløb uden gældsopkøb, jf. 82.91.00
- legataktiviteter i medlemsorganisationer, jf. 94.99.00"
2298;2;L;65;65;;Forsikring, genforsikring og pensionsforsikring, undtagen lovpligtig socialforsikring;Insurance, reinsurance and pension funding, except compulsory social security;"Denne hovedgruppe omfatter tegning af livrente- og forsikringspolicer og anden forsikring samt investering af præmier for at opbygge en portefølje af finansielle aktiver, der skal bruges mod fremtidige krav. Omfatter levering af direkte forsikring, pensionsforsikring og genforsikring.

Denne hovedgruppe omfatter ikke:
- levering af forsikringsrelaterede tjenesteydelser på honorar- eller kontraktbasis, jf. hovedgruppe 66";;;
2299;3;L;65.1;651;;Forsikring;Insurance;"Denne gruppe omfatter livsforsikring med eller uden et væsentligt opsparingselement og anden forsikring.

Gruppen omfatter:
- livsforsikring og genforsikring af liv, med eller uden et væsentligt opsparingselement og anden forsikring
- forsikringsleverandørers aktiviteter for egen regning
- samling og påtagelse af forsikringsrisici

Gruppen omfatter også koncerninterne forsikringsaktiviteter.

Gruppen omfatter ikke:
- salg af forsikring som mægler, jf. 66.22.00";;;
2300;4;L;65.11;6511;;Livsforsikring;Life insurance;;;;
2301;5;L;65.11.00;651100;;Livsforsikring;Life insurance;Branchen omfatter tegning af livsforsikrings-, indkomst- og forsikringspolicer i tilfælde af død.;"- ophørende livsforsikring eller livrente
- permanent livsforsikring
- forsikringstegning af livrente- og livsforsikringspolicer, indkomstforsikringspolicer ved handicap, dødsfald som følge af ulykke, begravelse og lemlæstelse (med eller uden et væsentligt opsparingselement)";"- supplerende forsikring, ud over livsforsikring, navnlig forsikring mod personskade, herunder uarbejdsdygtighed, ulykkesforsikring med dødsfaldsdækning og forsikring mod invaliditet som følge af ulykke eller sygdom
- typer af permanent livsforsikring, der ikke kan opsiges";
2302;4;L;65.12;6512;;Anden forsikring;Non-life insurance;;;;
2303;5;L;65.12.00;651200;;Anden forsikring;Non-life insurance;"Branchen omfatter forsikring af enhver art, der ikke er livsforsikring.

Forsikringsagenter og -mægleres aktiviteter henvises til 66.22.00.";"- levering af andre forsikringstjenesteydelser end livsforsikring, fx:
• ulykkesforsikring
• syge- og sundhedsforsikring
• rejseforsikring
• ejendomsforsikring mod skader efter brand og naturkræfter
• anden ejendomsskadeforsikring
• motorkøretøjs-, rullende materiel-, skibs-, fly- og anden transportforsikring
- fragtforsikring, fx:
• forsikring mod økonomisk tab
• ansvarsforsikring
- kreditforsikring
- retshjælpsforsikring
- indtægtssikring
- arbejdsskadeserstatning";- forsikringsaktiviteter udøvet af filialer af udenlandsk forsikringsselskab;"- forsikringsagenter og -mægleres aktiviteter, jf. 66.22.00
- tvungen socialsikringsordning, jf. 84.30.00"
2304;3;L;65.2;652;;Genforsikring;Reinsurance;;;;
2305;4;L;65.20;6520;;Genforsikring;Reinsurance;;;;
2306;5;L;65.20.00;652000;;Genforsikring;Reinsurance;Branchen omfatter overtagelse af hele eller del af risikoen forbundet med forsikringspolicer, som er tegnet af andre forsikringsselskaber.;- aktiviteter ved overtagelse af hele eller dele af risikoen forbundet med eksisterende forsikringspolicer, som oprindeligt er tegnet af andre forsikringsselskaber;- finansiel genforsikring;
2307;3;L;65.3;653;;Pensionsforsikring;Pension funding;;;;
2308;4;L;65.30;6530;;Pensionsforsikring;Pension funding;Denne undergruppe omfatter levering af pensionsydelse udelukkende til sponsorens medarbejdere eller medlemmer og andre forsikringsprodukter, der reguleres som arbejdsmarkedsorienterede midler. Dette omfatter pensionsplaner med definerede ydelser samt definerede bidrag.;;;
2309;5;L;65.30.10;653010;;Pensionskassers aktiviteter;Activities of pension funds;Branchen omfatter pensionskassers aktiviteter, fx foreninger eller sammenslutninger, hvis formål er at udbetale pension efter ensartede regler til medlemmer, som er uddannet inden for bestemte uddannelsesområder eller er ansat i bestemte virksomheder.;- foreningers udbetaling af pensionsydelser til medlemmerne;;"- forvaltning af pensionsforsikring, jf. 66.30.00
- tvungen socialsikringsordning, jf. 84.30.00"
2310;5;L;65.30.20;653020;;Anden pensionsforsikring;Pension insurance;Branchen omfatter firmapensionskasser, som udbetaler pension på normale forsikringsvilkår.;"- levering af pensionsforsikring og -planer
- levering af pensionsordninger";;
2311;2;L;66;66;;Aktiviteter i forbindelse med finansielle tjenesteydelser og forsikringsaktiviteter;Activities auxiliary to financial services and insurance activities;"Denne hovedgruppe omfatter levering af tjenesteydelser i forbindelse med eller til støtte af finansielle transaktioner med finansielle aktiver og forpligtelser uden at overtage ejerskabet over de finansielle aktiver og forpligtelser i transaktionerne.

Disse tjenesteydelser kan leveres via/i forskellige medier/måder, herunder via internettet.";;;
2312;3;L;66.1;661;;Aktiviteter i forbindelse med finansielle tjenesteydelser, undtagen forsikring og pensionsforsikring;Activities auxiliary to financial services, except insurance and pension funding;Denne gruppe omfatter levering af fysiske eller elektroniske markedspladser med henblik på at fremme køb og salg af aktier, aktieoptioner, obligationer eller varekontrakter samt handel med kryptoaktiver med forpligtelser. Den omfatter også andre forskellige tjenesteydelser, herunder levering af finansiel rådgivning, kapitalforvaltning eller levering af egenkapital og gældsbaseret crowdfunding.;;;
2313;4;L;66.11;6611;;Forvaltning af kapitalmarkeder;Administration of financial markets;;;;
2314;5;L;66.11.00;661100;;Forvaltning af kapitalmarkeder;Administration of financial markets;Branchen omfatter tjenesteydelser tæt forbundet til kapitalmarkeder. Det kan være fysiske eller elektroniske markedspladser med henblik på at lette køb og salg af forskellige former for værdipapirer, fx vare- eller værdipapirbørser.;"- drift og overvågning af andre finansielle markeder, som ikke udøves af centralbanker og offentlige myndigheder, fx:
• varebørser
• børser for futures varekontrakter
• fondsbørser
• børser for aktier eller vareoptioner
• børser for kryptoaktiver
- forvaltning af kapitalmarkeder, undtagen forsikring og pensionsforsikring
- finanstilsyn vedrørende finansielle tjenesteydelser, undtagen forsikring og pension, som ikke udøves af centralbanker og offentlige myndigheder";;"- energibørser for elektricitet, transmissions- eller distributionskapacitet, jf. hovedgruppe 35
- forvaltning af kapitalmarkeder for forsikring og pensionsforsikring, jf. 66.29.00
- finanstilsyn i forbindelse med forsikrings- og pensionsforsikring (ikke udøvet af centralbanker eller offentlige myndigheder), jf. 66.29.00
- finansiel regulering og markedsregulering i forbindelse med god forretningsskik, forbrugerbeskyttelse og andre bredere finansielle regulatoriske aktiviteter, jf. 84.13.00"
2315;4;L;66.12;6612;;Værdipapir- og varemægling;Security and commodity contracts brokerage;;;;
2316;5;L;66.12.00;661200;;Værdipapir- og varemægling;Security and commodity contracts brokerage;Branchen omfatter tjenesteydelser, primært udført af mæglere, tæt forbundet til handel med aktier, obligationer og varer for andre, fx fondsbørsmæglere, varebørsmæglere og valutahandlere.;"- handel på finansmarkeder på andres vegne (fx børsagentaktiviteter) og beslægtede aktiviteter
- agentaktiviteter med værdipapirer
- agentaktiviteter med investeringsbeviser
- agentaktiviteter med standardiserede varekontrakter
- valutahandel på andres vegne
- agentaktiviteter med kryptoaktiver baseret på passiver, der kvalificeres som værdipapirer
- valutaveksling på honorarbasis, fx bureaux de change
- egenkapitalbaseret crowdfunding
- gældsbaseret crowdfunding med lån og værdipapirer";- agentaktiviteter med værdipapirer til investeringsprojekter, fx vindmølle- eller solcelleparker;"- handel på finansmarkeder for egen regning, jf. 64.99.90
- veksling af valuta for egen regning, jf. 64.99.90
- porteføljeforvaltning på honorar- eller kontraktbasis, jf. 66.30.00
- køb og salg af ejendomsprojekter, fx vindmølle- eller solcelleparker, jf. hovedgruppe 68
- donationsbaseret fundraising, jf. 82.99.00
- handels- og agentaktiviteter med kryptoaktiver uden forpligtelser, jf. 82.99.00"
2317;4;L;66.19;6619;;Andre aktiviteter i forbindelse med finansielle tjenesteydelser, undtagen forsikring og pensionsforsikring;Other activities auxiliary to financial services, except insurance and pension funding;;;;
2318;5;L;66.19.00;661900;;Andre aktiviteter i forbindelse med finansielle tjenesteydelser, undtagen forsikring og pensionsforsikring;Other activities auxiliary to financial services, except insurance and pension funding;Branchen omfatter behandling af finansielle transaktioner, fx kreditkorttransaktioner, samt investeringsrådgivning og realkreditmæglere.;"- finansielle tjenesteydelser, der ikke er nævnt andetsteds, fx: 
• behandling af finansielle transaktioner og afregning, herunder digital (eller internetbaseret) betaling og afregning af kreditkorttransaktioner
• investeringsrådgivning, herunder robo-advisors
• lånerådgivning og -agentaktiviteter
• leverandører af digitale virtuelle tegnebøgers aktiviteter
• finansrådgiveres aktiviteter i forbindelse med fusioner og opkøb
• validering og mining af kryptoaktiver, der anses som finansielle aktiver
• værdipapirdepot
• tokenisering af digitale aktiver, fx sikkerhedstokens";"- skatterefusionskontorers aktiviteter
- mægling af forbrugerkredit
- betalingsformidling, fx elektroniske pengeoverførselstjenester, herunder peer-to-peer-betalingstjenester
- analyser af finansmarkeder som rådgivningstjeneste";"- offentliggørelse af finansmarkedsanalyser, jf. 58.19.00
- informationssøgetjenester vedrørende finansmarkeder, jf. 63.92.00
- børser for kryptoaktiver, jf. 66.11.00
- agentaktiviteter, jf. 66.12.00
- forsikringsagenter og -mægleres aktiviteter, jf. 66.22.00
- forvaltning af midler, jf. 66.30.00
- aktiviteter i inkassobureauer og administratorer af misligholdte lån, jf. 82.91.00
- handels- og agentaktiviteter med kryptoaktiver uden forpligtelser, jf. 82.99.00"
2319;3;L;66.2;662;;Aktiviteter i forbindelse med forsikring og pensionsforsikring;Activities auxiliary to insurance and pension funding;"Denne gruppe omfatter optræden som agenter (dvs. mæglere) ved salg af livrente- og forsikringspolicer eller levering af andre personaleydelser og forsikrings- og pensionsbeslægtede ydelser, som fx erstatning og administration for tredjepart.

Gruppen omfatter ikke:
- samling og påtagelse af forsikringsrisici ved tegning, jf. hovedgruppe 65";;;
2320;4;L;66.21;6621;;Risiko- og skadesvurdering;Risk and damage evaluation;;;;
2321;5;L;66.21.00;662100;;Risiko- og skadesvurdering;Risk and damage evaluation;Branchen omfatter opgørelse af erstatning og administration for tredjepart.;"- levering af tjenesteydelser ved administration af forsikringer, fx:
• vurdering af forsikringsskader
• risiko- og skadesvurdering
• havari- og tabsvurdering
• betaling af forsikringsskader";;"- vurdering af fast ejendom, jf. 68.31.10
- vurdering med andre formål, jf. 74.99.90
- efterforskningsaktiviteter, jf. 80.01.00"
2322;4;L;66.22;6622;;Forsikringsagenters og forsikringsmægleres aktiviteter;Activities of insurance agents and brokers;;;;
2323;5;L;66.22.00;662200;;Forsikringsagenters og forsikringsmægleres aktiviteter;Activities of insurance agents and brokers;Branchen omfatter formidling af livrente-, forsikrings- og genforsikringspolicer.;- forsikringsagenters og -mægleres aktiviteter (forsikringsformidlere) ved formidling af livrente- og forsikrings- og genforsikringspolicer;;
2324;4;L;66.29;6629;;Aktiviteter i forbindelse med forsikring og pensionsforsikring i.a.n.;Activities auxiliary to insurance and pension funding n.e.c.;;;;
2325;5;L;66.29.00;662900;;Aktiviteter i forbindelse med forsikring og pensionsforsikring i.a.n.;Activities auxiliary to insurance and pension funding n.e.c.;Branchen omfatter administration af bjærgning, aktuaraktiviteter og lignende tjenester, der er tæt forbundet med forsikring.;"- aktiviteter bestående af, eller tæt forbundet med, forsikring og pensionsforsikring (undtagen finansmægling, skadesopgørelse og forsikringsagenters aktiviteter):
• administration af bjærgning
• aktuaraktiviteter
• pensions- og forsikringsrådgivning
• forvaltning af kapitalmarkeder til forsikring og pensionsforsikring";- finanstilsyns aktiviteter i forbindelse med forsikrings- og pensionsforsikring (ikke af centralbank eller offentlige myndigheder);"- aktiviteter i forbindelse med bjærgning til søs, jf. 52.22.20
- udgivelse af forsikringssoftware/-applikationer, jf. 58.29.00"
2326;3;L;66.3;663;;Formueforvaltning;Fund management activities;;;;
2327;4;L;66.30;6630;;Formueforvaltning;Fund management activities;Denne undergruppe omfatter portefølje- og formueforvaltning, fx beslutningstagning vedrørende, hvilke investeringer der skal købes eller sælges, på honorar- eller kontraktbasis, for enkeltpersoner, virksomheder eller andre.;;;
2328;5;L;66.30.00;663000;;Formueforvaltning;Fund management activities;"Branchen omfatter forvaltning af andres formue på kontrakt- eller honorarbasis. 

Forvaltning af egne midler henvises til 64.99.10 og 64.99.90.";"- forvaltning af investeringsforeninger
- forvaltning af andre investeringsfonde
- forvaltning af pensionsforsikringer";"- formueforvaltning på honorar- eller kontraktbasis
- trust-, forvaltnings- og depottjenester på honorar- eller kontraktbasis";"- investering af egne midler, jf. 64.99
- handel på finansmarkeder for egen regning, jf. 64.99.90
- forvaltning af fast ejendom, jf. hovedgruppe 68
- forvaltning af offentlige midler og servicering af offentlig gæld, jf. 84.11.00"
2329;1;M;M;M;;AKTIVITETER I FORBINDELSE MED FAST EJENDOM;REAL ESTATE ACTIVITIES;"Denne hovedafdeling omfatter aktiviteter i forbindelse med at eje, udleje, købe, sælge, udvikle eller renovere (videreudvikle) ejendomme. Den omfatter forskellige typer af investorer i fast ejendom, fx ejendomsinvesteringsselskaber, investeringsselskaber som primært investerer i fast ejendom, formueforvaltningsfirmaer inden for fast ejendom, ejendomsmidler, ejendomsudviklingsselskaber eller ejendomshandlere samt andelsboligselskaber.

Hovedafdelingen omfatter desuden agenter og/eller mæglere inden for et eller flere af følgende områder: 
- køb og salg af fast ejendom
- udlejning af fast ejendom
- levering af anden ejendomsservice, fx vurdering af fast ejendom eller funktion som ejendomsdepositarer

Aktiviteter i denne hovedafdeling kan udføres på egen eller lejet fast ejendom og kan udføres på honorar- eller kontraktbasis.

Denne hovedafdeling omfatter også udvikling af byggeprojekter til egne bygninger og anlægsarbejder til senere salg eller udlejning.

Denne hovedafdeling omfatter ikke:
- generelle bygge- og anlægsaktiviteter, specialiserede bygge- og anlægsaktiviteter samt anlægsarbejder, jf. hovedafdeling F";;;
2330;2;M;68;68;;Aktiviteter i forbindelse med fast ejendom;Real estate activities;;;;
2331;3;M;68.1;681;;Aktiviteter i forbindelse med egen fast ejendom og gennemførelse af byggeprojekter;Real estate activities with own property and development of building projects;"Denne gruppe omfatter aktiviteter i forbindelse med køb, udvikling og salg af egen fast ejendom.

Gruppen omfatter ikke:
- generel bygge- og anlægsarbejder og bygge- og anlægsarbejder, som kræver specialisering, samt anlægsarbejder, jf. hovedafdeling F
- arkitekt- og ingeniøraktiviteter samt lignende teknisk rådgivning, jf. 71.1
- levering af arkitekt- og ingeniørprojektadministrationtjenester til byggeprojekter, jf. 71.1";;;
2332;4;M;68.11;6811;;Køb og salg af egen fast ejendom;Buying and selling of own real estate;;;;
2333;5;M;68.11.00;681100;;Køb og salg af egen fast ejendom;Buying and selling of own real estate;"Branchen omfatter køb og salg af fast ejendom, fx beboelsesejendomme, boliger, erhvervsbygninger og jord samt udstykning heraf. 

Udstykning og modning af selvejet jord til senere salg henvises til 68.12.00.";"- køb og salg af egen fast ejendom, fx:
• beboelsesejendomme og boliger
• erhvervsbygninger, herunder kontor- og industribygninger, pakhuse, hoteller og andre sportsbygninger, udstillingslokaler, self storage-faciliteter, detailbutikker og indkøbscentre
• datacentre
• jord";- udstykning af fast ejendom i jordstykker, uden byggemodning;"- udstykning og modning af selvejet jord til senere salg, jf. 68.12.00
- gennemførelse af byggeprojekter til salg, jf. 68.12.00"
2334;4;M;68.12;6812;;Gennemførelse af byggeprojekter;Development of building projects;;;;
2335;5;M;68.12.00;681200;;Gennemførelse af byggeprojekter;Development of building projects;"Branchen omfatter udvikling af byggeprojekter, til egne bolig- og erhvervsbygninger, ved at samle finansielle, tekniske og fysiske midler. Branchen omfatter også udstykning og modning af jord til senere salg. 

Opførelse af bygninger henvises til 41.00.00.";"- udvikling af byggeprojekter til egne bolig- og erhvervsbygninger eller anlægsarbejder ved at samle finansielle, tekniske og fysiske midler til at realisere byggeprojekterne til senere salg
- udstykning og modning af selvejet jord til senere salg";- videreudvikling af byggeprojekter til egne bolig- og erhvervsbygninger eller anlægsarbejder for at realisere byggeprojekterne til senere salg;"- opførelse af bygninger, jf. hovedgruppe 41.00.00
- komplet ombygning eller renovering af eksisterende bolig- eller erhvervsbygninger, der omfatter forskellige former for bygge- og anlægsarbejder, som kræver specialisering, jf. hovedgruppe 41.00.00
- maler- og glarmesteraktiviteter som del af vedligeholdelse, jf. 43.34
- byggeaktiviteter i forbindelse med byggemodning, jf. hovedafdeling F
- gennemførelse af byggeprojekter til egen drift, dvs. til udlejning af lokaler i disse bygninger, jf. 68.20
- arkitekt- og ingeniøraktiviteter, jf. 71.1
- levering af arkitekt- og ingeniørprojektadministrationtjenester til byggeprojekter, jf. 71.12.10"
2336;3;M;68.2;682;;Udlejning af og aktiviteter i forbindelse med egen eller leaset fast ejendom;Rental and operating of own or leased real estate;;;;
2337;4;M;68.20;6820;;Udlejning af og aktiviteter i forbindelse med egen eller leaset fast ejendom;Rental and operating of own or leased real estate;;;;
2338;5;M;68.20.10;682010;;Udlejning af almennyttige boliger;Rental non-profit housing;"Branchen omfatter udlejning af almennyttige boliger, fx af selvejende boligselskaber. 

Forretningsførerselskaber henvises til 68.32.10 og private andelsboligforeninger til 68.20.20.";"- almennyttige boligselskaber oprettet efter godkendelse af kommunalbestyrelsen (før 31. december 1988 af Boligministeriet). De kan være organiseret som almennyttige andelsboligforeninger, selvejende boligselskaber eller garantiselskaber
- de fleste selskaber har kun aktivitet i en kommune og er opdelt i afdelinger således at, hver enkelt bebyggelse udgør en selvstændig afdeling, der er økonomisk uafhængig af de andre afdelinger i selskabet
- der er ikke knyttet nogen individuel ejerrettighed til beboelsen af almennyttige boliger
- gennemførelse af byggeprojekter til egen drift, dvs. til udlejning af almennyttige boliger";"- handicapegnede boliger
- ungdomsboliger
- kollegier
- udlejning af tage, fx til installation af solceller eller reklamer";"- private andelsboligforeninger, jf. 68.20.20
- de (normalt landsdækkende) selskaber inden for den almennyttige sektor i deres egenskab af forretningsførerselskaber, jf. 68.32.10
- plejehjem med sygepleje, jf. 87.10.10
- udlejning af beskyttede boliger, jf. 87.30.20"
2339;5;M;68.20.20;682020;;Udlejning af private andelsboliger;Rental of private cooperative housing;"Branchen omfatter udlejning af private andelsboliger. 

Udlejning af beskyttede boliger henvises til 87.30.20.";"- private andelsboligforeninger har til formål at eje og drive en ejendom på andelsbasis. Foreningens medlemmer har andel i foreningens formue, og den enkelte andelshaver har brugsret til en lejlighed i ejendommen. Private andelsboligforeninger kan være oprettet enten ved, at lejerne i en eksisterende ejendom har erhvervet ejendommen på andelsbasis eller som nyopførte statsstøttede andelsboliger
- gennemførelse af byggeprojekter, til egen drift, dvs. til udlejning af private andelsboliger";- udlejning af tage, fx til installation af solceller eller reklamer;"- de (normalt landsdækkende) selskaber inden for den almennyttige sektor i deres egenskab af forretningsførerselskaber, jf. 68.32.10
- udlejning af beskyttede boliger, jf. 87.30.20"
2340;5;M;68.20.30;682030;;Anden udlejning af boliger;Other rental of housing;Branchen omfatter udlejning af boliger inklusiv beboelsesejendomme, fx lejligheder, der er møblerede eller umøblerede, på årsbasis eller længere samt drift af pladser til beboelsesvogne som primær bolig. Branchen omfatter også udlejning af tage til installation af solceller eller reklamer.;"- udlejning af boliger inklusiv beboelsesejendomme
- boliger og møblerede eller umøblerede lejligheder til mere permanent brug, på årsbasis eller længere
- drift af pladser til beboelsesvogne som primær bolig
- gennemførelse af byggeprojekter, til egen drift, dvs. til anden udlejning af boliger";"- udlejning af tage, fx til installation af solceller eller reklamer
";"- gennemførelse af byggeprojekter til bolig, til senere salg, jf. 68.12.00
- plejehjem med sygepleje, jf. 87.10.10
- udlejning af beskyttede boliger, jf. 87.30.20
- institutionspleje af ældre eller handicappede, herunder overvågning og hjælp til dagligdagen, jf. 87.30"
2341;5;M;68.20.40;682040;;Udlejning af erhvervsejendomme;Rental of commercial properties;Branchen omfatter udlejning af erhversejendomme, fx kontor- og industribygninger, kontorhoteller, self storage-faciliteter mv. Branchen omfatter også gennemførelse af byggeprojekter med henblik på egen udlejning af erhvervsejendom.;"- udlejning af og aktiviteter i forbindelse med egen eller leaset fast ejendom:
• erhvervsejendomme, herunder kontorbygninger, industribygninger, pakhuse, hoteller og andre sportsbygninger, udstillingslokaler, self storage-faciliteter, detailbutikker og indkøbscentre samt datacentre
- udlejning af landbrugsarealer, -ejendomme og skovbrugsarealer
- gennemførelse af byggeprojekter, til egen drift, dvs. til udlejning af erhvervsejendomme";"- udlejning af anlæg og fabrikker, herunder med maskiner og udstyr
- udlejning af tage, fx til installation af solceller eller reklamer
- udlejning fast ejendom til dyrepension";"- drift af hoteller, suitehoteller, ferieboliger, kollegieejendomme, campingpladser og andre overnatningssteder med erhvervsformål eller kortvarige ophold (herunder studenterboliger) i mindre end et år, jf. hovedgruppe 55
- gennemførelse af byggeprojekter til bolig- og erhvervsbygninger, til senere salg, jf. 68.12.00
- udlejning af maskiner, jf. 77.3
- tjenester ifm. kæledyr, fx pension, opstaldning, pasning og dressur, jf. 96.99.00"
2342;3;M;68.3;683;;Aktiviteter i forbindelse med fast ejendom på honorar- eller kontraktbasis;Real estate activities on a fee or contract basis;;;;
2343;4;M;68.31;6831;;Formidlingsaktiviteter i forbindelse med fast ejendom;Intermediation service activities for real estate activities;"Denne undergruppe omfatter formidling af køb, salg og udlejning af fast ejendom ved at bringe kunder og sælgere eller tjenesteudbydere sammen mod et gebyr eller en provision. Denne formidlingsaktivitet kan udføres på digitale platforme eller via ikke-digitale kanaler (ansigt til ansigt, herunder dørsælger, telefon og post mv.). 

Gebyret eller provisionen kan modtages enten fra kunden eller sælgeren af den faste ejendom eller leverandøren af tjenesteydelsen vedrørende fast ejendom. Indtægter for formidlingen kan omfatte andre indtægtskilder, fx indtægter fra salg af reklameplads til tredjepart.

Denne undergruppe omfatter aktiviteter i forbindelse med fast ejendom eller uafhængige ejendomsmæglere.";;;
2344;5;M;68.31.10;683110;;Ejendomsmægleres aktiviteter;Real estate agents' activitities;"Branchen omfatter formidling af køb og salg af fast ejendom. 

Juridiske aktiviteter henvises til 69.10.00.";- mægling i forbindelse med køb, salg og udlejning af fast ejendom på honorar- eller kontraktbasis;- annoncetjenester i forbindelse med fast ejendom;"- ejendomsdepositarers aktiviteter, jf. 68.32.10
- juridiske aktiviteter, jf. 69.10.00"
2345;5;M;68.31.20;683120;tilpasset teskt;Boliganvisning;Housing intermediation;Branchen omfatter formidling af udlejning af boliger.;- formidling af udlejning af boliger;;
2346;4;M;68.32;6832;;Andre aktiviteter i forbindelse med fast ejendom på honorar- eller kontraktbasis;Other real estate activities on a fee or contract basis;;;;
2347;5;M;68.32.10;683210;;Administration af fast ejendom på kontraktbasis;Management of real estate on a contract basis;"Branchen omfatter administration af fast ejendom, fx huslejeopkrævning, forvaltning og ejendomsvurdering. 

Juridiske aktiviteter henvises til 69.10.00.";"- huslejeopkrævningsbureauer
- forvaltning af fast ejendom, fx ejendomsadministration af fast ejendom eller boliger i sameje (sker fortrinsvis på honorar- eller kontraktbasis)
- ejendomsvurdering
- ejendomsdepositarers aktiviteter";;"- juridiske aktiviteter, jf. 69.10.00
- formueforvaltning som led i rådgivning om finansiel forvaltning, jf. 70.20.00
- levering af kombinerede hjælpetjenester i forbindelse med drift af en kundes faste ejendom (en kombination af flere tjenester, fx generel rengøring, vedligeholdelse og mindre reparationer, bortskaffelse af affald, vagt og sikkerhed), jf. 81.10.00"
2348;5;M;68.32.20;683220;;Drift af ejerforeninger;Administration of housing owners' associations;Branchen omfatter drift af ejerforeninger, fx ejerlejligheds-, grundejer- og kolonihaveforeninger.;"- drift af ejerlejlighedsforeninger
- drift af grundejerforeninger og kolonihaveforeninger";"- kystsikringslaug
- antenneforeninger";- sendesamvirke, jf. 61.90.00
2349;1;N;N;N;;LIBERALE, VIDENSKABELIGE OG TEKNISKE AKTIVITETER;PROFESSIONAL, SCIENTIFIC AND TECHNICAL ACTIVITIES;Denne hovedafdeling omfatter specialiserede liberale, videnskabelige og tekniske aktiviteter. Disse aktiviteter kræver høj faglighed og stiller specialviden og faglig ekspertise til rådighed for brugere og kunder.;;;
2350;2;N;69;69;;Juridiske og regnskabsmæssige aktiviteter;Legal and accounting activities;"Denne hovedgruppe omfatter advokatbistand i forbindelse med en parts interesser over for en anden part, uanset om sagen er indbragt for domstolene eller andre retsinstanser, eller behandles under supervision af medlemmer af advokatstanden, fx rådgivning og repræsentation i civile søgsmål, rådgivning og repræsentation i straffesager eller rådgivning og repræsentation i forbindelse med faglige konflikter. 
 
Ydelserne i denne hovedgruppe kan også leveres online.

Hovedgruppen omfatter desuden udarbejdelse af juridisk dokumenter, fx stiftelsesoverenskomster, interessentskabskontrakter og lignende dokumenter i forbindelse med stiftelse af selskaber, patenter og ophavsret, udfærdigelse af skøder, testamenter og båndlæggelser mv. samt andre aktiviteter, der udøves af offentlige notarer, fogeder, voldgiftsdommere, sagsbehandlere og opmænd. Den omfatter også revisionsaktiviteter, fx regnskabsrevision, udarbejdelse af årsregnskaber og bogføring.";;;
2351;3;N;69.1;691;;Juridiske aktiviteter;Legal activities;;;;
2352;4;N;69.10;6910;;Juridiske aktiviteter;Legal activities;;;;
2353;5;N;69.10.00;691000;;Juridiske aktiviteter;Legal activities;"Branchen omfatter juridiske aktiviteter, der udøves af advokater, fx udfærdigelse af skøder, testamenter, notarer, fogeder og rådgivning. Juridiske mæglingsaktiviteter og beskikkede værger er også placeret her. 

Domstolenes aktiviteter henvises til 84.23.00.";"- juridisk bistand i forbindelse med en parts interesser over for en anden part, uanset om sagen er indbragt ved domstolene eller andre retsinstanser, eller pågår under supervision af medlemmer af advokatstanden: 
• rådgivning og repræsentation i civile søgsmål
• rådgivning og repræsentation i straffesager
• rådgivning og repræsentation i forbindelse med faglige konflikter
- generel rådgivning og udarbejdelse af juridiske dokumenter:
• stiftelsesoverenskomster, interessentskabskontrakter og lignende dokumenter i forbindelse med stiftelse af et selskab 
• patenter og ophavsrettigheder
• udarbejdelse af skøder, testamenter, båndlæggelser mv.
- andre aktiviteter, der udøves af notarer, fogeder, voldgiftsdommere, sagsbehandlere og opmænd";"- juridiske mæglingsaktiviteter
- beskikkede værgers aktiviteter, uden pleje i institution";"- domstolenes aktiviteter, jf. 84.23.00
- social mægling, jf. 88.99.90"
2354;3;N;69.2;692;;"Bogføring og revision; skatterådgivning";"Accounting, bookkeeping and auditing activities; tax consultancy";;;;
2355;4;N;69.20;6920;;"Bogføring og revision; skatterådgivning";"Accounting, bookkeeping and auditing activities; tax consultancy";;;;
2356;5;N;69.20.00;692000;;"Bogføring og revision; skatterådgivning";"Accounting, bookkeeping and auditing activities; tax consultancy";Branchen omfatter bogføringsopgaver, udarbejdelse og revision af regnskaber, selvangivelser samt repræsentation over for skattemyndigheder.;"- registrering af erhvervsmæssige transaktioner fra virksomheder og andre
- bogføring til regnskabsaflæggelse, lønbogholderi mv.
- udarbejdelse eller revision af regnskaber
- gennemgang af regnskaber og revisionspåtegning
- udarbejdelse af selvangivelser for privatpersoner eller virksomheder
- regnskabsrådgivning og repræsentation af klienter over for skattemyndigheder, skatteankenævn og Landsskatteretten
- moms- og afgiftsberegningsaktiviteter";- faktureringsaktiviteter;"- levering af regnskabssoftware, jf. 62.10.00
- virksomhedsrådgivning vedrørende regnskabssystemer og budgetopfølgningsprocedurer, jf. 70.20.00
- inkassoaktiviteter, jf. 82.91.00"
2357;2;N;70;70;;Hovedsæders aktiviteter og ledelsesrådgivning;Activities of head offices and management consultancy;"Denne hovedgruppe omfatter rådgivning og bistand til virksomheder og andre organisationer vedrørende ledelsesmæssige opgaver, fx strategisk og organisatorisk planlægning, økonomisk planlægning og budgettering, marketingmål og -politikker, HR-politikker, -praksis og personaleplanlægning, produktionsplanlægning og styringsplanlægning.

Denne hovedgruppe omfatter desuden:
- ansvar for og styring af andre enheder i samme selskab eller koncern, dvs. hovedsædets aktiviteter";;;
2358;3;N;70.1;701;;Hovedsæders aktiviteter;Activities of head offices;;;;
2359;4;N;70.10;7010;;Hovedsæders aktiviteter;Activities of head offices;Denne undergruppe omfatter det at have ansvar for og styre andre enheder i selskabet eller koncernen, dvs. at agere hovedsæde, varetage rollen med strategisk og organisatorisk planlægning og beslutningstagning i selskabet eller foretagendet, udøve operationel kontrol og forestå den daglige drift af tilknyttede enheder. Disse aktiviteter er de samme uanset hvilke aktiviteter, som de styrede enheder udfører (økonomi og handel med industrivarer mv.).;;;
2360;5;N;70.10.10;701010;tilpasset teskt;Ikke-finansielle hovedsæders aktiviteter;Activities of non-financial head offices;Branchen omfatter operationel kontrol eller styring, fx af ikke-finansielle koncernenheders daglige drift.;"- central, distrikt- og regional administration for ikke-finansielle virksomheder
- tilsyn med og styring af andre ikke-finansielle enheder i selskabet eller foretagendet
- tilsyn med og styring af andre ikke-finansielle datterselskaber";;- aktiviteter i holdingselskaber, hvis formål er at eje andele i andre selskaber, jf. 64.21
2361;5;N;70.10.20;701020;tilpasset teskt;Finansielle hovedsæders aktiviteter;Activities of financial head offices;Branchen omfatter operationel kontrol eller styring, fx af finansielle koncernenheders daglige drift.;"- central, distrikt- og regional administration for finansielle virksomheder
- tilsyn med og styring af andre finansielle enheder i selskabet eller foretagendet
- tilsyn med og styring af andre finansielle datterselskaber";;- aktiviteter i holdingselskaber, hvis formål er at eje andele i andre selskaber, jf. 64.21
2362;3;N;70.2;702;;Virksomhedsrådgivning og anden ledelsesrådgivning;Business and other management consultancy activities;;;;
2363;4;N;70.20;7020;;Virksomhedsrådgivning og anden ledelsesrådgivning;Business and other management consultancy activities;;;;
2364;5;N;70.20.00;702000;;Virksomhedsrådgivning og anden ledelsesrådgivning;Business and other management consultancy activities;Branchen omfatter virksomhedsrådgivning og vejledning om bl.a. strategi, planlægning og udvikling.;"- rådgivning, vejledning og operationel bistand til virksomheder og den offentlige administration vedrørende: 
• udformning af regnskabsmetoder eller procedurer
• programmer til omkostningsregnskaber
• budgetopfølgningsprocedurer
• offentlige indkøbsprocedurer
• aktiviteter i forbindelse med virksomhedsopstart
• planlægning, organisation, effektivitet og styring
• arbejdsmiljø og sikkerhed, fx identifikation og dokumentation af risici
• ledelsesinformation mv.";"- ledelsescertificering, fx ledelsesevalueringer
- aktiviteter i administrationsselskaber, der udøver et direktør- eller ledelsesmandat";"- design af computersoftware til regnskabssystemer, jf. 62.10.00
- juridisk rådgivning og repræsentation, jf. 69.10.00
- regnskab, bogføring og revision, skatterådgivning, jf. 69.20.00
- tilsynsaktiviteter og administration af andre enheder i selskabet eller koncernen, jf. 70.10
- rådgivende arkitekt- og ingeniøraktiviteter, jf. 71.11.00 og 71.12
- rådgivning, vejledning og operationel bistand vedrørende public relations og kommunikation, jf. 73.30.00
- miljø-, landbrugs- og lignende konsulentaktiviteter, jf. 74.99
- headhunter- og rekrutteringskonsulentaktiviteter, jf. 78.10.00
- castingaktiviteter, jf. 78.10.00
- personaleformidling, jf. 78.10.00
- uddannelseskonsulentaktiviteter, jf. 85.69.00
- konsulentbistand vedrørende informationsteknologi, jf. 62.20.00"
2365;2;N;71;71;;"Arkitekt- og ingeniøraktiviteter; teknisk afprøvning og analyse";"Architectural and engineering activities; technical testing and analysis";"Denne hovedgruppe omfatter arkitekt- og ingeniøraktiviteter, projekteringsarbejde, bygningsinspektør- og -tilsynsaktiviteter og kortlægningsaktiviteter. 

Denne hovedgruppe omfatter desuden udførelse af fysiske og kemiske prøver og andre analysetjenester og tekniske certificeringstjenester.";;;
2366;3;N;71.1;711;;Arkitekt- og ingeniøraktiviteter og lignende teknisk rådgivning;Architectural and engineering activities and related technical consultancy;Denne gruppe omfatter arkitektaktiviteter, ingeniøraktiviteter, projekteringsarbejde, bygningsinspektør- og -tilsynsaktiviteter, kortlægningsaktiviteter og lignende.;;;
2367;4;N;71.11;7111;;Arkitektaktiviteter;Architectural activities;;;;
2368;5;N;71.11.00;711100;;Arkitektaktiviteter;Architectural activities;Branchen omfatter arkitektaktiviteter, fx bygningstegning, projekteringsarbejde og byplanlægning.;"- arkitektrådgivning:
• bygningskonstruktion og projektering
• byplanlægning og landskabsarkitektur
- arkitektoniske aktiviteter til støtte for bevaring og restaurering af kulturarvsejendomme
- indendørsarkitektur, dvs. konstruktionsændringer af en bygnings indvendige opbygning eller grundplan";;"- bygge- og anlægsarbejder i forbindelse med bevaring af historiske bygninger og konstruktioner, jf. 43.99.00
- it-konsulenters aktiviteter, jf. 62.20.00
- planlægning af eller tilsyn med bevaring af historiske ingeniørkonstruktioner, jf. 71.12
- indretning, jf. 74.13.00
- bevaring, restaurering og andre kulturarvsunderstøttende aktiviteter, jf. 91.30.00"
2369;4;N;71.12;7112;;Ingeniøraktiviteter og lignende teknisk rådgivning;Engineering activities and related technical consultancy;;;;
2370;5;N;71.12.10;711210;;Rådgivende ingeniøraktiviteter inden for byggeri og anlægsarbejder;Engineering activities within construction and construction works;Branchen omfatter rådgivende ingeniøraktiviteter inden for byggeri og anlægsarbejde, fx gennemarbejdning af og tilsyn med byggeprojekter, byggepladsingeniørarbejde og teknisk rådgivning samt udformning vedrørende naturbaseret infrastruktur.;"- teknisk udformning (dvs. anvendelse af fysikkens love og tekniske principper i udformningen af maskiner, materialer, instrumenter, strukturer, processer og systemer) samt rådgivning vedrørende: 
 • naturbaseret infrastruktur
 • projekter der involverer bygningsingeniørarbejde
 • projekter til forvaltning af vandressourcer
 • projekter der involverer vandbygningsteknisk arbejde
- udformning af bygningsinformationssystemer, fx relateret til varmeanlæg, brandslukkere mv.
- byggepladsingeniørarbejde
- gennemarbejdning af og tilsyn med projekter inden for byggeri og anlægsarbejder, hvori der indgår klimateknik, køleteknik, sanitet og miljøkontroludstyr, vvs-udstyr, spildevandsbehandling, konstruktionsteknik samt sundheds- og sikkerhedsteknik mv. ";"- tilsyn med bygge- og anlægsarbejder
- projektledelse i forbindelse med ingeniørarbejde inden for byggeri og anlæg";"- prøveboringer i forbindelse med råstofindvinding, jf. 09.10.00 og 09.90.00
- udgivelse af software, jf. 58.21.00 og 58.29.00
- udvikling og programmering af software, jf. 62.10.00
- it-konsulentarbejde, jf. 62.20.00
- udvikling af byggeprojekter, med henblik på salg, jf. 68.12.00
- udvikling af byggeprojekter, med henblik på drift, jf. 68.20.40
- teknisk afprøvning, jf. 71.20.20
- periodisk syn af motorkøretøjer med hensyn til vej- og trafiksikkerhed, jf. 71.20.20
- forsknings- og udviklingsaktiviteter inden for ingeniørvidenskab, jf. 72.10.00
- aktiviteter relateret til andet designarbejde, jf. 74.1
- luftfotografering, jf. 74.20.00
- mængde- og omkostningsberegningsarbejde ved byggeri, jf. 74.99.90"
2371;5;N;71.12.20;711220;;Rådgivende ingeniøraktiviteter inden for produktions- og maskinteknik;Engineering activities within production and mechanical engineering;Branchen omfatter rådgivning inden for produktions- og maskinteknik, fx maskinteknik og teknisk rådgivning samt projektgennemgang og tilsyn med projekter.;"- teknisk udformning (dvs. anvendelse af fysikkens love og tekniske principper i udformningen af maskiner, materialer, instrumenter, strukturer, processer og systemer) samt rådgivning vedrørende: 
 • maskiner, industrielle processer og industrianlæg
 • projekter der involverer trafikteknisk arbejde
- projektgennemarbejdning og tilsyn inden for produktions- og maskinteknik i forhold til elektroteknik, elektronik, polyteknik, kemoteknik, maskinteknik, driftsteknik og systemkonstruktion
- gennemarbejdning af og tilsyn med projekter inden for produktions- og maskinteknik, hvori der indgår klimateknik, køleteknik, sanitet og miljøkontroludstyr, vvs-udstyr, spildevandsbehandling, konstruktionsteknik, sundheds- og sikkerhedsteknik mv. 
- design af computermodeller til 3D print";- projektledelse i forbindelse med ingeniørarbejde inden for produktions- og maskinteknik;"- prøveboringer i forbindelse med råstofindvinding, jf. 09.10.00 og 09.90.00
- udgivelse af software, jf. 58.21.00 og 58.29.00
- udvikling og programmering af software, jf. 62.10.00
- it-konsulentarbejde, jf. 62.20.00
- udvikling af egne byggeprojekter med henblik på salg, jf. 68.12.00
- teknisk afprøvning, jf. 71.20.20
- periodisk syn af motorkøretøjer med hensyn til vejsikkerhed, fx personbiler og andre lette køretøjer samt lastvogne, jf. 71.20.20
- forsknings- og udviklingsaktiviteter inden for ingeniørvidenskab, jf. 72.10.00
- aktiviteter relateret til andet designarbejde, jf. 74.1
- luftfotografering, jf. 74.20.00
- mængde- og omkostningsberegningsarbejde ved byggeri, jf. 74.99.90"
2372;5;N;71.12.30;711230;;Rådgivende ingeniøraktiviteter inden for færdige fabriksanlæg;Engineering activities related to complete factory plants;"Branchen omfatter rådgivning og projektledelse ifm. levering og opstilling af færdige fabriksanlæg.

Opførelse af bygninger henvises til 41.00.00.";"- teknisk udformning (dvs. anvendelse af fysikkens love og tekniske principper i udformningen af maskiner, materialer, instrumenter, strukturer, processer og systemer) samt rådgivning vedrørende: 
- projektgennemarbejdning og tilsyn inden for færdige fabriksanlæg i forhold til elektroteknik, elektronik, polyteknik, kemoteknik, maskinteknik, driftsteknik og systemkonstruktion";- projektledelse i forbindelse med ingeniørarbejde inden for levering og opstilling af færdige fabriksanlæg;"- prøveboringer i forbindelse med råstofindvinding, jf. 09.10.00 og 09.90.00
- udgivelse af software, jf. 58.21.00 og 58.29.00
- udvikling og programmering af software, jf. 62.10.00
- it-konsulentarbejde, jf. 62.20.00
- udvikling af egne byggeprojekter med henblik på salg, jf. 68.12.00
- teknisk afprøvning, jf. 71.20.20
- periodisk syn af motorkøretøjer med hensyn til vejsikkerhed, fx personbiler og andre lette køretøjer samt lastvogne, jf. 71.20.20
- forsknings- og udviklingsaktiviteter inden for ingeniørvidenskab, jf. 72.10.00
- aktiviteter relateret til andet designarbejde, jf. 74.1
- luftfotografering, jf. 74.20.00
- mængde- og omkostningsberegningsarbejde ved byggeri, jf. 74.99.90"
2373;5;N;71.12.40;711240;;Geologiske undersøgelser og prospektering, landinspektører mv.;Geological surveying and prospecting;Branchen omfatter rådgivning og undersøgelser på jorden, under jorden og i vand, fx landmålings- og landinspektionsaktiviteter og teknisk udformning samt rådgivning vedrørende geofysiske, geologiske og seismiske undersøgelser.;"- gennemarbejdning af og tilsyn med projekter, hvori der indgår offshore og onshore skibsteknik, toneteknik mv. 
- geofysiske, geologiske og seismiske undersøgelser
- geodætiske overvågningsaktiviteter:
• landmålings- og landinspektionsaktiviteter
• hydrologiske undersøgelsesaktiviteter
• underjordiske undersøgelsesaktiviteter
- kartografiske og geografiske informationsaktiviteter
- projektgennemarbejdning og tilsyn i forhold til geoteknik";"- dybhavsmåling
- fotogrammetrisk opmåling, fx dataindsamling ved hjælp af droner
- udarbejdelse og revision af kort
- projektledelse i forbindelse med ingeniørarbejde inden for det geofysiske, geologiske og seismiske område";"- prøveboringer i forbindelse med råstofindvinding, jf. 09.10.00 og 09.90.00
- udgivelse af software, jf. 58.21.00 og 58.29.00
- udvikling og programmering af software, jf. 62.10.00
- it-konsulentarbejde, jf. 62.20.00
- udvikling af egne byggeprojekter med henblik på salg, jf. 68.12.00
- teknisk afprøvning, jf. 71.20.20
- periodisk syn af motorkøretøjer med hensyn til vejsikkerhed, fx personbiler og andre lette køretøjer samt lastvogne, jf. 71.20.20
- forsknings- og udviklingsaktiviteter inden for ingeniørvidenskab, jf. 72.10.00
- aktiviteter relateret til andet designarbejde, jf. 74.1
- luftfotografering, jf. 74.20.00
- mængde- og omkostningsberegningsarbejde ved byggeri, jf. 74.99.90"
2374;5;N;71.12.90;711290;;Anden teknisk rådgivning;Other technical consultancy;Branchen omfatter individuel rådgivning inden for sundhed og sikkerhed, cirkulær økonomi og miljøtekniske aktiviteter, fx energi- og varmekonsulentaktiviteter.;"- individuel teknisk rådgivning inden for:
• støjbekæmpelsesteknik
• sundheds- og sikkerhedsteknik
• tekniske løsninger til cirkulær økonomi
- andre miljøtekniske og relaterede rådgivningsaktiviteter i.a.n.
";;"- prøveboringer i forbindelse med råstofindvinding, jf. 09.10.00 og 09.90.00
- udgivelse af software, jf. 58.21.00 og 58.29.00
- udvikling og programmering af software, jf. 62.10.00
- it-konsulentarbejde, jf. 62.20.00
- udvikling af egne byggeprojekter med henblik på salg, jf. 68.12.00
- teknisk afprøvning, jf. 71.20.20
- periodisk syn af motorkøretøjer med hensyn til vejsikkerhed, fx personbiler og andre lette køretøjer samt lastvogne, jf. 71.20.20
- forsknings- og udviklingsaktiviteter inden for ingeniørvidenskab, jf. 72.10.00
- aktiviteter relateret til andet designarbejde, jf. 74.1
- luftfotografering, jf. 74.20.00
- mængde- og omkostningsberegningsarbejde ved byggeri, jf. 74.99.90"
2375;3;N;71.2;712;;Teknisk afprøvning og analyse;Technical testing and analysis;;;;
2376;4;N;71.20;7120;;Teknisk afprøvning og analyse;Technical testing and analysis;;;;
2377;5;N;71.20.10;712010;;Kontrol af levnedsmidler;Control of foodstuffs;Branchen omfatter kontrol og undersøgelser i forbindelse med levnedsmidler, fx dyrlægekontrol inden for fødevareproduktion.;- afprøvning og undersøgelser inden for fødevarehygiejne, inkl. afprøvning og kontrol i forhold til fødevareproduktion, fx dyrlægekontrol inden for fødevareproduktion;;"- DNA-sekvensering til almen forskning i biologiske processer, jf. 72.10.00
- test af prøver fra dyr af hygiejnehensyn og ikke i forbindelse med fødevareproduktion, jf. 75.00.00
- billeddiagnosticering, test og analyse af læge- eller tandlægeprøver, jf. hovedgruppe 86.91.00
- DNA-sekvensering til udelukkelse eller helbredelse af en bestemt sygdom, jf. 86.91.00"
2378;5;N;71.20.20;712020;rettelse, kamerainspektion flyttet ned i 712090;Teknisk afprøvning og kontrol;Technical testing and control;Branchen omfatter teknisk afprøvning og kontrol, fx fysisk, kemisk og anden analytisk afprøvning, typegodkendelse og drift af politilaboratorier.;"- fysisk, kemisk og anden analytisk afprøvning af alle typer af materialer og produkter, fx: 
• akustik- og vibrationsprøvning
• afprøvning af mineralers sammensætning og renhed mv.
• afprøvning af materialers fysiske karakteristika og egnethed, fx styrke, tykkelse, holdbarhed, radioaktivitet mv.
• egnetheds- og pålidelighedsprøvning
• præstationsprøvning af maskiner: motorer, køretøjer, elektronisk udstyr mv.
• radiografisk afprøvning af svejsesømme og samlinger
• fejlanalyse
• afprøvning af brændstofkvalitet
- typegodkendelse af produkter, herunder forbrugsvarer, motorkøretøjer, fly, trykbeholdere, atomanlæg mv.
- afprøvning ved hjælp af modeller eller simulatorer (fx af fly, skibe, dæmninger mv.)
- drift af kriminaltekniske eller retsmedicinske laboratorier
- aktiviteter til bestemmelse af produkters oprindelse og kvalitet";;"- stikprøveudtagning og vejning som en del af godshåndteringsaktiviteter, jf. 52.25.00
- penetrationstest af computersystemer, etisk hacking og cybersikkerhed, jf. hovedgruppe 62
- konsulentaktiviteter udført af selskaber eller fagfolk med henblik på at opnå certificering, jf. 70.20.00"
2379;5;N;71.20.90;712090;tilpasset teskt;Anden måling og teknisk analyse;Other measurement and technical analysis;Branchen omfatter måling og teknisk analyse vedrørende bygningsberegninger og miljøteknik, fx måling af miljøindikatorer.;"- miljøtekninske målinger og analyser, fx:
• afprøvning og måling af miljøindikatorer: luft- og vandforurening mv.
- analyse af bygningsberegninger";- kamerainspektion i luftkanaler, spildevands-, vand- og gasledninger, ikke i forbindelse med reparation og installation;- inspektion af ventilationskanaler, vand- og gasledninger, der er forbundet med reparation eller installation, jf. hovedafdeling F
2380;2;N;72;72;;Videnskabelig forskning og udvikling;Scientific research and development;"Denne hovedgruppe omfatter aktiviteter inden for tre typer af forskning og udvikling:
1) grundforskning: eksperimentel eller teoretisk arbejde, som udføres primært for at opnå ny viden om de underliggende årsager til fænomener og observerbare fakta, uden henblik på en bestemt anvendelse eller brug 

2) anvendt forskning: førstegangsundersøgelse med henblik på at opnå ny viden, primært med et bestemt praktisk mål eller sigte 
 
3) eksperimentel udvikling: systematisk arbejde, som trækker på eksisterende viden opnået gennem forskning og/eller praktisk erfaring, med henblik på at producere nye materialer, produkter og udstyr, tage nye processer, systemer og tjenester i brug, og i væsentlig grad forbedre de, der allerede er produceret eller taget i brug 
 
Forskning og eksperimentelle udviklingsaktiviteter i denne hovedgruppe bør ikke betragtes som underordnede aktiviteter. De er opdelt i følgende kategorier: 1) naturvidenskab og teknik, 2) samfundsvidenskab og humanistiske videnskaber. 

Denne hovedgruppe omfatter desuden:
 - udvikling og fremstilling af prototyper med det primære mål at videreudvikle, uanset om det er forbundet med fremstillingen heraf.

Denne hovedgruppe omfatter ikke:
 - markedsundersøgelser, jf. 73.20.00";;;
2381;3;N;72.1;721;;Forskning og eksperimentel udvikling inden for naturvidenskab og teknik;Research and experimental development on natural sciences and engineering;Denne gruppe omfatter grundforskning, anvendt forskning, eksperimentel udvikling inden for naturvidenskab og teknik.;;;
2382;4;N;72.10;7210;;Forskning og eksperimentel udvikling inden for naturvidenskab og teknik;Research and experimental development on natural sciences and engineering;;;;
2383;5;N;72.10.00;721000;;Forskning og eksperimentel udvikling inden for naturvidenskab og teknik;Research and experimental development on natural sciences and engineering;Branchen omfatter forskning og eksperimentel udvikling inden for naturvidenskab og teknik, herunder grundforskning og anvendt forskning.;"- forskning og eksperimentel udvikling inden for naturvidenskab og teknik:
 • forskning og udvikling inden for naturvidenskab
 • forskning og udvikling inden for teknik og teknologi
 • forskning og udvikling inden for medicinal-, sundheds- og bio- samt veterinærvidenskab
 • forskning og udvikling inden for bioteknologi
 • forskning og udvikling inden for landbrugs-, forst- og fiskevidenskab
 • tværfaglig forskning og udvikling, overvejende inden for naturvidenskab og teknik";- DNA-sekvensering til almen forskning i biologiske processer;- DNA-sekvensering til udelukkelse eller helbredelse af en bestemt sygdom, jf. 86.91.00
2384;3;N;72.2;722;;Forskning og eksperimentel udvikling inden for samfundsvidenskab og humanistiske videnskaber;Research and experimental development on social sciences and humanities;;;;
2385;4;N;72.20;7220;;Forskning og eksperimentel udvikling inden for samfundsvidenskab og humanistiske videnskaber;Research and experimental development on social sciences and humanities;;;;
2386;5;N;72.20.00;722000;;Forskning og eksperimentel udvikling inden for samfundsvidenskab og humanistiske videnskaber;Research and experimental development on social sciences and humanities;Branchen omfatter forskning og eksperimentel udvikling indenfor samfundsvidenskab og humanistiske videnskaber, herunder grundforskning og anvendt forskning.;"- forskning og udvikling inden for samfundsvidenskab, fx økonomi og virksomhedsledelse, psykologi og kognitiv videnskab, uddannelse, sociologi, jura, statskundskab, medier og kommunikation 
- forskning og udvikling inden for humanistisk videnskab og kunst, fx historie og arkæologi, litteratur og sprog, filosofi mv. 
- tværfaglig forskning og udvikling, overvejende inden for samfundsvidenskab og humanistisk videnskab";- forskning og udvikling inden for socioøkonomiske forhold;- markedsundersøgelser, jf. 73.20.00
2387;2;N;73;73;;Reklameaktiviteter, markedsanalyse og public relations;Activities of advertising, market research and public relations;"Denne hovedgruppe omfatter udvikling af reklamekampagner og placering af sådanne reklamer i blade, aviser, radio, TV og på internettet eller andre medier samt design af udstillingsstativer og opsætningssteder. Disse reklameaktiviteter leveres ofte af reklamebureauer og mediefolk.
 
Denne hovedgruppe omfatter desuden markeds- og opinionsundersøgelser, fx om holdninger, værdier og befolkningens adfærd og forskellige sociodemografiske og socioøkonomiske grupper angående økonomiske, sociale og politiske spørgsmål. Den omfatter også public relations og kommunikationsaktiviteter.

Denne hovedgruppe omfatter ikke:
- aktiviteter, hvorved der genereres reklameindtægter, skal klassificeres efter den faktiske aktivitet, fx udgivelse af reklameaviser 
- reklametid eller -plads, der sælges direkte af ejeren af tiden eller pladsen (ejere af trykte medier mv.), jf. den tilsvarende undergruppe";;;
2388;3;N;73.1;731;;Reklameaktiviteter;Advertising;;;;
2389;4;N;73.11;7311;;Reklamebureauers aktiviteter;Activities of advertising agencies;;;;
2390;5;N;73.11.10;731110;;Planlægning og design af reklamekampagner;Planning and design of advertising campaigns;Branchen omfatter reklamebureauers aktiviteter og handlinger, fx planlægning af reklamekampagner og markedsføring.;"- levering af alt inden for reklameydelser (dvs. via interne ressourcer eller underleverandører), inklusive rådgivning, kreative ydelser samt produktion af reklamemateriale
- planlægning og organisering af reklamekampagner og marketingkampagner
- placering af reklamer i medierne
- konceptarbejde på reklamebudskabet
- ansvar for reklamekampagneforløb
- design af stande og andre former for udstillingsstativer og opsætningssteder 
- udformning og gennemførelse af reklamekampagner, fx:
• udformning og placering af reklamer og planlægning af markedsføringskampagner på sociale medier, i aviser, blade, radio, TV, på internettet og andre medier
• markedsføring af varer
• adresserede reklameforsendelse
• markedsføringsrådgivning
• markedsføring gennem influencere";;"- produktion af reklamemateriale, afhængig af materialetype, jf. hovedafdeling C
- udgivelse af reklamemateriale, jf. 58.19.00
- udgivelse af indhold, hvori der indgår video, produceret af fx bloggere, influencere og vloggere, jf. 59.11.00
- produktion af reklameindslag til radio, jf. 59.20.00
- platforme til distribution af indhold (deling), inklusive blog- og wiki-sider, sociale netværk og online-gaming/videospilssider, jf. 60.39.00
- markedsundersøgelser og offentlig meningsmåling, jf. 73.20.00
- mailing-aktiviteter, jf. 82.10.00
- salg af reklameplads, som bruges til at finansiere virksomhedens dominerende aktivitet, hvilken derved er billigere eller gratis for målgruppen, jf. den dominerende aktivitet"
2391;5;N;73.11.90;731190;;Andre reklameaktiviteter;Other advertising activities;Branchen omfatter synliggørelse af reklamer mhp. at fremme salg, fx opsætning af udendørs reklamer og vinduesudstillinger.;"- opsætning og placering af udendørs reklamer, fx reklametavler, skilte, opslag og rammer, vinduesudsmykning, showroom-design, bil- og busreklamer mv. 
- luftreklamer
- distribution eller levering af reklamemateriale eller prøver
- organisering af marketing-kampagner og andre reklameydelser
- vinduesudstilling";;"- produktion af stande til messer og udstillinger samt af vareudstillinger, jf. hovedafdeling C afhængig af materialetype
- opsætning af stande til messer og udstillinger, jf. 43.99.00
- reklamefotografering, jf. 74.20.00
- arrangører af kongresser og messer, jf. 82.30.00"
2392;4;N;73.12;7312;;Indrykning af reklamer i medier;Media representation;;;;
2393;5;N;73.12.00;731200;;Indrykning af reklamer i medier;Media representation;Branchen omfatter salg eller gensalg af tid og plads i diverse medier, der tilbyder reklameplads, på kontrakt- eller honorarbasis. Branchen omfatter ikke et medies salg af egen reklameplads eller -tid.;- medierepræsentation, dvs. salg eller gensalg af tid og plads i diverse medier, der tilbyder reklameplads;- salg af reklameplads via mellemled (medierepræsentant);"- aktiviteter ifm. public relations- og kommunikation, jf. 73.30.00
- salg af reklametid eller -plads direkte fra ejerne af tiden eller pladsen (fx udgivere), jf. den aktivitetsbranche"
2394;3;N;73.2;732;;Markedsanalyse og offentlig meningsmåling;Market research and public opinion polling;;;;
2395;4;N;73.20;7320;;Markedsanalyse og offentlig meningsmåling;Market research and public opinion polling;;;;
2396;5;N;73.20.00;732000;;Markedsanalyse og offentlig meningsmåling;Market research and public opinion polling;Branchen omfatter gennemførsel af markedsanalyser og offentlige meningsmålinger.;"- gennemførelse af markedsundersøgelser af kendskab, evaluering og brug af varer og serviceydelser, om produktudvikling og prissætning, brugen af medier og om indtryk og virkning af reklame 
- gennemførelse af analyser af undersøgelser om livskvalitet og livsstil, om socialt og politisk engagement, om partipræferencer og om vælgeradfærd";"- videnskabelig gennemførelse af markedsundersøgelser og meningsmålinger med:
- kvalitativ og kvantitativ metode
- reaktive og ikke-reaktive undersøgelsesformer
- indsamling af forskningsdata ved hjælp af spørgsmål, observation, måling og tælling
- interviews ansigt-til-ansigt, pr. brev, telefon og online for at indsamle forskningsdata";"- reklameaktiviteter, jf. 73.1
- public relations- og kommunikationsaktiviteter, jf. 73.30.00
- gennemførelse af telefoninterviews til markedsundersøgelser og meningsmålinger på kontrakt- eller honorarbasis, jf. 82.20.00"
2397;3;N;73.3;733;;Public relations og kommunikation;Public relations and communication activities;;;;
2398;4;N;73.30;7330;;Public relations og kommunikation;Public relations and communication activities;;;;
2399;5;N;73.30.00;733000;;Public relations og kommunikation;Public relations and communication activities;Branchen omfatter levering af rådgivning, vejledning og operationel bistand om public relations og kommunikation, inklusiv lobby-arbejde, til virksomheder, organisationer mv.;- rådgivning, vejledning og operationel bistand, inklusive lobby-arbejde, til virksomheder og andre organisationer om public relations og kommunikation;"- lobby-arbejde
- salgsrepræsentanters aktiviteter til marketingformål";"- reklamebureauers aktiviteter og medierepræsentationsaktiviteter, jf. 73.1
- markedsanalyse og offentlig meningsmåling, jf. 73.20.00
- design og rådgivning angående visuel kommunikation, jf. 74.12.00"
2400;2;N;74;74;;Andre liberale, videnskabelige og tekniske aktiviteter;Other professional, scientific and technical activities;Denne hovedgruppe omfatter fagvidenskabelige og tekniske ydelser (undtagen inden for jura og regnskab, arkitektur og teknik, teknisk afprøvning og analyse, ledelses- og virksomhedsrådgivning, forskning og udvikling samt reklame).;;;
2401;3;N;74.1;741;;Specialiseret designarbejde;Specialised design activities;;;;
2402;4;N;74.11;7411;;Industrielt design og modedesign;Industrial product and fashion design activities;;;;
2403;5;N;74.11.00;741100;;Industrielt design og modedesign;Industrial product and fashion design activities;Branchen omfatter industrielt design, eventuelt ved hjælp af specialiseret software, samt modedesign af fx sko, tekstiler og møbler.;"- modedesign relateret til tekstiler, beklædningsgenstande, sko, smykker, møbler og anden boligindretning eller andre modevarer samt øvrige personlige artikler eller boligartikler 
- industrielt design, herunder udført ved hjælp af specialiseret software, dvs. kreation og udvikling af designs og specifikationer, der optimerer brugen, værdien, pakningen og udseendet af produkter, inklusive bestemmelse af materialer, mekanismer, form, farve og overfladefinish af produktet med øje for almenmenneskelige karakteristika og behov samt sikkerhed og markedsværdi i forhold til distribution, brug og vedligeholdelse";;- teknisk udformning, dvs. anvendelse af fysikkens love og tekniske principper i udformningen af maskiner, materialer, instrumenter, strukturer, processer og systemer, jf. 71.12.20
2404;4;N;74.12;7412;;Grafisk design og visuel kommunikation;Graphic design and visual communication activities;;;;
2405;5;N;74.12.00;741200;;Grafisk design og visuel kommunikation;Graphic design and visual communication activities;Branchen omfatter design og visuel kommunikation, fx grafiske designeres aktiviteter og kommunikationsdesigneres aktiviteter.;"- grafisk design af websider mv.
- kommunikationsdesign
- specialiserede aktiviteter inden for behovsafstemt design af budskaber og information samt virksomhedsmål, afsætningsmuligheder og formidlingsmedier 
- design og rådgivning om kampagners indhold, ydre udseende og visuelle billeders kommunikationsindhold, idégrundlag og design (virksomhedsdesign) og virksomhedskommunikationsmedier, branddesign og brandopdatering, fastlæggelse af visuelt sprog, form, farve, publikationers typografi og didaktisk illustration af komplekse og abstrakte sammenhænge";;"- design af computergenererede grafikker til animationer, jf. 59.1
- design af websidestrukturer ved hjælp af softwareudviklingsprincipper, jf. 62.10.00
- webdesign i kombination med programmering af websider, jf. 62.10.00"
2406;4;N;74.13;7413;;Indretningsaktiviteter;Interior design activities;;;;
2407;5;N;74.13.00;741300;;Indretningsaktiviteter;Interior design activities;Branchen omfatter rådgivning af indretningsarkitekter og rumdesignere om samt specifikation af indretningsarbejder i private hjem, virksomheder og institutioner.;"- indretningskonsulentaktiviteter
- indretningsaktiviteter, fx planlægning og design af indendørsfaciliteter, så de opfylder folks æstetiske og funktionelle behov 
- tegning af indretningsplaner";;- arkitektaktiviteter, jf. 71.11.00
2408;4;N;74.14;7414;;Andet specialiseret designarbejde;Other specialised design activities;;;;
2409;5;N;74.14.00;741400;;Andet specialiseret designarbejde;Other specialised design activities;Branchen omfatter specialiseret designarbejde, som ikke er klassificeret andre steder.;- specialiseret designarbejde i.a.n;;- design af computergenerede grafikker til animationer, jf. 59.12.00
2410;3;N;74.2;742;;Fotografiske aktiviteter;Photographic activities;;;;
2411;4;N;74.20;7420;;Fotografiske aktiviteter;Photographic activities;;;;
2412;5;N;74.20.00;742000;;Fotografiske aktiviteter;Photographic activities;Branchen omfatter alle former for fotografering samt fremkaldelse og bearbejdning af billeder.;"- erhvervsmæssig fotografering og fotografering for private:
• portrætfotografering til pas, skoler, bryllupper mv.
• fotografering til reklamer, forlag, mode, ejendomshandel eller turismeformål 
• luft- og undervandsfotografering
• videooptagelse af begivenheder: bryllupper, møder mv.
- filmbearbejdning:
• fremkaldelse, kopiering og forstørrelse af kundeindleverede negativer eller film
• filmfremkaldelses- og fototryklaboratorier
• montering af lysbilleder
• kopiering og restaurering eller retouchering af fotografier
- fotojournalisters aktiviteter
- kunstfotografers aktiviteter";"- overførsel af dokumenter til mikrofilm
- digitalisering af fotografier
- objektscanning i 3D";"- print af fotografier (fra mobiltelefoner, hukommelseskort, USB-stik og andre elektroniske enheder), jf. 18.12.00
- behandling af film til tv- og filmproduktion, jf. 59.12.00
- aktiviteter vedrørende kartografiske og geografiske data, jf. 71.12.40
- fotogrammetrisk overvågning, jf. 71.12.40
- drift af selvbetjente fotobokse (med møntindkast og betalingskort mv.), jf. 96.99.00"
2413;3;N;74.3;743;;Oversættelse og tolkning;Translation and interpretation activities;;;;
2414;4;N;74.30;7430;;Oversættelse og tolkning;Translation and interpretation activities;;;;
2415;5;N;74.30.00;743000;;Oversættelse og tolkning;Translation and interpretation activities;Branchen omfatter både mundtlig og skriftlig oversættelse og tolkning.;- oversættelse og tolkning af alle sprog, inklusive tegnsprog, både mundtlig og skriftlig;;"- udgivelse af oversættelsessoftware, jf. 58.29.00
- udvikling af oversættelsesværktøjer og træning af maskinoversættelsessystemer, jf. 62.10.00
- sprogundervisning, jf. 85.59.00"
2416;3;N;74.9;749;;Andre liberale, videnskabelige og tekniske aktiviteter i.a.n.;Other professional, scientific and technical activities n.e.c.;;;;
2417;4;N;74.91;7491;;Patentbureauers aktiviteter og tjenesteydelser i forbindelse med markedsføring;Patent brokering and marketing service activities;;;;
2418;5;N;74.91.00;749100;;Patentbureauers aktiviteter og tjenesteydelser i forbindelse med markedsføring;Patent brokering and marketing service activities;Branchen omfatter forvaltning af ophavsrettigheder, industrielle ejendomsrettigheder (patenter, licenser, varemærker, franchises mv.) og intellektuelle ejendomsrettigheder samt handel med disse.;"- mægler- og markedsføringsaktiviteter ifm. patenter
";"- forvaltning af industrielle ejendomsrettigheder (patenter, licenser, varemærker, franchises mv.)
- organisationer til forvaltning af kollektive rettigheder
- forvaltning af intellektuelle ejendomsrettigheder, fx ophavsrettigheder og indtægter heraf";- leasing af immaterielle rettigheder og lignende produkter, jf. 77.40.00
2419;4;N;74.99;7499;;Alle andre liberale, videnskabelige og tekniske aktiviteter i.a.n.;All other professional, scientific and technical activities n.e.c.;Denne undergruppe omfatter meget forskelligartede serviceydelser generelt leveret til erhvervskunder. Den omfatter ydelser, som kræver faglige, videnskabelige og tekniske færdigheder på højt niveau, men gælder ikke løbende, rutinemæssige erhvervsfunktioner, som almindeligvis er af kort varighed.;;;
2420;5;N;74.99.10;749910;;Landbrugskonsulenters aktiviteter;Agricultural consulting;Branchen omfatter rådgivning vedrørende landbrugsdrift og aktiviteter i kontrol- og avlsforeninger.;- rådgivning vedrørende den daglige drift som udøves af fx agronomer og landbrugsøkonomer;- kontrol- og avlsforeninger og lokale landboforeningers konsulentaktiviteter;- landboforeningernes landsorganisationer, jf. 94.11.00
2421;5;N;74.99.90;749990;;Andre liberale, videnskabelige og tekniske tjenesteydelser i.a.n.;Other liberal, scientific and technical services n.e.c.;"Branchen omfatter andre liberale, videnskabelige og tekniske tjenesteydelser, fx miljøkonsulent-, erhvervsagentaktiviteter og tjenester vedr. byggeomkostninger.

Konsulentaktiviteter med fokus på virksomheds- og ledelsesrådgivning henvises til 70.20.00.";"- erhvervsagentaktiviteter, dvs. formidling af køb og salg af små og mellemstore virksomheder, herunder inden for de liberale erhverv, men ikke ejendomsagentaktiviteter i forbindelse med private ejendomme
- vurderingsaktiviteter, der ikke angår ejendomme og forsikringer (antikviteter, smykker mv.)
- fragtbrevsrevision og fragtprisinformation
- meteorologiske aktiviteter
- sikkerhedsrådgivning
- rådgivning om sikkerhed og sundhed på arbejdspladser
- miljøkonsulentaktiviteter
- andre konsulentaktiviteter end arkitekt-, ingeniør- eller virksomhedsrådgivning
- mængde- og omkostningsberegningsaktiviteter
- rådgivningsaktiviteter til byggebranchen om byggeomkostninger og kontrakter";"- agenturer og managers aktiviteter på vegne af enkeltpersoner, sædvanligvis angående indgåelse af aftaler om engagementer i film og teateropsætninger eller underholdning og sportsbegivenheder eller afsætning af bøger, teaterstykker, kunstværker, fotografier mv. med forlag samt producenter mv.
- økonomiske serviceydelser til bygge- og anlægsprojekter, fx fra byggeøkonomer
- bestyrelsesarbejde
- planlægning og projektudarbejdelse inden for jagtpleje
- estimering af vildtbestande
- forvaltning af industrielle ejendomsrettigheder, fx patenter, licenser, varemærker og franchises";"- aktiviteter i auktionshuse og online auktionsaktiviteter (engros), jf. 46.1
- auktionshuses aktiviteter (detail), jf. 47.9
- online auktionhuses aktiviteter (detail), jf. 47.9
- ejendomsagentaktiviteter, jf. 68.31.10
- bogføring, jf. 69.20.00
- virksomhedskonsulentarbejde, jf. 70.20.00
- arkitekt- og ingeniørrådgivningsvirksomhed, jf. 71.1
- mængde- og omkostningsberegningsarbejde ved byggeri, jf. 71.12.10
- miljøteknisk rådgivningsaktiviteter, jf. 71.12
- industrielt design og maskinkonstruktion, jf. 71.12 og 74.11.00
- veterinærkontrol inden for fødevareproduktion, jf. 71.20.10
- udformning af annoncer og andre reklameaktiviteter, jf. 73.11.10
- frembringelse af stande og andre former for udstillingsstativer og opsætningssteder, jf. 73.11.90
- markedsføringsaktiviteter, jf. 74.91.00
- patentmæglervirksomhed, jf. 74.91.00
- forvaltning af industrielle ejendomsrettigheder, fx patenter, licenser, varemærker og franchises mv., jf. 74.91.00
- forvaltning af intellektuelle ejendomsrettigheder, fx ophavsrettigheder og indtægter herfra, jf. 74.91.00
- aktiviteter udført af arrangører af kongresser og messer, jf. 82.30.00
- administration af loyalitetsprogrammer, jf. 82.99.00
- lægekonsultationer, jf. 86.2
- rådgivning om forbrugslån og -kredit, jf. 88.99.90"
2422;2;N;75;75;;Dyrlægeaktiviteter;Veterinary activities;Denne hovedgruppe omfatter serviceydelser inden for sundhedspleje og kontrolaktiviteter for husdyr og kæledyr. Disse aktiviteter udføres af uddannede dyrlæger på dyrehospitaler eller i forbindelse med besøg på gårde, kenneler, i private hjem, egen konsultation og operationsstuer eller andetsteds.;;;
2423;3;N;75.0;750;;Dyrlægeaktiviteter;Veterinary activities;;;;
2424;4;N;75.00;7500;;Dyrlægeaktiviteter;Veterinary activities;;;;
2425;5;N;75.00.00;750000;;Dyrlægeaktiviteter;Veterinary activities;Branchen omfatter sundhedspleje for husdyr og kæledyr samt ambulancetransport af dyr. Tandpleje for dyr er også omfattet.;"- sundhedspleje og kontrolaktiviteter for husdyr
- sundhedspleje og kontrolaktiviteter for kæledyr";"- dyrlægeassistenter og andet assisterende veterinærpersonales aktiviteter
- klinisk-patologisk og andre diagnostiske aktiviteter forbundet med dyr
- dyreambulanceaktiviteter
- kiropraktoraktiviteter for dyr
- diætistaktiviteter for dyr";"- pensioner for husdyr uden sundhedspleje, jf. 01.62.00
- fåreklipning, jf. 01.62.00
- besætningstest-, kvægdrivnings- og græsningsservices samt kastration af haner, jf. 01.62.00
- aktiviteter i forbindelse med kunstig inseminering, jf. 01.62.00
- test og kontrol af dyr før slagtning i forbindelse med fødevareproduktion, jf. 71.20.10
- dyregenetiske testaktiviteter, jf. 72.10.00
- videnskabelig forskning i dyregenetik, jf. 72.20.00
- pensioner for kæledyr uden sundhedspleje, jf. 96.99.00"
2426;1;O;O;O;;ADMINISTRATIONS- OG STØTTEAKTIVITETER;ADMINISTRATIVE AND SUPPORT SERVICE ACTIVITIES;Denne hovedafdeling omfatter en række aktiviteter, der understøtter generel virksomhedsdrift. Disse aktiviteter adskiller sig fra aktiviteterne i hovedafdeling N ved, at deres hovedformål ikke er overførsel af specialiseret viden.;;;
2427;2;O;77;77;;Udlejning og leasing;Rental and leasing activities;"Denne hovedgruppe omfatter udlejning og leasing af materielle og ikkefinansielle immaterielle aktiver samt formidlingsaktiviteter til udlejning og leasing heraf. Hvad leasing angår, omfatter denne hovedgruppe kun operationel leasing. Det er udlejer eller leasingselskab, som bærer den økonomiske risiko for de materielle og ikke-finansielle immaterielle aktiver, der stilles til rådighed, hvorimod formidleren ikke bærer en økonomisk risiko for de materielle og ikke-finansielle immaterielle aktiver, der formidles. Hovedgruppen omfatter en lang række materielle aktiver, såsom biler, computere, forbrugsvarer og industrimaskiner og -udstyr, som udlejes eller leases til kunder mod periodisk betaling af leje eller leasinggebyr.

Denne hovedgruppe omfatter ikke:
- leje af udstyr med betjeningspersonale, jf. undergrupper svarende til de aktiviteter, der udføres med dette udstyr, fx bygge- og anlægsaktiviteter (hovedafdeling F) og transport (hovedafdeling H)
- streaming af indhold, såsom software og bøger hos indholdsudbydere, jf. hovedgruppe 58
- streaming af lydbøger, som ikke er forbundet med bogudgivelsen, jf. 60.10.00
- finansiel leasing, jf. 64.91.00
- udlejning af fast ejendom, jf. hovedafdeling M";;;
2428;3;O;77.1;771;;Udlejning og leasing af motorkøretøjer;Rental and leasing of motor vehicles;;;;
2429;4;O;77.11;7711;;Udlejning og leasing af biler og lette motorkøretøjer;Rental and leasing of cars and light motor vehicles;;;;
2430;5;O;77.11.00;771100;;Udlejning og leasing af biler og lette motorkøretøjer;Rental and leasing of cars and light motor vehicles;"Branchen omfatter udlejning og leasing af køretøjer (på højst 3,5 ton) uden fører. 

Udlejning eller leasing med fører henvises til 49.33.00.";"- udlejning og operationel leasing af motorkøretøjer (højst 3,5 ton) uden fører, uanset lejeperiodens længde og betalingsmåde, fx abonnement:
• personbiler, autocampere og andre lette motorkøretøjer uden fører
- udlejning af delebiler";"- udlejning og operationel leasing af en persons egen bil uden fører
- udlejning og leasing af motorcykler";"- udlejning eller leasing af biler eller lette motorkøretøjer med fører, jf. 49.33.00
- formidlingsaktiviteter til udlejning og leasing af biler og lette motorkøretøjer, jf. 77.51.00"
2431;4;O;77.12;7712;;Udlejning og leasing af lastbiler;Rental and leasing of trucks;;;;
2432;5;O;77.12.00;771200;;Udlejning og leasing af lastbiler;Rental and leasing of trucks;"Branchen omfatter udlejning og leasing af køretøjer over 3,5 ton. 

Udlejning og leasing af køretøjer med fører henvises til 49.41.00 eller 49.42.00.";"- udlejning og operationel leasing af følgende køretøjer:
• lastbiler, autocampere, anhængere og tunge motorkøretøjer (over 3,5 ton)";;"- udlejning og leasing af tunge lastvogne eller lastbiler med fører, jf. 49.41.00 og 49.42.00
- udlejning og leasing af landtransportmidler (bortset fra motorkøretøjer) uden fører, fx campingvogne, jf. 77.39.90"
2433;3;O;77.2;772;;Udlejning og leasing af varer til personlig brug og husholdningsbrug;Rental and leasing of personal and household goods;Denne gruppe omfatter udlejning af varer til personlig brug og husholdningsbrug samt udlejning af fritids- og sportsudstyr og dvd‹er. Aktiviteterne omfatter generelt korttidsudlejning af varer, selvom varerne i visse tilfælde kan leases for længere tid.;;;
2434;4;O;77.21;7721;;Udlejning og leasing af varer til fritid og sport;Rental and leasing of recreational and sports goods;;;;
2435;5;O;77.21.00;772100;;Udlejning og leasing af varer til fritid og sport;Rental and leasing of recreational and sports goods;"Branchen omfatter primært korttidsudlejning af varer til fritid og sport, fx cykler, heste, sejlbåde og lystbåde uden mandskab mv. 

Udlejning af lystbåde og sejlbåde med mandskab henvises til 50.10.00 og 50.30.00.";"- udlejning af:
• cykler, herunder el-cykler
• ski
• lystbåde, kanoer, sejlbåde og yachter, uden fører";;"- udlejning af lystbåde og sejlbåde med mandskab, jf. 50.10.00 og 50.30.00
- udbud af korttidsophold i ikke-flytbare husbåde, jf. 55.20.00
- udlejning af ikke-flytbare husbåde som primære boliger, jf. 68.20.40
- udlejning af videobånd og dvd´er, jf. 77.22.00
- udlejning af andre varer til personlig brug og husholdningsbrug, jf. 77.22.00
- udlejning og leasing af skibe og både til passagerer eller fragt, fx både, skibe og luftpudefartøjer, uden fører, jf. 77.34.00
- udlejning af udstyr til fritid og rekreative formål, der indgår som en integreret del af rekreative faciliteter, jf. 93.29.90"
2436;4;O;77.22;7722;;Udlejning og leasing af andre varer til personlig brug og husholdningsbrug;Rental and leasing of other personal and household goods;;;;
2437;5;O;77.22.00;772200;;Udlejning og leasing af andre varer til personlig brug og husholdningsbrug;Rental and leasing of other personal and household goods;Branchen omfatter udlejning og leasing af alle typer af varer til husholdningsbrug og personlig brug til husholdninger eller virksomheder, fx bøger, beklædning, møbler, smykker, maskineri, elektronisk udstyr mv.;"- udlejning af alle former for varer til husholdningsbrug og personlig brug til husholdninger eller virksomheder (undtagen fritids- og sportsudstyr):
• tekstiler, beklædningsartikler og fodtøj, fx gardiner, kostumer, brudekjoler og -sko
• møbler, keramik og glas, køkkenredskaber og service, elektriske apparater og husholdningsartikler
• smykker, musikinstrumenter, sceneudstyr og kostumer
• bøger, dagblade og magasiner
• maskineri og udstyr anvendt af amatører, fx værktøj til reparationer i hjemmet
• blomster og prydplanter
• elektronisk udstyr til husholdningsbrug
- udlejning af videospil, dvd´er og plader mv.
- udlejning af lysthuse/udsigtspavilloner og trækstrukturer uden ekstra ydelser";;"- udlejning af sovepladser i telte, jf. 55.30.00
- levering af online-spil fra spilproducenten (ikke kun engangskøb, men også abonnementer samt køb i spillet eller appen), jf. 58.21.00
- uafhængige websites til online-spil/videospil, jf. 60.39.00
- udlejning af biler, motorcykler, lastbiler, anhængere og fritidskøretøjer uden fører, jf. 77.1
- udlejning og leasing af varer til fritid og sport, jf. 77.21.00
- udlejning af kontormøbler, jf. 77.33.00
- udlejning af campingvogne, jf. 77.39.90
- udlejning af telte til begivenheder, jf. 77.39.10"
2438;3;O;77.3;773;;Udlejning og leasing af andet materiel, udstyr og andre materielle aktiver;Rental and leasing of other machinery, equipment and tangible goods;;;;
2439;4;O;77.31;7731;;Udlejning og leasing af landbrugsmaskiner og -udstyr;Rental and leasing of agricultural machinery and equipment;;;;
2440;5;O;77.31.00;773100;;Udlejning og leasing af landbrugsmaskiner og -udstyr;Rental and leasing of agricultural machinery and equipment;"Branchen omfatter udlejning og leasing af landbrugs- og skovbrugsmaskiner og -udstyr. 

Udlejning med fører henvises til 01.61.00 eller 02.40.00.";"- udlejning og operationel leasing af landbrugs- og skovbrugsmaskiner og -udstyr uden betjeningspersonale:
• udlejning af produkter omfattet af undergruppe 28.30, fx landbrugstraktorer, maskiner mv.";;- udlejning af landbrugs- og skovbrugsmaskiner eller -udstyr med betjeningspersonale, jf. 01.61.00 og 02.40.00
2441;4;O;77.32;7732;;Udlejning og leasing af entreprenørmateriel;Rental and leasing of construction and civil engineering machinery and equipment;;;;
2442;5;O;77.32.00;773200;;Udlejning og leasing af entreprenørmateriel;Rental and leasing of construction and civil engineering machinery and equipment;"Branchen omfatter udlejning og leasing af entreprenørmateriel og -udstyr uden betjeningspersonale, fx stilladser og kranvogne. 

Udlejning af entreprenørmateriale med fører henvises til hovedgruppe 43.";"- udlejning og operationel leasing af entreprenørmateriel og -udstyr uden betjeningspersonale:
• kranvogne
• stilladser og arbejdsplatforme, uden opsætning og nedtagning";;"- udlejning af entreprenørmateriel og -udstyr med betjeningspersonale, jf. hovedgruppe 43
- udlejning og operationel leasing af stilladser og arbejdsplatforme, inklusive opsætning og nedtagning, jf. 43.99.00
- udlejning og operationel leasing af maskiner og udstyr til minedrift, jf. 77.39.90"
2443;4;O;77.33;7733;;Udlejning og leasing af kontormaskiner og -udstyr og computere;Rental and leasing of office machinery, equipment and computers;;;;
2444;5;O;77.33.00;773300;;Udlejning og leasing af kontormaskiner og -udstyr og computere;Rental and leasing of office machinery, equipment and computers;Branchen omfatter udlejning og leasing af kontormaskiner og -udstyr, fx computere, kopimaskiner, kasseapparater og kontormøbler.;"- udlejning og operationel leasing af kontormaskiner og -udstyr uden betjeningspersonale:
• computere og perifert computerudstyr
• kopimaskiner, skrivemaskiner og tekstbehandlingsmaskiner
• regnskabstekniske maskiner og udstyr: kasseapparater, elektroniske regnemaskiner mv.
• kontormøbler";;
2445;4;O;77.34;7734;;Udlejning og leasing af skibe og både;Rental and leasing of water transport equipment;;;;
2446;5;O;77.34.00;773400;;Udlejning og leasing af skibe og både;Rental and leasing of water transport equipment;"Branchen omfatter udlejning og leasing af skibe og både uden fører. 

Udlejning af skibe og både med fører henvises til hovedgruppe 50.";"- udlejning og operationel leasing af skibe og både uden fører:
• handelsskibe";;"- udlejning af skibe og både med fører, jf. hovedgruppe 50
- udlejning af lystbåde uden fører, jf. 77.21.00"
2447;4;O;77.35;7735;;Udlejning og leasing af luftfartøjer;Rental and leasing of air transport equipment;;;;
2448;5;O;77.35.00;773500;;Udlejning og leasing af luftfartøjer;Rental and leasing of air transport equipment;"Branchen omfatter udlejning og leasing af luftfartøjer uden fører. 

Udlejning af luftfartøjer med fører henvises til hovedgruppe 51.";"- udlejning og operationel leasing af luftfartøjer uden fører:
• flyvemaskiner
• luftballoner
• helikoptere";;- udlejning af luftfartøjer med fører, jf. hovedgruppe 51
2449;4;O;77.39;7739;;Udlejning og leasing af andet materiel, udstyr og andre materielle aktiver i.a.n.;Rental and leasing of other machinery, equipment and tangible goods n.e.c.;;;;
2450;5;O;77.39.10;773910;;Udlejning og leasing af andet materiel, udstyr og andre materielle aktiver til events;Rental and leasing of other machinery, equipment and tangible goods for events;Branchen omfatter udlejning og operationel leasing af materiel og udstyr, fx professionelt lys- og lydudstyr, uden operatører, til arrangører af fx sportsarrangementer, koncerter, konferencer og messer.;"- udlejning og operationel leasing, uden betjeningspersonale, af andet maskineri og udstyr, der overvejende bruges som produktionsmidler i virksomheder:
• professionelt radio-, TV- og kommunikationsudstyr til events, inkl. sportevents, messer og udstillinger
• udstyr til filmproduktion til events, inkl. sportevents, messer og udstillinger
- udlejning af udstyr, uden operatører, til events, fx opsætning, lys, lyd og sceneudstyr
- udlejning af møbler, uden installation, til events, inkl. messer og udstillinger";;"- udlejning og operationel leasing af andet materiel, uden operatører, til andet end events, jf. 77.39.90
- udlejning og operationel leasing af andet materiel, med operatører, til kunstneriske events, jf. 90.39.10
- udlejning og operationel leasing af andet materiel, med operatører, til ikke-kunstneriske events, jf. 93.29.90"
2451;5;O;77.39.90;773990;;Udlejning og leasing af andet materiel, udstyr og andre materielle aktiver, bortset fra til events;Rental and leasing of other material, equipment and other tangible assets, except for events;"Branchen omfatter udlejning og leasing af andet materiel og udstyr uden operatører. 

Udlejning og leasing af andet materiel og udstyr (uden operatører) til arrangører af events henvises til 77.39.10.";"- udlejning og operationel leasing, uden betjeningspersonale, af andet maskineri og udstyr, der overvejende bruges som produktionsmidler i virksomheder, fx:
• motorer og turbiner
• værktøjsmaskiner
• udstyr til minedrift og oliefelter
• professionelt radio-, TV- og kommunikationsudstyr, til andet end events
• udstyr til filmproduktion, til andet end events
• måle- og kontroludstyr
• andet videnskabeligt udstyr samt udstyr til handel og industri
- udlejning og operationel leasing af landtransportudstyr (undtagen motorkøretøjer) uden fører:
• campingvogne
• jernbanevogne
- dækleasing
- udlejning af udstyr, til andet end events, fx opsætning, lys, lyd og sceneudstyr
- udlejning af møbler, til andet end events
- udlejning af medicinsk/hospitalsudstyr
- udlejning og leasing af spilleautomater";"- udlejning af beboelses- eller kontorcontainere
- udlejning af husdyr (fx bestande, væddeløbsheste)
- udlejning af andre containere
- udlejning af paller";"- udlejning af motorcykler, jf. 77.11.00
- udlejning af cykler, jf. 77.21.00
- udlejning af landbrugs- og skovbrugsmaskiner og -udstyr, jf. 77.31.00
- udlejning af entreprenørmateriel, jf. 77.32.00
- udlejning af kontormaskiner og -udstyr, herunder computere, jf. 77.33.00
- udlejning og operationel leasing af andet materiel, uden operatører, til events, jf. 77.39.10
- udlejning og operationel leasing af andet materiel, med operatører, til kunstneriske events, jf. 90.39.10
- udlejning og operationel leasing af andet materiel, med operatører, til ikke-kunstneriske events, jf. 93.29.90"
2452;3;O;77.4;774;;Leasing af intellektuelle ejendomsrettigheder og lignende produkter, dog ikke ophavsretsbeskyttede værker;Leasing of intellectual property and similar products, except copyrighted works;;;;
2453;4;O;77.40;7740;;Leasing af intellektuelle ejendomsrettigheder og lignende produkter, dog ikke ophavsretsbeskyttede værker;Leasing of intellectual property and similar products, except copyrighted works;Denne undergruppe omfatter aktiviteter, som tillader andres brug af intellektuelle ejendomsrettigheder mod betaling af royalty eller licensafgift til ejeren af produktet (aktivets indehaver). Brugen af disse aktiver kan antage forskellige former, fx tilladelse til reproduktion, brug i efterfølgende processer eller produkter og drift af virksomheder i henhold til en franchiseaftale mv. Det gælder uanset om det er de nuværende ejere, der har skabt disse produkter eller ej.;;;
2454;5;O;77.40.00;774000;;Leasing af intellektuelle ejendomsrettigheder og lignende produkter, dog ikke ophavsretsbeskyttede værker;Leasing of intellectual property and similar products, except copyrighted works;"Branchen omfatter leasing af intellektuelle ejendomsrettigheder og lignende produkter, fx patenterede enheder, brands og franchiseaftaler. Branchen omfatter også modtagelse af royalties eller licensafgifter. 

Anskaffelse af rettigheder og publicering henvises til hovedgruppe 58 og 59.";"- leasing af intellektuelle ejendomsrettigheder (undtagen ophavsretsbeskyttede værker, fx bøger eller software)
- modtagelse af royalties eller licensafgifter for brugen af:
• patenterede enheder
• varemærker eller servicemærker
• brands
• efterforskning og evaluering af mineralske råstoffer
• franchiseaftaler
- internetdomæner
- rettigheder til udtænkte eller udviklede brætspil";- modtagelse af royalties eller licensafgifter for videnskabelige forskningsresultater;"- anskaffelse af rettigheder og publicering, jf. hovedgruppe 58 og 59
- produktion, reproduktion og distribution af værker omfattet af ophavsret (bøger, software og film), jf. hovedgruppe 58 og 59
- streaming af indhold, fx software og bøger, hos indholdsudbydere, jf. hovedgruppe 58
- streaming af lydbøger, som ikke sker i forbindelse med bogudgivelsen, jf. 60.10.00
- leasing af fast ejendom, jf. 68.20.40
- leasing af materielle goder (aktiver), jf. 77.1, 77.2 og 77.3"
2455;3;O;77.5;775;;Formidlingsaktiviteter inden for udlejning og leasing af materielle aktiver og ikke-finansielle immaterielle aktiver;Intermediation service activities for rental and leasing of tangible goods and non-financial intangible assets;;;;
2456;4;O;77.51;7751;;Formidlingsaktiviteter inden for udlejning og leasing af biler, autocampere og påhængsvogne;Intermediation service activities for rental and leasing of cars, motorhomes and trailers;Denne undergruppe omfatter formidling af udlejning og leasing af personbiler, autocampere, motorcykler, campingvogne mv. ved at sætte kunder og udbydere i forbindelse med hinanden mod et honorar eller provision, hvor formidleren ikke er udbyder af den udlejning eller leasing, som formidles. Formidlingen kan foregå på digitale platforme eller via ikke-digitale kanaler (ansigt-til-ansigt, herunder dør-til-dør, telefon, post mv.). Honoraret eller provisionen kan betales enten af kunden eller af udlejnings- og leasingudbyderen. Indtægter fra formidlingen kan indbefatte andre indtægtskilder, fx indtægter fra salg af annonceplads.;;;
2457;5;O;77.51.00;775100;;Formidlingsaktiviteter inden for udlejning og leasing af biler, autocampere og påhængsvogne;Intermediation service activities for rental and leasing of cars, motorhomes and trailers;Branchen omfatter formidling af udlejning og leasing af biler, autocampere og påhængsvogne.;;- reservationsservices i forbindelse med billeje;"- udlejning af lette motorkøretøjer, jf. 77.11.00
- udlejning af tunge motorkøretøjer, fx autocampere, jf. 77.12.00
- udlejning af campingvogne, jf. 77.39.90"
2458;4;O;77.52;7752;;Formidlingsaktiviteter inden for udlejning og leasing af andre materielle aktiver og ikke-finansielle immaterielle aktiver;Intermediation service activities for rental and leasing of other tangible goods and non-financial intangible assets;Denne undergruppe omfatter formidling af udlejning og leasing af andre materielle aktiver og ikke-finansielle aktiver ved at sætte kunder og udbydere i forbindelse med hinanden mod et honorar eller provision, hvor formidleren ikke er udbyder af den udlejning eller leasing, som formidles. Formidlingen kan foregå på digitale platforme eller via ikke-digitale kanaler (ansigt-til-ansigt, herunder dør-til-dør, telefon, post mv.). Honoraret eller provisionen kan betales enten af kunden eller af udlejnings- og leasingudbyderen. Indtægter fra formidlingen kan indbefatte andre indtægtskilder, fx indtægter fra salg af annonceplads.;;;
2459;5;O;77.52.00;775200;;Formidlingsaktiviteter inden for udlejning og leasing af andre materielle aktiver og ikke-finansielle immaterielle aktiver;Intermediation service activities for rental and leasing of other tangible goods and non-financial intangible assets;Branchen omfatter formidling mellem husholdninger, som vil udleje eller leje materielle aktiver, fx plæneklippere, stiger og cykler.;- formidling mellem husholdninger, der tilbyder deres aktiver til udlejning, og husholdninger, der lejer aktiverne, fx plæneklippere, stiger og cykler;;"- udlejning og leasing af varer til personlig brug og husholdningsbrug, jf. 77.2
- enheder, der ejer andet maskineri, udstyr og materielle aktiver og/eller ikke-finansielle aktiver, som i sidste ende udlejes eller leases, jf. 77.3 og 77.40.00"
2460;2;O;78;78;;Arbejdsformidling;Employment activities;"Denne hovedgruppe omfatter opstilling af liste over ledige stillinger og henvisning eller medvirken ved ansættelse af ansøgere, hvor de personer, der henvises eller ansættes, ikke er arbejdsformidlingens ansatte, hvorved der formidles arbejdstagere til kunders virksomheder i perioder for at supplere kundens arbejdsstyrke, samt fremskaffelse af andre medarbejderressourcer.
 
Denne hovedgruppe omfatter:
- rekruttering og medvirken ved ansættelse
- castingbureauers aktiviteter
- rekrutteringsbureauers aktiviteter
- headhunting

Denne hovedgruppe omfatter ikke:
- agentaktiviteter for individuelle kunstnere, jf. 74.99.90";;;
2461;3;O;78.1;781;;Arbejdsformidlingskontorers aktiviteter;Activities of employment placement agencies;;;;
2462;4;O;78.10;7810;;Arbejdsformidlingskontorers aktiviteter;Activities of employment placement agencies;Denne undergruppe omfatter udbydelse af ledige stillinger og henvisning eller medvirken ved ansættelse af ansøgere, hvor de personer, der henvises til eller ansættes, ikke er arbejdsformidlingens ansatte.;;;
2463;5;O;78.10.00;781000;;Arbejdsformidlingskontorers aktiviteter;Activities of employment placement agencies;Branchen omfatter alle typer af arbejdsformidling, fx rekruttering, casting og internetbaseret arbejdsformidling.;"- rekruttering, udvælgelse og medvirken ved ansættelse, herunder lederrekruttering
- castingbureauer og -agenturer, fx casting for teatre og modelbureauer
- internetbaserede arbejdsformidlingsaktiviteter";- talentspejderaktiviteter;"- faktureringsaktiviteter, jf. 69.20.00
- agentaktiviteter for individuelle kunstnere, jf. 74.99.90
- virksomheder, der formidler babysittere og au-pairs til husholdninger, jf. 78.20.00"
2464;3;O;78.2;782;;Vikarbureauers aktiviteter og anden personaleformidling;Temporary employment agency activities and other human resource provisions;;;;
2465;4;O;78.20;7820;;Vikarbureauers aktiviteter og anden personaleformidling;Temporary employment agency activities and other human resource provisions;;;;
2466;5;O;78.20.00;782000;;Vikarbureauers aktiviteter og anden personaleformidling;Temporary employment agency activities and other human resource provisions;Branchen omfatter formidling af vikarer, der midlertidigt supplerer eller erstatter en kundens arbejdsstyrke. Vikarbureaut er arbejdsgiver for de pågældende arbejdstagere.;"- formidling af vikarer, der i en nærmere bestemt periode supplerer kundens arbejdsstyrke. Under den midlertidige ansættelse er vikarbureauet arbejdsgiver for de pågældende arbejdstagere. Det er dog kunderne, som har ansvaret for at føre tilsyn med vikarerne
- tilvejebringelse af medarbejderressourcer til kunders virksomheder. De enheder, der er klassificeret her, er medarbejdernes registrerede arbejdsgiver i forhold til løn, skat og andre økonomiske og personalemæssige spørgsmål, men de har ikke ansvaret for at lede og føre tilsyn med medarbejderne. De enheder, der er klassificeret her, udfører en lang række medarbejderadministrative opgaver i forbindelse med tilvejebringelsen";;"- faktureringsaktiviteter, jf. 69.20.00
- udlejning af mandskab med udstyr, der er nødvendigt for udførsel af bygge- eller anlægsarbejde, jf. hovedafdeling F"
2467;2;O;79;79;;Rejsebureauers og rejsearrangørers aktiviteter og andre reservationstjenesteydelser og tjenesteydelser i forbindelse hermed;Travel agency, tour operator and other reservation service and related activities;"Denne hovedgruppe omfatter aktiviteter udøvet af bureauer, der hovedsaglig beskæftiger sig med at sælge og arrangere færdige pakkerejser eller pakkerejser lavet på bestilling, der består af transport, ophold, fornøjelser og underholdning, rejseleder og andre serviceydelser til private og erhvervskunder, samt med at arrangere og sammensætte ture, der sælges gennem rejsebureauer eller direkte af agenter såsom rejsearrangører, samt andre rejserelaterede ydelser, herunder reservationsservices.

Denne hovedgruppe omfatter også:
- turistguideaktiviteter og turistfremmende aktiviteter
- formidlingsaktiviteter i forbindelse med rejser

Denne hovedgruppe omfatter ikke:
- formidlingsaktiviteter i forbindelse med persontransport alene, jf. 52.32.00
- formidlingsaktiviteter i forbindelse med ophold alene, jf. 55.40.00
- formidlingsaktiviteter i forbindelse med mad og drikke, jf. 56.40.00
- formidlingsaktiviteter inden for udlejning af biler, autocampere og påhængsvogne, jf. 77.51.00
- formidlingsaktiviteter i forbindelse med forlystelser, sport og teaterbilletter, jf. 82.40.00";;;
2468;3;O;79.1;791;;Rejsebureauers og rejsearrangørers aktiviteter;Travel agency and tour operator activities;Denne gruppe omfatter aktiviteter udøvet af bureauer, der hovedsaglig beskæftiger sig med at sælge færdige pakkerejser eller pakkerejser lavet på bestilling, der består af transport, ophold, rejseleder og andre serviceydelser til private og erhvervskunder samt med at arrangere og sammensætte ture, der sælges gennem rejsebureauer eller direkte af agenter såsom rejsearrangører. Gruppen omfatter også rejsearrangørers aktiviteter.;;;
2469;4;O;79.11;7911;;Rejsebureauers aktiviteter;Travel agency activities;;;;
2470;5;O;79.11.00;791100;;Rejsebureauers aktiviteter;Travel agency activities;Branchen omfatter bureauer, der hovedsagligt sælger pakkerejser til private og erhvervskunder. Branchen omfatter også formidling af pakkerejsetilbud på destinationen.;"- aktiviteter udøvet af bureauer, der hovedsaglig beskæftiger sig med at sælge pakkerejser og krydstogter til private eller erhvervskunder, sideløbende med supplerende råd eller specialviden om ophold:
• reservationsservices i forbindelse med færdige pakkerejser, i Danmark og i udlandet
• reservationsservices i forbindelse med pakkerejser lavet på bestilling til grupper, i Danmark eller udlandet
- formidlingsaktiviteter i forbindelse med indgåelse af kontrakter om levering af tilbud til turister fra rejsearrangører";- formidling af pakkerejsetilbud på destinationen;"- formidlingsaktiviteter i forbindelse med persontransport alene, jf. 52.32.00
- formidlingsaktiviteter i forbindelse med ophold alene, jf. 55.40.00
- konkrete og juridiske aktiviteter i forbindelse med indgåelse af kontrakter om levering af tilbud til turister, på kundens anmodning, jf. hovedgruppe 69
- salg af rejsebokse: afsætningsform for rejserelaterede ydelser, men en udskudt ydelse, som kan være af en hvilken som helst karakter: hoteller, restauranter, behandlinger og fritidsaktiviteter mv., jf. 82.99.00"
2471;4;O;79.12;7912;;Rejsearrangørers aktiviteter;Tour operator activities;;;;
2472;5;O;79.12.00;791200;;Rejsearrangørers aktiviteter;Tour operator activities;"Branchen omfatter arrangering og tilrettelæggelse af pakkerejser eller ydelser i denne, der sælges igennem rejsebureauer eller direkte af rejsearrangører.

Pakkerejser inkluderer normalt passager- og bagagetransport, indkvartering, mad og sightseeingtjenester. Rejsearrangører beskæftiger sig med driften af ??rejsepakker, der sælges af rejsebureauer, herunder at arrangere og samling af forskellige tjenester i pakkerejsen.

Rejsearrangører kan være ansat eller have indgået kontrakt med et rejsebureau, eller de kan fungere som uafhængige rejsearrangører.";"- arrangering og samling af pakkerejser samt markedføring herfor:
 • færdige pakkerejser, der er indenlandske (nationale) og internationale
 • tilpassede rejsepakker til grupper, der er indenlandske (nationale) eller internationale";;- salg af pakkerejser, jf. 79.11.00
2473;3;O;79.9;799;;Andre reservationstjenesteydelser og tjenesteydelser i forbindelse hermed;Other reservation service and related activities;;;;
2474;4;O;79.90;7990;;Andre reservationstjenesteydelser og tjenesteydelser i forbindelse hermed;Other reservation service and related activities;;;;
2475;5;O;79.90.00;799000;;Andre reservationstjenesteydelser og tjenesteydelser i forbindelse hermed;Other reservation service and related activities;Branchen omfatter reservationstjenesteydelser og tjenesteydelser i forbindelse med hjælp og vejledning til besøgende, fx levering af rejseinformation til besøgende og turistguideaktiviteter.;"- hjælp og vejledning til besøgende:
• levering af rejseinformation til besøgende
• uafhængige turistguideaktiviteter
- aktiviteter til at fremme turismen";;"- reservationsaktiviteter i forbindelse med persontransport, jf. 52.32.00
- tjenester i forbindelse med bytning af timeshareperioder, jf. 55.40.00
- rejsebureau- og rejsearrangøraktiviteter, jf. 79.11.00 og 79.12.00
- organisering og administration af events, fx møder, kongresser og konferencer, herunder transport, overnatning, billetudstedelse, hvis det administreres af arrangøren selv, jf. 82.30.00
- formidlingsaktiviteter til teater-, sport-, underholdnings- og underholdningsbilletter, jf. 82.40.00"
2476;2;O;80;80;;Efterforskning og vagt- og sikkerhedsaktiviteter;Investigation and security activities;"Denne hovedgruppe omfatter serviceydelser i forbindelse med sikkerhed:
- efterforskning inden for civil-, erhvervs-, selskabs-, forsikrings- og strafferet for udøvelse af rettigheder ved domstolene
- vagt og patruljeringsydelser
- afhentning og levering af penge, kasseindtægter eller andre værdigenstande med personale og udstyr til beskyttelse af disse under transporten
- ydelser i forbindelse med sikkerhedssystemer og drift af elektroniske sikkerhedsalarmsystemer, fx tyverialarmer og brandalarmer, samt ydelser i forbindelse med fjernovervågning og videoovervågningssystemer, hvor fokus er på fjernovervågning af disse systemer, men ofte også involverer salg, installation og reparation.

Denne hovedgruppe omfatter også:
- sikkerhedsydelser i forbindelse med forebyggelse og personsikkerhed ved offentlige events og steder med offentlig adgang
- pansertransportaktiviteter

Denne hovedgruppe omfatter ikke:
- aktiviteter relateret til informationsteknologisikkerhed, jf. hovedgruppe 62";;;
2477;3;O;80.0;800;;Efterforskning og vagt- og sikkerhedsaktiviteter;Investigation and security activities;Denne gruppe omfatter sikkerhedsaktiviteter, der normalt udføres af private tjenester.;;;
2478;4;O;80.01;8001;;Efterforskning og private vagt- og sikkerhedsaktiviteter;Investigation and private security activities;;;;
2479;5;O;80.01.00;800100;;Efterforskning og private vagt- og sikkerhedsaktiviteter;Investigation and private security activities;"Branchen omfatter private virksomheders udbud af vagt- og sikkerhedstjenester, fx detektivvirksomhed og vagt- og sikkerhedskontrol. Branchen omfatter også bagagekontrol. 

Risikoanalyse, sikkerhedsrådgivning og -konsulentaktiviteter henvises til 80.09.00.";"- efterforskning inden for det private område samt inden for erhvervs-, forsikrings- og retsområdet
- vagt-, patruljerings- og sikkerhedsydelser 
- støttefunktioner i forbindelse med indsamling og indbetaling af kontanter
- tjenester til sikker makulering og destruktion af data
- pansertransportaktiviteter";"- vagt- og sikkerhedsaktiviteter, fx til butikker og traumecentre
- bagage- og passagerkontrol i lufthavne, på jernbanestationer og andre lignende steder
- sikkerhedspersonaleaktiviteter til events, koncerter, messer og udstillinger";"- risikoanalyse, sikkerhedsrådgivning og -konsulentaktiviteter, jf. 80.09.00
- fjernovervågningsaktiviteter, jf. 80.09.00
- sikkerhedsydelser i form af portner-, receptions- og dørbemanding, jf. 81.10.00
- aktiviteter i forbindelse med offentlig sikkerhed og orden, jf. 84.24.00
- sikkerhedsuddannelse, herunder cybersikkerhedsuddannelse, jf. 85.59.00"
2480;4;O;80.09;8009;;Vagt- og sikkerhedsaktiviteter i.a.n.;Security activities n.e.c.;;;;
2481;5;O;80.09.00;800900;tilpasset teskt;Vagt- og sikkerhedsaktiviteter i.a.n.;Security activities n.e.c.;"Branchen omfatter private virksomheders udbud af overvågning og fjernovervågningstjenester, herunder installation og vedligeholdelse af elektroniske sikkerhedsalarmsystemer, fx tyveri- og brandalarmer, hvis det er i forbindelse med senere overvågning.

Installation af elektroniske låseanordninger og sikkerhedssystemer, uden overvågningsydelser, henvises til 43.21.00, hvorimod installation af mekaniske låseanordninger henvises til 43.24.00. Detailhandel med elektriske eller mekaniske sikkerhedssystemer og låseanordninger, uden installation eller vedligeholdelse, henvises til 47.52.20.";"- sikkerhedssystemtjenester som en del af sikkerhedsservicecentre eller alarmmodtagelsescentre
- fjernovervågning og videoovervågningssystemtjenester";"- sikkerhedskonsulenters aktiviteter
- aktiviteter i et nødopkalds- og servicecenter eller alarmmodtagelsescenter
- overvågning og fjernovervågning af elektroniske sikkerhedssystemer, fx tyverialarmer, video overvågningssystemer og brandalarmer
- overvågning og fjernovervågning af mekaniske eller elektroniske låseanordninger, pengeskabe og bokse
- service, installation, reparation og vedligeholdelse af elektroniske sikkerhedssystemer, fx tyverialarmer, videoovervågningssystemer, brandalarmer, såfremt dette sker i forbindelse med senere overvågning og fjernovervågningstjenester
- service, installation, reparation og vedligeholdelse af mekaniske eller elektroniske låseanordninger, elektroniske sikkerhedssystemer, pengeskabe og bokse, såfremt dette sker i forbindelse med senere overvågning og fjernovervågningstjenester";"- installation af elektroniske sikkerhedssystemer, fx tyverialarmer, overvågningsanlæg og brandalarmer, uden senere overvågning og fjernovervågningsaktiviteter, jf. 43.21.00
- installation af mekaniske låseanordninger, uden senere overvågning og fjernovervågningsaktiviteter, fx låsesmedes aktiviteter, jf. 43.24.00
- detailhandel med elektroniske sikkerhedsalarmsystemer, mekaniske eller elektroniske låseanordninger, pengeskabe og sikkerhedsbokse, uden senere overvågning, installation eller vedligeholdelse, jf. 47.52.20
- cybersikkerhedsrådgivning, jf. 62.20.00
- offentlige ordens- og sikkerhedsaktiviteter, fx politiarbejde, jf. 84.24.00
- levering af nøglekopieringstjenester, jf. 95.29.00"
2482;2;O;81;81;;Serviceydelser i forbindelse med ejendomme samt landskabspleje;Services to buildings and landscape activities;"Denne hovedgruppe omfatter levering af en række almindelige serviceydelser, såsom:
- levering af en kombination af serviceydelser på kunders ejendomme
- indvendig og udvendig rengøring af bygninger af alle typer
- rengøring af industrielt maskineri, rengøring af toge, busser, fly mv.
- indvendig rengøring af tanke på tankvogne og tankskibe
- desinfektion og skadedyrsbekæmpelse i bygninger, skibe, toge mv.
- flaskerensning
- gadefejning
- rydning af sne og is
- landskabspleje og -vedligeholdelse";;;
2483;3;O;81.1;811;;Levering af kombinerede hjælpetjenester i forbindelse med drift af fast ejendom;Combined facilities support activities;;;;
2484;4;O;81.10;8110;;Levering af kombinerede hjælpetjenester i forbindelse med drift af fast ejendom;Combined facilities support activities;Denne undergruppe omfatter levering af en kombination af serviceydelser på kunders ejendomme. Disse serviceydelser omfatter almindelig indvendig rengøring, vedligeholdelse, bortskaffelse af affald, dørvagt- og overvågningsservices, postomdeling, reception, vaskeri og relaterede ydelser, der understøtter driften af faciliteterne. Disse støttefunktioner udføres af driftspersonale, som ikke er involveret i eller er ansvarlige for kundens kerneforretning eller aktiviteter.;;;
2485;5;O;81.10.00;811000;;Levering af kombinerede hjælpetjenester i forbindelse med drift af fast ejendom;Combined facilities support activities;Branchen omfatter levering af en kombination af driftsopgaver på en kundes ejendom, fx indvendig rengøring, vedligeholdelse, bortskaffelse af affald, dørmænd, handyman, reception og vaskeri.;- levering af en kombination af hjælpetjenester på en kundes ejendom. Disse tjenester omfatter generel indvendig rengøring, vedligeholdelse, bortskaffelse af affald, dørmænd og overvågningstjenester, postomdirigering, reception, vaskeri og relaterede tjenester til støtte for driften af ejendomme. Disse aktiviteter udføres af driftspersonale, som ikke er involveret i eller ansvarlige for kundens kerneforretning eller aktiviteter;;"- styring og drift på stedet af en kundes computersystemer og/eller databehandlingsfaciliteter, jf. 62.20.00
- administration af fast ejendom, fx ejendomsadministration af ejendomme eller boliger i ejendomsfællesskaber (hovedsageligt på honorar- eller kontraktbasis), jf. 68.32.10
- vagt- og sikkerhedsaktiviteter, jf. 80.01.00
- fængselsdrift på kontrakt- eller honorarbasis, jf. 84.23.00
- levering af kun en af støttefunktionerne (fx almindelig indvendig rengøring) eller løsning af kun en enkelt funktion (fx varme), jf. de relevante undergrupper for den leverede serviceydelse
- levering af administrations- og driftspersonale til hele driften af en kundes foretagende, fx et hotel, en restaurant, en mine eller et hospital, jf. den specifikke undergruppe"
2486;3;O;81.2;812;;Rengøring;Cleaning activities;"Denne gruppe omfatter almindelig rengøring, specialrengøring og anden rengøringsaktiviteter. Forskellen imellem disse er ikke baseret på kundetypen, men på typen af rengøring. Gruppen omfatter også almindelig indvendig rengøring af bygninger af enhver art, udvendig rengøring af bygninger, specialrengøring af bygninger og anden specialrengøring, rengøring af industrimaskiner, indvending rengøring af tanke på tankvogne og tankskibe, desinfektion og skadedyrsbekæmpelse i bygninger og industrimaskiner, flaskerensning, gadefejning, rydning af sne og is.

Gruppen omfatter ikke:
- skadedyrsbekæmpelse inden for landbruget, jf. 01.61.00
- rengøring af tæpper og gardiner, jf. 96.10.20";;;
2487;4;O;81.21;8121;;Almindelig rengøring i bygninger;General cleaning of buildings;Denne undergruppe omfatter almindelige rengøringsaktiviteter, der hovedsagligt består af indvendig rengøring, selv om de kan omfatte rengøring af tilhørende udearealer, fx vinduer eller passager.;;;
2488;5;O;81.21.00;812100;;Almindelig rengøring i bygninger;General cleaning of buildings;Branchen omfatter almindelig rengøring i bygninger af enhver art, fx kontorer, private boliger, fabrikker og institutioner.;"- almindelig (ikke-specialiseret) rengøring af bygninger af enhver art. Disse generelle rengøringsaktiviteter er for det meste indvendig rengøring, selvom de kan omfatte rengøring af tilhørende udvendige områder, fx vinduer og gange. Disse dækker fx over:
• kontorer
• private boliger, fx huse og lejligheder
• fabrikker
• butikker
• institutioner
- almindelig (ikke-specialiseret) rengøring af andre erhvervs- og beboelsesejendomme";;- specialrengøring, fx vinduespudsning, rensning af skorstene, pejse, kedler og udluftningsanlæg, jf. 81.22
2489;4;O;81.22;8122;;Anden rengøring af bygninger og rengøring af erhvervslokaler;Other building and industrial cleaning activities;;;;
2490;5;O;81.22.10;812210;;Vinduespolering;Window cleaning;Branchen omfatter vinduespudsning og -polering.;- vinduespudsning og -polering;;
2491;5;O;81.22.20;812220;;Skorstensfejning;Chimney sweeping;Branchen omfatter skorstensfejning og rensning af pejse, ovne mv.;- skorstensfejning, rensning af fx pejse, ovne, fyr, forbrændingsovne, kedler;;
2492;5;O;81.22.90;812290;;Anden rengøring af bygninger og rengøring af erhvervslokaler i.a.n. ;Other cleaning of buildings and business premises;Branchen omfatter specialiseret rengøring af bygninger og industrimaskiner, fx udvendig rengøring og rengøring af industrimaskiner.;"- udvendig rengøring af bygninger af alle typer, fx kontorer, fabrikker, butikker, skoler og andre institutioner samt andre erhvervs- og beboelsesejendomme
- specialiserede rengøringsaktiviteter for virksomheder i fødevareindustrien, herunder fremstilling, detailhandel, restauranter mv.
- specialiserede rengøringsaktiviteter for bygninger, heunder damprensning, sandblæsning, og lignende aktiviteter i forbindelse med udvendig rengøring
- specialiseret industriel rengøring, fx rengøring af industrimaskiner
- rensning af vandforsyningsledninger
- rensning af luftkanaler
- andre specialiserede bygnings- og industrirengøringsaktiviteter i.a.n.
- rengøring af nye bygninger umiddelbart efter opførelse";;
2493;4;O;81.23;8123;;Anden rengøring;Other cleaning activities;;;;
2494;5;O;81.23.00;812300;;Anden rengøring;Other cleaning activities;Branchen omfatter anden rengøring, ikke relateret til bygninger og inventar, fx rengøring af svømmebassiner, transportmidler, gadefejning og flaskerensning.;"- rengøring og vedligeholdelse af svømmebassiner
- rengøring af tog, busser, fly mv.
- indvendig rengøring af tanke på tankvogne og tankskibe
- sterilisering, desinfisering og skadedyrsbekæmpelse
- flaskerensning
- gadefejning og rydning af sne og is
- andre rengøringsaktiviteter i.a.n.";;"- skadedyrsbekæmpelse inden for landbruget, jf. 01.61.00
- rengøring af motorkøretøjer, herunder bilvask, jf. 95.31.20"
2495;3;O;81.3;813;;Landskabspleje;Landscape service activities;;;;
2496;4;O;81.30;8130;;Landskabspleje;Landscape service activities;;;;
2497;5;O;81.30.00;813000;;Landskabspleje;Landscape service activities;Branchen omfatter landskabspleje, fx plantning og pleje af parker og haver, beskyttelse og gendannelse af landskab og miljøteknisk anlægsarbejder. Branchen omfatter også naturgenopretning og miljøforvaltning, fx beskyttelses- og vedligeholdelsesforanstaltninger for klitter og vadeområder.;"- plantning, pleje og vedligeholdelse af:
• parker og haver for:
• private og offentlige boliger
• offentlige og halvoffentlige bygninger (skoler, hospitaler, administrationsbygninger, kirkelige bygninger mv.)
• kommunale arealer (parker, grønne områder, kirkegårde mv.)
• grøn bevoksning langs infrastruktur (veje, togbaner og metrolinjer, vandveje og havne)
• industri- og handelsbygninger
- plantning, pleje og vedligeholdelse af grøn bevoksning ved:
• bygninger (taghaver, facadebeplantning, indendørs haver mv.)
• sportspladser (fodboldbaner, golfbaner mv.), legepladser og andre arealer til rekreative formål
• stillestående og løbende vand (vandbassiner, skiftende vådområder, damme, svømmebassiner, grøfter, vandløb og vandrensningssystemer)
- beplantning med vegetation til beskyttelse mod støj, vind, erosion og synlighed
- beskyttelse og gendannelse af landskab, fx til parker og haver
- miljøtekniske anlægsarbejder med henblik på beskyttelse af naturområder";"- naturgenopretning, fx planteteknik og renaturering af økosystemer mv.
- erosionsbekæmpelse i områder med bjerge, gydebanker og flodbreder
- skabelse og omlægning af artslevesteder, fx redekasser, tilflugtssteder og overvintringssteder
- forebyggelse, kontrol og håndtering af indtrængning og spredning af invasive arter i fauna eller flora
- miljøforvaltning, fx udførelse af beskyttelses- og vedligeholdelsesforanstaltninger for klitter, heder, vådområder og andre følsomme områder og øko-afgræsning mv.";"- beskyttelse eller genopretning af landbrugsjord og skovområder, jf. hovedgruppe 01 og 02
- erhvervsmæssig dyrkning og beplantning til erhvervsmæssig produktion af planter og træer, jf. hovedgruppe 01 og 02
- forstplanteskoler, jf. 01.30.00 og 02.10.00
- pasning af jord for at holde den i god miljømæssig stand til landbrugsformål, jf. 01.61.00
- genopretning af marine økosystemer, jf. 03.30.00
- anlægsarbejder til landskabsarkitektoniske projekter, jf. hovedafdeling F
- landskabsarkitektur, jf. 71.11.00
- drift af nationalparker, naturreservater mv., herunder bevaring og vedligeholdelse, jf. 91.4"
2498;2;O;82;82;;Administrations- og kontorservice samt andre forretningsserviceaktiviteter;Office administrative, office support and other business support activities;"Denne hovedgruppe omfatter varetagelse af en lang række daglige administrative kontortjenester samt faste stabsfunktioner for andre på kontrakt- eller honorarbasis.

Denne hovedgruppe omfatter også alle støttefunktioner, der typisk ydes til virksomheder i.a.n.

Enheder klassificeret i denne hovedgruppe leverer ikke betjeningspersonale til varetagelse af hele driften af en virksomhed.";;;
2499;3;O;82.1;821;;Administrations- og kontorserviceaktiviteter;Office administrative and support activities;"Denne gruppe omfatter varetagelse af en række daglige administrative kontorfunktioner, såsom økonomiplanlægning. fakturering og bogføring, personale og fysisk distribution og logistik for andre, på kontrakt- eller honorarbasis. Denne gruppe omfatter også støtte til andre på kontrakt- eller honorarbasis i form af faste stabsfunktioner, som virksomheder og organisationer normalt selv varetager.

Enheder klassificeret i denne gruppe leverer ikke driftspersonale til varetagelse af hele driften af en virksomhed. Enheder, der beskæftiger sig med et bestemt aspekt af disse funktioner, klassificeres i overensstemmelse med den bestemte funktion.";;;
2500;4;O;82.10;8210;;Administrations- og kontorserviceaktiviteter;Office administrative and support activities;"Denne undergruppe omfatter varetagelse af en kombination af daglige administrative kontorfunktioner, såsom reception, økonomiplanlægning. fakturering og bogføring, personale og posttjenester for andre, på kontrakt- eller honorarbasis. Denne undergruppe omfatter også støtteaktiviteter for andre på kontrakt- eller honorarbasis, som er løbende rutinemæssige forretningsstøttefunktioner, som virksomheder og organisationer traditionelt udfører for sig selv.

Denne undergruppe omfatter ikke det at stille driftspersonale til rådighed til at udføre samtlige administrative aktiviteter for en forretning. Enheder, der er engageret i et bestemt aspekt af disse aktiviteter, klassificeres i overensstemmelse hermed bestemt aktivitet. ";;;
2501;5;O;82.10.00;821000;;Administrations- og kontorserviceaktiviteter;Office administrative and support activities;Branchen omfatter en kombination af daglige administrative kontorfunktioner, fx reception, økonomiplanlægning, fakturering og bogføring, personale og posttjenester for andre, på kontrakt- eller honorarbasis.;"- levering af en kombination af daglige kontoradministrative ydelser, fx reception, økonomisk planlægning, fakturering og journalføring, personale- og postservice, for andre på kontrakt- eller honorarbasis
- udarbejdelse af dokumenter, fx redigering, korrekturlæsning, indtastning, tekstbehandling mv. samt præarkivering
- andre sekretærfunktioner
- renskrivning af dokumenter
- brev- eller referatskrivning
- postboksudlejning og andre post- eller forsendelsestjenester, fx forsortering og adressering
- kopiering
- blåtryk
- drift af fotokopimaskiner til fotokopiering ved selvbetjening
- digitalisering af filer (uden yderligere bearbejdning af data)
- formattering af e-bøger";- forretningsstøttefunktioner (på honorar- eller kontraktbasis), som ellers er løbende rutineaktiviteter, som virksomheder og organisationer traditionelt udfører for sig selv;"- udskrivning af dokumenter (offset-trykning, hurtigtrykning og digital trykning mv.), jf. 18.12.00
- prepress-arbejde, jf. 18.13.00
- opmagasinering af mapper, jf. 52.10.00
- kurértjenester, jf. 53.20.00
- databehandling og digitalisering af filer i forbindelse med viderebehandling af data, jf. 63.10.00
- lagring af datafiler, jf. 63.10.00
- udlejning af basiskontorer, kontorfællesskaber og fuldt udstyrede kontorer, jf. 68.20.40
- fælles servicecenteraktiviteter med strategiske og administrative funktioner/centralfunktioner, jf. 70.10
- udvikling og organisering af postomdelte markedsføringskampagner, jf. 73.11
- udlejning af containere, der skal fungere som kontorer, jf. 77.39.90
- offentlige stenografitjenester og specialiseret stenografi, fx retsstenografi, jf. 82.99.00
- arkivering af alle typer dokumenter (i papirform eller elektronisk), jf. 91.12.00"
2502;3;O;82.2;822;;Drift af callcentre;Activities of call centres;;;;
2503;4;O;82.20;8220;;Drift af callcentre;Activities of call centres;;;;
2504;5;O;82.20.00;822000;tilføjet komma;Drift af callcentre;Activities of call centres;Branchen omfatter drift af callcentre for ind- og/eller udgående opkald samt webkontaktcentre. Branchen omfatter også håndtering af kundeklager eller henvendelser via andre kommunikationskanaler.;"- callcentre til indgående opkald, herunder besvarelse af opkald fra kunder ved hjælp af operatører, automatisk opkaldsfordeling, computertelefonintegration, interaktive voice response-systemer eller lignende metoder til ordremodtagelse, produktinformation, håndtering af kundehenvendelser eller behandling af kundeklager
- callcentre til udgående opkald ved hjælp af lignende metoder til markedsføring af varer eller serviceydelser over for potentielle kunder, gennemførelse af telefoninterviews til markedsundersøgelser og meningsmålinger på kontrakt- eller honorarbasis
- webbaserede kontaktcentre";- centre, der håndterer kundehenvendelser eller kundeklager via andre kommunikationskanaler;"- el- og naturgasagentaktiviteter, jf. 35.40.00
- formidlingsaktiviteter for specialiseret bygge- og anlægsarbejder, jf. 43.60.00
- formidlingsaktiviteter i forbindelse med detailhandel, jf. 47.9
- formidlingsaktiviteter i forbindelse med transport, jf. 52.3
- formidlingsaktiviteter inden for post- og kurérarbejde, jf. 53.30.00
- formidlingsaktiviteter inden for overnatningsfaciliteter, jf. 55.40.00
- formidlingsaktiviteter inden for mad- og drikkevareservices, jf. 56.40.00
- formidlingsaktiviteter i forbindelse med udgivelse af videospilssoftware, jf. 58.21.00
- formidlingsaktiviteter i forbindelse med udgivelse af software til download af software, jf. 58.29.00
- formidlingsaktiviteter i forbindelse med telekommunikationsarbejde, jf. 61.20.00
- formidling af finansielle og forsikringsmæssige ydelser, jf. hovedafdeling L (fx 66.22.00 forsikringsagenters og forsikringsmægleres aktiviteter)
- formidlingsaktiviteter inden for ejendomsaktiviteter, jf. 68.31
- markedsanalyse og offentlig meningsmåling og statistisk analyse heraf, jf. 73.20.00
- patentagentaktiviteter, jf. 74.91.00
- formidlingsaktiviteter inden for udlejning og leasing af materielle aktiver og ikke-finansielle immaterielle aktiver, jf. 77.52.00
- rejsebureauaktiviteter, jf. 79.11.00
- formidlingsaktiviteter inden for forretningsservice (undtagen finansiel formidling) i.a.n., jf. 82.40.00
- formidlingsaktiviteter inden for kurser og undervisere, jf. 85.61.00
- formidlingsaktiviteter for læge- og tandlægearbejde og sundhedsvæsen i øvrigt, jf. 86.97.00
- formidlingsaktiviteter i forbindelse med institutionsophold, jf. 87.91.00
- formidlingsaktiviteter inden for reparation og vedligeholdelse af computere, varer til personlig brug og husholdningsbrug, samt motorkøretøjer og motorcykler, jf. 95.40.00
- formidlingsaktiviteter inden for serviceydelser til personlig brug, jf. 96.40.00"
2505;3;O;82.3;823;;Organisering af kongresser, messer og udstillinger;Organisation of conventions and trade shows;;;;
2506;4;O;82.30;8230;;Organisering af kongresser, messer og udstillinger;Organisation of conventions and trade shows;Denne undergruppe omfatter personalehåndtering og bemanding af de faciliteter, hvor ovennævnte begivenheder finder sted, men kun hvis personalehåndteringen og bemandingen sker i forbindelse med organisering, promovering og/eller styring af sådanne events.;;;
2507;5;O;82.30.00;823000;;Organisering af kongresser, messer og udstillinger;Organisation of conventions and trade shows;Branchen omfatter organisering af kongresser, messer og udstillinger samt personalehåndtering og bemanding af faciliteterne på stedet, hvis det sker i forbindelse med organisering, promovering og styring af disse events. Organisering af firmaevents, seminarer og workshops er også omfattet.;"- organisering, promovering og/eller styring af events, fx:
• erhvervs- og handelsmesser
• firmaevents
• generelle udstillinger eller specialudstillinger
• konferencer og kongresser
• seminarer, symposier og workshops
• torvemarkeder og kunsthåndværksmesser";- personalehåndtering og bemanding af de faciliteter, hvor ovennævnte begivenheder finder sted, men kun hvis personalehåndteringen og bemandingen sker i forbindelse med organisering, promovering og/eller styring af sådanne events.;"- opsætning af udstillingsstande/boder afhængig af hvilken type opstilling, der foretages, jf. hovedgruppe 43
- organisering af kulturbegivenheder, fx festivaller, musicals eller dansefestivaller, jf. 90.39.20
- teknisk planlægning, levering, opsætning og betjening af audiovisuelt udstyr og special effects i forbindelse med afholdelse af kunstneriske begivenheder, jf. 90.39.10
- organisering af sportsbegivenheder, jf. 93.19.00
- teknisk planlægning, levering, opsætning og betjening af audiovisuelt udstyr og special effects i forbindelse med afholdelse af andre begivenheder end kunstneriske begivenheder, jf. 93.29.90
- organisering af personlige ceremonier eller fejringer, herunder bryllupper, navngivningsceremonier og fødselsdagsfester mv., jf. 96.99.00"
2508;3;O;82.4;824;;Formidlingsaktiviteter inden for forretningsservice i.a.n.;Intermediation service activities for business support service activities n.e.c.;;;;
2509;4;O;82.40;8240;;Formidlingsaktiviteter inden for forretningsservice i.a.n.;Intermediation service activities for business support service activities n.e.c.;Denne undergruppe omfatter formidlingsaktiviteter inden for forretningsservice i.a.n. ved at bringe kunder og serviceudbydere sammen for et honorar eller en provision. Formidlingen kan foregå på digitale platforme eller via ikke-digitale kanaler (ansigt-til-ansigt, herunder dør-til-dør, telefon og post mv.). Honoraret eller provisionen kan betales enten af kunden eller af serviceudbyderen. Indtægter fra formidlingen kan indbefatte andre indtægtskilder, fx indtægter fra salg af annonceplads.;;;
2510;5;O;82.40.00;824000;;Formidlingsaktiviteter inden for forretningsservice i.a.n.;Intermediation service activities for business support service activities n.e.c.;Branchen omfatter formidlingsaktiviteter inden for forretningsservice ved at bringe kunder og serviceudbydere sammen for et honorar eller provision, fx reservationsservices for billetter til kulturelle events inden for fx sport, teater og anden underholdning.;"- reservationsservices for billetter til sport og underholdning
- formidlingsaktiviteter ifm. lotterispil";;"- el- og naturgasagentaktiviteter, jf. 35.4
- formidlingsaktiviteter for specialiseret bygge- og anlægsarbejder, jf. 43.60.00
- formidlingsaktiviteter i forbindelse med detailhandel, jf. 47.9
- formidlingsaktiviteter i forbindelse med transport, jf. 52.3
- formidlingsaktiviteter inden for post- og kurérarbejded, jf. 53.30.00
- formidlingsaktiviteter inden for overnatningsfaciliteter, jf. 55.40.00
- formidlingsaktiviteter inden for mad- og drikkevareservices, jf. 56.40.00
- formidlingsaktiviteter i forbindelse med udgivelse af videospilssoftware, jf. 58.21.00
- formidlingsaktiviteter i forbindelse med udgivelse af software til download af software, jf. 58.29.00
- formidlingsaktiviteter i forbindelse med telekommunikationsaktiviteter, jf. 61.20.00
- formidling af finansielle og forsikringsmæssige ydelser, jf. hovedafdeling L (fx 66.22.00 forsikringsagenters og forsikringsmægleres aktiviteter)
- formidlingsaktiviteter inden for ejendomsaktiviteter, jf. 68.31
- rejsebureauaktiviteter, jf. 79.11.00
- patentagentaktiviteter, jf. 74.91.00
- formidlingsaktiviteter inden for udlejning og leasing af materielle aktiver og ikke-finansielle immaterielle aktiver, jf. 77.52.00
- formidlingsaktiviteter inden for kurser og undervisere, jf. 85.61.00
- reservation af aftaler med sundhedspersonale, jf. 86.97.00
- formidlingsaktiviteter for læge- og tandlægearbejde og sundhedsvæsen i øvrigt, jf. 86.97.00
- formidlingsaktiviteter i forbindelse med institutionsophold, jf. 87.91.00
- formidlingsaktiviteter inden for reparation og vedligeholdelse af computere, varer til personlig brug og husholdningsbrug, samt motorkøretøjer og motorcykler, jf. 95.40.00
- formidlingsaktiviteter inden for serviceydelser til personlig brug, jf. 96.40.00"
2511;3;O;82.9;829;;Forretningsserviceaktiviteter i.a.n.;Business support service activities n.e.c.;Denne gruppe omfatter inkassofirmaer, kreditinstitutter, erhvervsinformationstjenester og alle supportfunktioner, der ikke er nævnt andetsteds. Ydelserne leveres hovedsaglig til erhvervsvirksomheder.;;;
2512;4;O;82.91;8291;;Inkassoaktiviteter og kreditoplysning;Activities of collection agencies and credit bureaus;;;;
2513;5;O;82.91.00;829100;;Inkassoaktiviteter og kreditoplysning;Activities of collection agencies and credit bureaus;Branchen omfatter opkrævning af betalinger samt indhentning af oplysninger om enkeltpersoner eller virksomheders kreditværdighed til andre virksomheder.;"- opkrævning af betalinger for udeståender og overførsel af de opkrævede betalinger til kunderne, fx fakturaopkrævnings- og inkassoaktiviteter
- indsamling og fremskaffelse af information, fx kredithistorik eller ansættelseshistorik, til finansielle institutioner, detailhandlere og andre, der har behov for at vurdere enkeltpersoners eller virksomheders kreditværdighed";"- kreditvurderingsselskabers aktiviteter
- tilbagetagelsesserviceaktiviteter";- factoring, jf. 64.92.30
2514;4;O;82.92;8292;;Pakkeriaktiviteter;Packaging activities;;;;
2515;5;O;82.92.00;829200;;Pakkeriaktiviteter;Packaging activities;Branchen omfatter pakning uanset type eller metode på honorar eller kontraktbasis.;"- pakkeriaktiviteter på honorar- eller kontraktbasis, uanset om det involverer en automatiseret proces:
• tapning af væsker på flaske, fx føde- og drikkevarer eller flydende gas
• indpakning af faste stoffer (blisterpakning, folieindpakning mv.)
• sikkerhedsemballering af farmaceutiske præparater
• etikettering, stempling og trykning
• indpakning af pakker og gaveindpakning
- produktsterilisation i tilknytning til pakning";;"- fremstilling af læskedrikke og fremstilling af mineralvand, jf. 11.07.00
- emballering i forbindelse med transport, jf. 52.26.00"
2516;4;O;82.99;8299;;Andre forretningsserviceaktiviteter i.a.n.;Other business support service activities n.e.c.;;;;
2517;5;O;82.99.00;829900;;Andre forretningsserviceaktiviteter i.a.n.;Other business support service activities n.e.c.;Branchen omfatter forretningsservices, der ikke er nævnt andetsteds i hovedgruppe 82, herunder håndtering af visum, arbejdstilladelser, fundraising, crowdfunding, stregkodning mv.;"- fundraisingaktiviteter på kontrakt- eller honorarbasis
- retsstenografi- eller retsstenotypi
- offentlige stenografitjenester
- lukket realtidsundertekstning (dvs. simultantekstning) af møder og konferencer
- stregkodning
- stregkodetrykning
- håndtering af visum og arbejdstilladelser
- serviceydelser til håndtering af spisebilletter til restauranter
- hjælp til indregistrering af motorkøretøjer
- udflytningsservice
- administration af oplevelsesbokse til fritidsaktiviteter
- udstedelse og håndtering af gavekort
- velgørenhedscrowdfunding
- administration af kontorhoteller
- aflæsning af forbrug af varme og varmt vand inkl. omkostningsfordeling
- administration af loyalitetsprogrammer
- salg af oplevelsesbokse: afsætningsform for en udskudt ydelse, som kan være af en hvilken som helst karakter: hoteller, restauranter, behandlinger, fritidsaktiviteter mv.";;"- auktionshuses aktiviteter (engroshandel) og online auktionshuses aktiviteter (engroshandel), jf. 46.1
- auktionshuses aktiviteter (detailhandel) og online auktionshuses aktiviteter (detailhandel), jf. 47.9
- undertekstning af film, bånd og dvd'er, jf. 59.12.00
- fælles servicecenteraktiviteter med strategiske og administrative funktioner/centralfunktioner, jf. 70.10
- virksomhedsrådgivning og anden rådgivning om driftsledelse, jf. 70.20.00
- fælles servicecenteraktiviteter med to eller flere kombinerede aktiviteter (sæt af administrative serviceydelser), der løfter driftsopgaver for hele virksomheden eller koncernen, fx reception, økonomiplanlægning. fakturering og bogføring, personale og posttjenester for samme koncern, jf. 82.10.00
- dokumentrenskrivningsaktiviteter, jf. 82.10.00
- formidlingsaktiviteter inden for forretningsservice i.a.n., jf. 82.40.00"
2518;1;P;P;P;;"OFFENTLIG FORVALTNING OG FORSVAR; LOVPLIGTIG SOCIALSIKRING";"PUBLIC ADMINISTRATION AND DEFENCE; COMPULSORY SOCIAL SECURITY";"Denne hovedafdeling omfatter offentlige myndigheders aktiviteter, sædvanligvis udført af den offentlige forvaltning. Det indbefatter vedtagelse og retlig fortolkning af love og bestemmelser i medfør at disse samt forvaltning af lovbaserede ordninger, lovgivningsmæssige aktiviteter, beskatning, nationalt forsvar, offentlig orden og sikkerhed, indvandringstjenester, udenrigsanliggender og forvaltning af offentlige ordninger.

Den juridiske eller institutionelle status er ikke i sig selv en afgørende faktor for, om en aktivitet hører til i denne hovedafdeling. Det afgørende er, om aktiviteten er af en art, der svarer til beskrivelsen i ovenstående afsnit. Det betyder, at aktiviteter, der er klassificeret andetsteds, ikke hører under denne hovedafdeling, heller ikke selvom de udføres af offentlige instanser. Fx hører forvaltning af skolesystemet (dvs. vedtægter, kontroller, læseplaner) under denne hovedafdeling, mens selve undervisningen ikke gør (se hovedafdeling Q) og et fængsels- eller militærhospital er klassificeret under sundhed (se hovedafdeling R). På samme måde kan nogle af de aktiviteter, der er beskrevet i denne hovedafdeling, blive udført af private instanser.

Denne hovedafdeling omfatter også lovpligtige socialsikringsaktiviteter.";;;
2519;2;P;84;84;;"Offentlig forvaltning og forsvar; lovpligtig socialsikring";"Public administration and defence; compulsory social security";;;;
2520;3;P;84.1;841;;Forvaltning af staten og den økonomiske, sociale og miljømæssige politik;Administration of the State and the economic, social and environmental policies of the community;Denne gruppe omfatter generel forvaltning (fx overordnet, lovgivningsmæssig, økonomisk forvaltning osv. på alle myndighedsniveauer) samt tilsyn med de social-, økonomi- og miljøpolitiske områder i samfundet.;;;
2521;4;P;84.11;8411;;Generelle offentlige forvaltningsaktiviteter;General public administration activities;;;;
2522;5;P;84.11.00;841100;;Generelle offentlige forvaltningsaktiviteter;General public administration activities;Branchen omfatter generel offentlig administration af ministerier, styrelser, regioner og kommuner, fx administration af love, bekendtgørelser, skatteordninger, told mv.;"- overordnet og lovgivningsmæssig forvaltning af statslige, regionale og kommunale instanser
- ministeraktivitet på nationalt og regionalt niveau
- forvaltning af og tilsyn med skattemæssige forhold:
• arbejde med skatteordninger
• opkrævning af skatter og afgifter på varer og undersøgelse af overtrædelser af skattelovgivning
• toldadministration
- udmøntning af budget og forvaltning af offentlige midler og offentlig gæld:
• indsamling og modtagelse af midler samt kontrol med udbetalingen af disse
- forvaltning af overordnet (civil) forsknings- og udviklingspolitik og tilknyttede midler
- administration og drift af overordnet økonomisk og social planlægning samt statistiktjenester på de forskellige myndighedsniveauer";;"- centralbankers aktiviteter, jf. 64.11.00
- drift af statsejede eller -beboede bygninger, jf. 68.20.10 og 68.3
- forvaltning af forsknings- og udviklingspolitikker, der har til formål at øge personlig trivsel, eller tilknyttede midler, jf. 84.12.00
- forvaltning af forsknings- og udviklingspolitikker til erhvervsfremme og øget konkurrenceevne, jf. 84.13.00
- forvaltning af forsvarsrelaterede forsknings- og udviklingspolitikker eller tilknyttede midler, jf. 84.22.00
- drift af statslige arkiver, jf. 91.12.00"
2523;4;P;84.12;8412;;Administration af sundhedsvæsen, undervisning, kultur og sociale forhold;Regulation of health care, education, cultural services and other social services;;;;
2524;5;P;84.12.00;841200;;Administration af sundhedsvæsen, undervisning, kultur og sociale forhold;Regulation of health care, education, cultural services and other social services;Branchen omfatter offentlig administration af sundhedsvæsen, undervisning, kultur og sociale forhold.;"- offentlig administration af ordninger, der har til formål at øge personlig trivsel, fx:
• sundhed
• undervisning
• kultur
• idræt
• fritid
• miljøforhold
• bolig
• socialforvaltning
- offentlig administration af forsknings- og udviklingspolitikker og midler knyttet til disse områder";"- offentlig sponsorering af kultur- og fritidsaktiviteter
- uddeling af offentlige legater til kunstnere
- administration af drikkevandsforsyningsplaner
- administration af affaldsindsamling og bortskaffelsesaktiviteter
- administration af miljøbeskyttelsesordninger
- administration af boligordninger";"- kloakering, affaldshåndtering og rensningsaktiviteter, jf. hovedgruppe 37, 38 og 39
- lovpligtige socialsikringsaktiviteter, jf. 84.30.00
- uddannelsesaktiviteter, jf. hovedafdeling Q
- aktiviteter relateret til sundhedsvæsenet, jf. hovedgruppe 86
- museumsaktiviteter og andre kulturelle aktiviteter, jf. hovedgruppe 91
- biblioteks- og arkivaktiviteter, jf. 91.1
- sports- og fritidsaktiviteter, jf. hovedgruppe 93"
2525;4;P;84.13;8413;;Administration af og bidrag til erhvervsfremme;Regulation of and contribution to more efficient operation of businesses;;;;
2526;5;P;84.13.00;841300;;Administration af og bidrag til erhvervsfremme;Regulation of and contribution to more efficient operation of businesses;Branchen omfatter administration af aktiviteter og bidrag til erhvervsfremme, herunder regulering og tildeling af støtte til forskellige økonomiske sektorer.;"- offentlig administration og regulering, herunder tildeling af støtte til forskellige økonomiske sektorer, fx:
• landbrug
• arealanvendelse
• energi- og råstofindvindingsressourcer
• infrastruktur
• transport
• kommunikation
• hoteller og turisme
• engroshandel og detailhandel
- administration af forsknings- og udviklingspolitikker og tilknyttede midler til erhvervsfremme
- administration af generelle arbejdsmarkedsanliggender
- implementering af egnsudviklingspolitiske tiltag, fx til bekæmpelse af arbejdsløshed";"- aktiviteter i nationale centre for cybersikkerhed
- tilsyn med den finansielle sektor angående forretningsførelse og forbrugerbeskyttelse og anden mere vidtgående finansiel regulering";"- centralbankers monetære tilsynsaktiviteter, jf. 64.11.00
- finanstilsyn med finansielle tjenesteydelser, undtagen forsikring og pension (som ikke udføres af centralbanken), jf. 66.11.00
- finanstilsyn med forsikrings- og pensionsmidler (som ikke udføres af centralbanken), jf. 66.29.00
- forsknings- og eksperimentelle udviklingsaktiviteter, jf. hovedgruppe 72
- finanstilsynets aktiviteter, jf. 84.13.00"
2527;3;P;84.2;842;;Levering af tjenesteydelser til samfundet som helhed;Provision of services to the community as a whole;Denne gruppe omfatter aktiviteter relateret til udenrigsanliggender, forsvar, retspleje og offentlig orden samt sikkerhed.;;;
2528;4;P;84.21;8421;;Udenrigsanliggender;Foreign affairs;;;;
2529;5;P;84.21.00;842100;;Udenrigsanliggender;Foreign affairs;Branchen omfatter alle typer af anliggender, som staten formidler ud over de nationale grænser, uanset om det er bistand, kultur, militær eller diplomati.;"- administration og betjening af udenrigsministeriet og diplomatiske og konsulære repræsentationer udstationeret i udlandet eller på internationale organisationers kontorer
- administration og drift af samt bistand til informationstjenester og kulturelle tjenester beregnet til formidling ud over nationale grænser
- udviklingsbistand til udlandet, uanset om den kanaliseres gennem internationale organisationer eller ikke
- militærstøtte til andre lande
- håndtering af udenrigshandel, internationale finansielle og tekniske anliggender";;"- international flygtningeassistance i forbindelse med katastrofer eller konflikter, jf. 88.99.20
- andre landes diplomatiske repræsentationer i Danmark, jf. 99.00.10"
2530;4;P;84.22;8422;;Aktiviteter inden for forsvar;Defence activities;;;;
2531;5;P;84.22.00;842200;;Aktiviteter inden for forsvar;Defence activities;Branchen omfatter administration, tilsyn og aktiviteter relateret til militære anliggender og hær, flåde, flyvevåben og rumforsvarsstyrker, bortset fra undervisning på militærets skoler.;"- administration, tilsyn og aktiviteter relateret til militære anliggender og hær, flåde, flyvevåben og rumforsvarsstyrker, fx:
• hærens, søværnets og flyvevåbenets kamptropper
• ingeniør- og forsyningstropper, kommunikationstjeneste, efterretningsvæsen, materieltropper, personelforvaltning og andre ikke-kamprelaterede styrker og kommandoer
• forsvarets reserve- og hjælpestyrker
• militærlogistik (tilvejebringelse af udstyr, konstruktioner, forsyninger mv.)
• sundhedsaktiviteter for militærpersonel i felten
- administration, aktiviteter og bistand relateret til civilforsvaret
- bistand til udarbejdelse af beredskabsplaner og gennemførelse af øvelser, hvori civile institutioner og befolkningsgrupper indgår
- administration af forsvarsrelaterede forsknings- og udviklingspolitikker og tilknyttede midler";;"- forsknings- og eksperimentelle udviklingsaktiviteter, jf. hovedgruppe 72
- militærstøtte til andre lande, jf. 84.21.00
- militærdomstoles aktiviteter, jf. 84.23.00
- tilvejebringelse af nødforsyninger til indenrigsbrug i tilfælde af katastrofer i fredstid, jf. 84.24.00
- militærskoler, officersskoler og militærakademiers uddannelsesaktiviteter, jf. 85.40.00
- militærhospitalers aktiviteter, jf. 86.10.00"
2532;4;P;84.23;8423;;Aktiviteter inden for retsvæsen;Justice and judicial activities;;;;
2533;5;P;84.23.00;842300;;Aktiviteter inden for retsvæsen;Justice and judicial activities;Branchen omfatter administration og drift af forvaltnings-, civile og strafferetsdomstole, militærdomstole og retsplejesystemet. Branchen omfatter også kriminalforsorgen, herunder fængsler og arresthuse.;"- administration og drift af forvaltnings-, civile og strafferetsdomstole, militærdomstole og retsplejesystemet
- domfældelser og retsfortolkninger
- offentlige anklageres aktiviteter
- voldgiftsbehandling af civile søgsmål
- fængselsvæsenet og tilvejebringelse af fængselsfaciliteter, herunder rehabiliteringshjælp";;"- juridisk vejledning og repræsentation i civile sager, straffesager og andre sager, jf. 69.10.00
- fængselsskoleaktiviteter, jf. hovedgruppe 85
- fængselshospitalers aktiviteter, jf. 86.10.00"
2534;4;P;84.24;8424;;Aktiviteter inden for offentlig sikkerhed og orden;Public order and safety activities;;;;
2535;5;P;84.24.00;842400;;Aktiviteter inden for offentlig sikkerhed og orden;Public order and safety activities;Branchen omfatter administration og drift af politi, fx havnepoliti, grænsepoliti, kystvagt mv.;"- administration og drift af de almene politistyrker, og af havne- og grænsepoliti, kystvagt og andre specialkorps, herunder færdselsregulering, registrering af udlændinge og vedligeholdelse af strafferegistre
- tilvejebringelse af nødforsyninger til brug i tilfælde af katastrofer i fredstid";- frivillige foreningers aktiviteter til sikring af offentlig ro og orden, fx civilforsvaret;"- drift af politilaboratorier, jf. 71.20.20
- brug af sikkerhedsvagter i forbindelse med events, koncerter, messer og udstillinger, jf. 80.01.00
- administration og drift af væbnede militærstyrker, jf. 84.22.00"
2536;4;P;84.25;8425;;Aktiviteter inden for brandvæsen;Fire service activities;;;;
2537;5;P;84.25.00;842500;;Aktiviteter inden for brandvæsen;Fire service activities;Branchen omfatter brandbekæmpelse og brandforebyggende foranstaltninger udført af de regulære brandkorps og hjælpekorps.;"- brandbekæmpelsesaktiviteter:
• administration og drift af de almene brandkorps og hjælpekorps inden for brandforebyggende foranstaltninger, brandbekæmpelse, redning af mennesker og dyr, assistance ved civile katastrofer, oversvømmelser, trafikulykker mv., herunder brandbekæmpelse af enheder på kontrakt- eller honorarbasis
- strandtilsynsførendes aktiviteter, fx livreddere
- bjærgningsaktiviteter fra åbent farvand og bjergområder";;"- tjenester i forbindelse med bekæmpelse og forebyggelse af skovbrande, jf. 02.40.00
- brandbekæmpelse på olie- og gasfelter, samt brandforebyggede tjenester, jf. 09.10.00
- tjenester i forbindelse med bekæmpelse og forebyggelse af brand i lufthavne, jf. 52.23.00"
2538;3;P;84.3;843;;Aktiviteter inden for lovpligtig socialsikring;Compulsory social security activities;;;;
2539;4;P;84.30;8430;;Aktiviteter inden for lovpligtig socialsikring;Compulsory social security activities;;;;
2540;5;P;84.30.00;843000;;Aktiviteter inden for lovpligtig socialsikring;Compulsory social security activities;Branchen omfatter finansiering og administration af statslige ordninger til social sikring.;"- finansiering og administration af statslige ordninger til social sikring, fx:
• syge-, arbejdsulykkes- og arbejdsløshedsforsikring
• alderspensioner
• dækning af indtægtstab pga. barsels- og forældreorlov, midlertidig uarbejdsdygtighed, tab af forsørger mv.";;"- alternativ eller supplerende sundhedsforsikring, jf. 65.12.00
- tilvejebringelse af pensionsordninger, hvor ydelserne alene udbetales til forsikringstagers medarbejdere eller medlemmer, jf. 65.30.20
- administration af sundhedsydelser og sociale ydelser, jf. 84.12.00
- aktiviteter i forbindelse med levering af social- og sundhedsydelser i hjemmet, jf. hovedgruppe 87
- andre sociale foranstaltninger (uden institutionsophold), jf. 88.10 og 88.99"
2541;1;Q;Q;Q;;UNDERVISNING;EDUCATION;"Denne hovedafdeling omfatter undervisning på alle niveauer og inden for alle fag. Undervisningen kan være mundtlig eller skriftlig, og kan leveres via radio-, tv-udsendelser, internettet eller pr. korrespondance.

Undervisningsaktiviteter regnes som de aktiviteter, der indgår i en undervisningsplan, som har en tidsramme og munder ud i en form for evaluering af den viden, der er opnået.

Hovedafdelingen omfatter både den første formelle undervisning på forskellige niveauer i de institutioner i det almindelige skolesystem, der er udformet til studerende som en kontinuerlig uddannelsesvej, før deres indtræden på arbejdsmarkedet, såvel som den formelle undervisning uden for det almindelige skolesystem med uddannelsesplaner og kvalifikationer svarende til grundundervisningens (voksenundervisning samt læse- og skriveundervisning mv.).

Den omfatter også militærskoler og -akademier samt fængselsskoler mv. på deres respektive niveauer.

Hovedafdelingen omfatter både obligatorisk og ikke-obligatorisk skolegang samt offentlig og privat undervisning.

For hvert undervisningsniveau omfatter undergrupperne specialundervisning for personer med fysisk eller psykisk funktionsnedsættelse.

Gruppe 85.1, 85.2, 85.3 og 85.4 tager højde for de formelle undervisningsaktiviteter iht. ISCED-P 2011, dvs. den internationale standardklassifikation for skolevæsenet. Derfor er opdelingen af kategorierne i denne hovedafdeling baseret på det niveau, som undervisningstilbuddet har iht. niveaudefinitionerne i ISCED-P 2011*. Aktiviteterne i de uddannelsesinstitutioner, der tilbyder kurser på ISCED-P 2011-niveau 0, er klassificeret i 85.10, på ISCED-P 2011-niveau 1 i 85.20, på ISCED-P 2011-niveau 2 i undergruppe 85.31, på ISCED-P 2011-niveau 3 i undergruppe 85.32, på ISCED-P 2011-niveau 4 i undergruppe 85.33 og på ISCED-P-2011 niveau 5-6-7-8 i gruppe 85.4.

Uddannelsesinstitutioner, der er klassificeret i gruppe 85.2 til 85.4, er berettiget til at attestere vellykket gennemførelse af et uddannelsesprogram, sædvanligvis i form af et dokument, der er officielt anerkendt af de relevante uddannelsesmyndigheder.

BEMÆRK: * Mapninger mellem uddannelsesniveauerne og kvalifikationstitlerne på de nationale sprog findes her: https://europa.eu/!mDwYbG

Denne hovedafdeling er også baseret på sondringen mellem formel og ikke-formel uddannelse, som den europæiske klassifikation af læringsaktiviteter (European Classification of Learning Activities (CLA)) foreskriver. Dermed omfatter denne hovedafdeling ikke-formel undervisning, der hovedsagligt drejer sig om sportslige, kunstlige og rekreative aktiviteter, samt undervisningsstøtte (i gruppe 85.5-85.6).

Denne hovedafdeling omfatter desuden undervisningsaktiviteter forestået af selvstændige/individuelle/uafhængige forelæsere (lærere, universitetslærere og forskere). Sådanne aktiviteter skal klassificeres i gruppe 85.5.

Denne hovedafdeling omfatter også aktiviteter, der vedrører administration, inspektion, drift eller understøttelse af skoler og andre institutioner, der tilbyder undervisning såvel som koordinering af idrætsprogrammer.

Denne hovedafdeling omfatter ikke:
- dagplejeaktiviteter, jf. 88.91.10";;;
2542;2;Q;85;85;;Undervisning;Education;;;;
2543;3;Q;85.1;851;;Førskoleundervisning;Pre-primary education;;;;
2544;4;Q;85.10;8510;;Førskoleundervisning;Pre-primary education;;;;
2545;5;Q;85.10.00;851000;;Førskoleundervisning;Pre-primary education;Branchen omfatter de tidlige stadier af organiseret undervisning og er indbygget i 0. klasse.;- førskoleundervisning omfatter de tidlige stadier af organiseret undervisning, som hovedsaglig er beregnet til at introducere helt små børn til et skolelignende miljø for at bygge bro mellem den hjemlige og den skolebaserede atmosfære;;- pasningsordninger for børn, jf. 88.91
2546;3;Q;85.2;852;;Undervisning på grundskoler;Primary education;;;;
2547;4;Q;85.20;8520;;Undervisning på grundskoler;Primary education;Denne undergruppe omfatter grundskoleundervisning: tilbud om akademiske kurser og tilhørende skolearbejde/hjemmeopgaver, der giver eleverne en solid grunduddannelse i læsning, skrivning og matematik samt en grundlæggende forståelse af andre emner, såsom historie, geografi, naturvidenskab, samfundsvidenskab, kunst og musik.;;;
2548;5;Q;85.20.10;852010;;Undervisning på almene grundskoler;Primary education in general schools;Branchen omfatter undervisning (0-10. klasse) på almene grundskoler, fx folkeskoler, privatskoler og friskoler. Branchen omfatter også skoler med afdelinger på forskellige adresser.;"- den almindelige folkeskole, der bygger på en niårig almen grundskole
- private skoler, der giver undervisning parallelt med folkeskolens undervisning, fx friskoler og private grundskoler";- grundskoler med aldersopdelte afdelinger på forskellige adresser;"- ikke-formel uddannelse uden hensyntagen til alder eller uddannelsesområde, jf. 85.5
- 7.-10. klasse svarende mere eller mindre til den skolepligtige alder, jf. 85.31.10
- børnepasningsaktiviteter, herunder vuggestuer for elever, jf. 88.91"
2549;5;Q;85.20.20;852020;;Undervisning på specialskoler for børn med funktionsnedsættelser;Primary education in special schools;Branchen omfatter undervisning på specialskoler for børn, unge og voksne med fysiske eller psykiske funktionsnedsættelser.;- skoler for døve, blinde, psykisk handicappede, observationsskoler og andre specialskoler overvejende for børn i den undervisningspligtige alder, men også i et vist omfang for unge og voksne;"- udbud af uddannelser inden for eller uden for skolesystemet, som indholdsmæssigt svarer til programmer i grundskolen, men som er beregnet til dem, der anses for at være for gamle til at komme ind i folkeskolen, fx: 
• programmer for læse- og skrivefærdigheder for voksne, en ny chance eller gen-integrationsprogrammer";- ikke-formel uddannelse uden hensyntagen til alder eller uddannelsesområde, jf. 85.5
2550;3;Q;85.3;853;;Undervisning på gymnasier og erhvervsfaglige skoler samt videregående uddannelse, ikke på universitetsniveau;Secondary and post-secondary non-tertiary education;"Denne gruppe omfatter almene gymnasieuddannelser og tekniske og erhvervsfaglige uddannelser. Gruppen omfatter også undervisning inden for eller uden for skolesystemet, hvis indhold svarer til undervisningen på dette niveau, men som er målrettet voksne (dvs. læse- og skriveundervisning for voksne).

Gruppen omfatter ikke:
- ikke-formel undervisning og oplæring, jf. 85.5";;;
2551;4;Q;85.31;8531;;Undervisning på gymnasier, studenterkurser o.lign.;General secondary education;"Denne undergruppe omfatter den type undervisning, der danner grundlaget for livslang læring og menneskelig udvikling og som kan fremme videre uddannelsesmuligheder. Aktiviteter klassificeret i denne undergruppe er baseret på programmer, der sædvanligvis følger et mere emneorienteret mønster ved hjælp af mere specialiserede undervisere, og som typisk beskæftiger flere lærere, der underviser inden for deres speciale.

På dette niveau begynder specialisering i emner ofte at have en vis indflydelse, selv på de almene uddannelser. Programmerne er tilrettelagt, så de kvalificerer de studerende til enten tekniske og erhvervsfaglige uddannelser eller til at give adgang til videregående uddannelse uden krav til at følge særlige fag.

Denne undergruppe omfatter:
- 7.-10. klasse svarende mere eller mindre til den skolepligtige alder
- gymnasiale uddannelser, uanset om de giver adgang til videregående uddannelse

Denne undergruppe omfatter ikke:
- ikke-formel undervisning og oplæring, jf. 85.5";;;
2552;5;Q;85.31.10;853110;;Undervisning på ungdoms- og efterskoler;General lower secondary education;Branchen omfatter undervisning på ungdoms- og efterskoler, herunder særligt tilrettelagt undervisning og skoler, der starter ved 7. skoleår eller senere.;- undervisning på efterskoler;"- undervsining på ungdomskostskoler
- undervisning på skoler, der starter ved 7. skoleår eller senere";- ikke-formel uddannelse, jf. 85.5
2553;5;Q;85.31.20;853120;;Undervisning på gymnasier, studenter- og HF-kurser;General upper secondary education;Branchen omfatter undervisning, der giver adgang til videregående uddannelser, fx gymnasier og HF-kurser.;"- undervisning på: 
• gymnasier, studenter- og HF-kurser
- specialisering mht. linjevalg og fag kan forekomme, men hensigten med undervisning på dette niveau er primært, at give eleverne forudsætninger for at få adgang til tekniske og faglige uddannelser eller til universitetsuddannelser, uden på dette trin at skulle foretage et specifikt erhvervsvalg";"- undervisning på:
• gymnasiale kostskoler
• voksenuddannelsescentre (VUC)";- ikke-formel uddannelse, jf. 85.5
2554;4;Q;85.32;8532;;Undervisning på erhvervsfaglige skoler;Vocational secondary education;Denne undergruppe omfatter uddannelser med typisk fokus på fagspecialisering, og hvor der undervises i såvel teoretisk baggrund som praktiske færdigheder, der generelt er forbundet med nuværende eller kommende beskæftigelse. Målet for et program kan variere fra forberedelse til et generelt arbejdsområde til forberedelse til et meget specifikt job.;;;
2555;5;Q;85.32.00;853200;;Undervisning på erhvervsfaglige skoler;Vocational secondary education;Branchen omfatter undervisning på både adgangsgivende og praktiske uddannelser. Branchen omfatter bl.a. erhvervsgymnasier og husholdnings- og søfartsskoler.;- udbud af teknisk og erhvervsfaglig uddannelse, under universitetsniveau, som defineret i gruppe 85.33;"- udbud af uddanelser, fx som:
• turistguide
• kok, hotelvært og restauratør
• kosmetolog- og barber
• reparation af IT-udstyr
- køreskolers uddannelsesaktiviteter for erhvervschauffører, fx af:
• lastbiler, busser og busser
• gaffeltruckchauffører 
• professionelle piloter, inkl. instruktioner til dronepiloter";"- videregående uddannelser, ikke på universitetsniveau, jf. 85.33.00
- højere tekniske og erhvervsfaglige uddannelser, jf. 85.40.00
- ikke-formel erhvervsuddannelse, jf. 85.5
- uddannelser inden for kunst til fritids-, hobby- og selvudviklingsformål, jf. 85.52.00
- uddannelsesaktiviteter på køreskoler, der ikke er henvendt til erhvervschauffører, jf. 85.53.00
- jobtræning, som er en del af sociale indsatser, uden indkvartering, jf. 88.10.30 og 88.99.90"
2556;4;Q;85.33;8533;;Videregående uddannelse, ikke på universitetsniveau;Post-secondary non-tertiary education;;;;
2557;5;Q;85.33.00;853300;;Videregående uddannelse, ikke på universitetsniveau;Post-secondary non-tertiary education;Branchen omfatter undervisning på videregående uddannelser, som ikke er på universitetsniveau.;- udbud af generelle, erhvervsfaglige og videregående uddannelser, som ikke kan anses for at være på universitetsniveau. Niveauet vedrører generelle og erhvervsfaglige videregående uddannelsesprogrammer, som ikke er på universitetsniveau;- udbud af supplerende adgangsgivende uddannelser og erhvervsfaglige ikke videregående uddannelser.;"- tekniske og erhvervsrettede videregående uddannelser, jf. 85.40.00
- ikke-formel uddannelse, jf. 85.5"
2558;3;Q;85.4;854;;Videregående uddannelse på universitetsniveau;Tertiary education;;;;
2559;4;Q;85.40;8540;;Videregående uddannelse på universitetsniveau;Tertiary education;Denne undergruppe omfatter akademiske og erhvervsfaglige kurser, der fører til bachelor- og kandidatgrader eller tilsvarende.;;;
2560;5;Q;85.40.00;854000;;Videregående uddannelse på universitetsniveau;Tertiary education;Branchen omfatter undervisning på videregående uddannelser på universitetsniveau, fx bachelor- og kandidatuddannelser.;"- uddannelse på offentlige og private universiteter på niveau med:
• korte uddannelser, normalt baseret på praktik inden for en given profession og som forbereder de studerende til at komme ud på arbejdsmarkedet eller ind på andre videregående uddannelser
• uddannelser på bachelorniveau, hvor optagelse sker på baggrund af et studentereksamensbevis, og som fører til en eksamen på bachelorniveau
• uddannelser på kandidatniveau, hvor optagelse sker på baggrund af mindst en bacheloreksamen, og som fører til en eksamen på kandidatniveau
• mastergradsuddannelser, hvor optagelse sker på baggrund af et studentereksamensbevis, og som fører til en eksamen på kandidatniveau
• overbygningsstudier, hvor optagelse sker på baggrund af mindst en bacheloruddannelse, og som fører til en ph.d.-grad
• forskeruddannelser, hvor optagelse sker på baggrund af mindst en kandidatgrad, og som fører til en doktorgrad

Undervisning skal afholdes som fuldtids- og deltidsstudier.";"- korte uddannelsesprogrammer på ISCED-P 2011 niveau 5
- højere erhvervsfaglige uddannelser på ISCED-P 2011 niveau 6 og ISCED-P 2011 niveau 7, fx uddannelser, der fører til en håndværksmestereksamen
- uddannelsesaktiviteter på skoler for udøvende kunstarter på universitetsniveau
- voksen- eller efteruddannelser, der i indholdskompleksitet svarer til indholdet i de uddannelser, der allerede er klassificeret på dette niveau";- ikke-formel undervisning og oplæring, jf. 85.5
2561;3;Q;85.5;855;;Anden undervisning;Other education;"Denne gruppe omfatter uddannelse (herunder ikke-formel), som hverken er en del af grunduddannelsen i det almindelige skolesystem eller svarer til uddannelsesindhold og kvalifikationer til disse uddannelser. Det omfatter uddannelse til ethvert fagligt, hobby-relateret eller selvudviklingsformål for både børn og voksne, herunder ikke-formel efter- og videreuddannelse. 

Ikke-formel uddannelse er defineret ved ISCED-P 2011 som institutionaliseret, tilsigtet og planlagt af en uddannelsesudbyder uddannelse som et supplement, alternativ og/eller supplement til formel uddannelse inden for processen med individers livslange læring. Den henvender sig til mennesker i alle aldre, men anvender ikke nødvendigvis en kontinuerlig stistruktur, den kan være af kort varighed og/eller lav intensitet, og den tilbydes typisk i form af korte kurser, workshops eller seminarer.

Denne gruppe omfatter udbud af atletisk undervisning til grupper eller enkeltpersoner, undervisning i fremmedsprog, kunst, drama eller musik eller anden undervisning eller specialiseret træning, leveret af lejre og skoler, der ikke kan sammenlignes med undervisningen i grupperne 85.1-85.4.

Gruppen omfatter også uddannelsesaktiviteter udført af selvstændige/individuelle/uafhængige undervisere (vejledere, akademikere, instruktører).

Gruppen omfatter ikke formelle uddannelsesaktiviteter, som skitseret i grupperne 85.1-85.4, dvs. førskoleuddannelse, grundskole, sekundær uddannelse, videregående uddannelse (ikke på universitetsniveau) eller videregående uddannelse.";;;
2562;4;Q;85.51;8551;;Undervisning inden for sport og fritid;Sports and recreation education;;;;
2563;5;Q;85.51.00;855100;;Undervisning inden for sport og fritid;Sports and recreation education;"Branchen omfatter undervisning inden for sport og fritid, der er formelt tilrettelagt. Undervisningen kan foregå under mange forskellige rammer, fx på kundens træningsfaciliteter, på uddannelsesinstitutioner eller andet, herunder på internettet. Undervisningen kan afsluttes med en eksamen, men denne er ikke kompetencegivende, dvs. ingen ECTS-point. Aktiviteter udført af professionelle sportsinstruktører, -lærere og -trænere/coaches er også omfattet.

Undervisning i fitnessklubber, yogastudier og lignende faciliteter henvises til 93.13.00 og træning i sportsklubber henvises til 93.12.00.";"- idrætsundervisning på lejre eller i skoler
- gymnastikundervisning
- rideundervisning
- svømmeundervisning
- instruktion i kampsport
- kortspilsinstruktion, fx bridge
- brætspilskurser
- yoga eller pilates undervisning
- e-sportsundervisning";"- aktiviteter udført af professionelle sportsinstruktører, -lærere og -trænere/coaches
- idrætsundervisningslejre i dagtimerne eller med overnatning";"- aktiviteter, der tilbydes på konventionelle skoler, læreanstalter og universiteter, jf. 85.40.00
- undervisning i kulturelle discipliner, jf. 85.52.00
- træning i sportsklubber, jf. 93.12.00
- fitnessinstruktion i fitnessklubber, yogastudier og lignende faciliteter, jf. 93.13.00"
2564;4;Q;85.52;8552;;Undervisning i kulturelle discipliner;Cultural education;;;;
2565;5;Q;85.52.00;855200;;Undervisning i kulturelle discipliner;Cultural education;Branchen omfatter undervisning i kulturelle discipliner som kunst, drama og musik, der er formelt tilrettelagt og hovedsaglig til hobby-, fritids- eller selvudviklingsformål uden kompetencegivende eksamen, dvs. ingen ECTS-point. Undervisningen kan tilbydes på skoler, danseskoler, aftenskoler mv.;"- musikundervisning
- kunstundervisning
- danseundervisning
- undervisning i drama, udøvende kunstarter og fotografi";- aktiviteter udført af professionelle kunstinstruktører og -undervisere;"- undervisning på dramaskoler, kunstakademier, balletskoler, skuespillerskoler, fotoskoler mv., som fører til et kompetencegivende eksamensbevis, jf. 85.3 og 85.40.00
- undervisning i fremmedsprog, jf. 85.59.00
- social mægling, jf. 88.99.90"
2566;4;Q;85.53;8553;;Drift af køreskoler;Driving school activities;;;;
2567;5;Q;85.53.00;855300;;Drift af køreskoler;Driving school activities;Branchen omfatter undervisning i at føre bil, fly eller båd til privat brug.;;- undervisning på fly-, sejler- og søfartsskoler, der ikke udsteder erhvervsmæssige certifikater og tilladelser;- uddannelsesaktiviteter på køreskoler til erhvervschauffører og professionelle piloter, jf. 85.32.00
2568;4;Q;85.59;8559;;Anden undervisning i.a.n.;Other education n.e.c.;;;;
2569;5;Q;85.59.00;855900;;Anden undervisning i.a.n.;Other education n.e.c.;Branchen omfatter anden undervisning, fx privatundervisning, undervisning der ikke kan niveau-bestemmes, computerkurser mv.;"- undervisning, der ikke kan niveaubestemmes
- privatundervisning
- specialundervisning
- faglige eksamensbedømmelseskurser
- undervisning i sprog og samtalefærdigheder
- computerkurser (fx almindelig brug af computer, programmeringskurser, brug af apps)
- afspændingskurser (fx kurser i meditation, åndedrætsteknikker, bevidsthed gennem bevægelse, teknikker til at afhjælpe stress og angst)
- sykurser
- ønologi kurser
- familielivskurser, fx kurser om forældreskab
- undervisning i plantebeskyttelsesmidler";"- livredderundervisning
- overlevelsestræning
- træning i at tale offentligt
- undervisning i hurtiglæsning
- aktiviteter udført af professionelle instruktører og lærere i andre fag end idræt, kunst og køreundervisning";"- formel læse- og skriveundervisning for voksne, jf. 85.20
- undervisning på gymnasier, studenterkurser o.lign., jf. 85.31.20
- undervisning på tekniske og erhvervsfaglige skoler, jf. 85.32.00
- underholdning på plejehjem, jf. 93.29.90"
2570;3;Q;85.6;856;;Levering af hjælpeydelser i forbindelse med undervisning;Educational support activities;;;;
2571;4;Q;85.61;8561;;Formidlingsaktiviteter i forbindelse med kurser og undervisere;Intermediation service activities for courses and tutors;Denne undergruppe omfatter formidling af services til kurser og undervisere ved at bringe kunder og udbydere af services sammen for et honorar eller provision, hvor formidleren ikke selv tilbyder de formidlede ydelser. Formidlingen kan foregå på digitale platforme eller via ikke-digitale kanaler (ansigt-til-ansigt, herunder dør-til-dør, telefon og post mv.). Honoraret eller provisionen kan betales enten af kunden eller af udbyderen af services til kurser og undervisere. Indtægter fra formidlingen kan indbefatte andre indtægtskilder, fx indtægter fra salg af annonceplads.;;;
2572;5;Q;85.61.00;856100;;Formidlingsaktiviteter i forbindelse med kurser og undervisere;Intermediation service activities for courses and tutors;Branchen omfatter formidlingsaktiviteter af services til kurser og undervisere ved at bringe kunder og udbydere sammen.;- formidling af services til kurser og undervisere ved at bringe kunder og udbydere af services sammen for et honorar eller provision, hvor formidleren ikke selv tilbyder de formidlede ydelser. Formidlingen kan foregå på digitale platforme eller via ikke-digitale kanaler (ansigt-til-ansigt, herunder dør-til-dør, telefon, post mv.). Honoraret eller provisionen kan betales enten af kunden eller af udbyderen af services til kurser og undervisere. Indtægter fra formidlingsaktiviteterne kan indbefatte andre indtægtskilder, fx indtægter fra salg af annonceplads;;
2573;4;Q;85.69;8569;;Levering af hjælpeydelser i forbindelse med undervisning i.a.n.;Educational support activities n.e.c.;;;;
2574;5;Q;85.69.00;856900;;Levering af hjælpeydelser i forbindelse med undervisning i.a.n.;Educational support activities n.e.c.;Branchen omfatter hjælpeydelser i forbindelse med undervisning, fx uddannelsesrådgivning, studievejledning og tilrettelæggelse af studenterudvekslingsprogrammer.;"- levering af ydelser, som ikke er undervisning, men som understøtter undervisningsforløb eller uddannelsessystemer:
• uddannelsesrådgivning
• erhvervs- og karriererådgivning
• studievejledning
• evaluering af undervisningsprøver
• undervisningsprøver
• organisering af udvekslingsprogrammer for studerende
• eksamination og test af regulerede professioner, fx piloter
• udvikling af undervisningsplaner
• ekspert- og rehabiliteringsaktiviteter ifm. undersøgelse af indlæringsevne";;- forskning og eksperimentel udvikling inden for samfundsvidenskab og humanistiske videnskaber, jf. 72.20.00
2575;1;R;R;R;;AKTIVITETER INDEN FOR SUNDHEDS- OG SOCIALVÆSEN;HUMAN HEALTH AND SOCIAL WORK ACTIVITIES;"Denne hovedafdeling omfatter udbud af sundhedsydelser og socialvæsen, der strækker sig over en lang række aktiviteter i privat såvel som offentligt regi.

Hovedafdelingen omfatter:
- sundhedsydelser stillet til rådighed af uddannede læger på hospitaler og andre faciliteter, herunder ambulante rammer
- institutionsophold, hvor der stadig kræves et vist omfang af sundhedsydelser
- sociale foranstaltninger uden ophold og uden sundhedspersonales medvirken

Denne hovedafdeling omfatter også sociale foranstaltninger med ophold, fx midlertidige herberger for hjemløse.";;;
2576;2;R;86;86;;Aktiviteter inden for sundhedsvæsen;Human health activities;"Denne hovedgruppe omfatter sundhedspleje under kort- eller langvarige hospitalsindlæggelser, almindelig eller specialiseret medicinsk og kirurgisk, stillet til rådighed af hospitaler, sanatorier, behandlingshjem, psykiatriske hospitaler og revalideringscentre samt andre institutioner inden for sundhedsvæsenet med kapacitet til patientindlæggelse og som beskæftiger sig med at stille diagnoser og give lægebehandling til fortrinsvis indlagte patienter med en bred vifte af sygdomme.

Denne hovedgruppe omfatter også konsultation og behandling inden for almen medicin og på speciallægeområdet udført af praktiserende læger, speciallæger og kirurger. Den omfatter tandlægearbejde i almindelige og specialtandlægepraksisser samt tandregulering.

Desuden omfatter denne hovedgruppe alle aktiviteter inden for sundhedsvæsenet, der ikke udøves på hospitaler eller af praktiserende læger, men af praktiserende paramedicinere og personer med sundhedsfaglig baggrund. Denne hovedgruppe omfatter også andre aktiviteter i forbindelse med menneskers sundhed i lægelaboratorier, blodbanker, sædbanker og banker for transplantationsorganer mv., herunder indsamling, forarbejdning, lagring og forsendelse.

Denne hovedgruppe omfatter ikke:
- dyrlægers aktiviteter, jf. 75.00.00";;;
2577;3;R;86.1;861;;Aktiviteter inden for hospitalsvæsen;Hospital activities;Denne gruppe omfatter aktiviteter vedrørende menneskers sundhed på hospitaler med ret til at behandle patienter.;;;
2578;4;R;86.10;8610;;Aktiviteter inden for hospitalsvæsen;Hospital activities;;;;
2579;5;R;86.10.00;861000;;Aktiviteter inden for hospitalsvæsen;Hospital activities;"Branchen omfatter drift af hospitaler og klinikker med diagnosticering, kort eller langvarig læge- og medicinsk behandling samt sygepleje og andre sundhedsydelser. Branchen omfatter også psykiatriske hospitaler. 

Billeddiagnostiske undersøgelser og medicinske laboratorieaktiviteter, som ikke er del af hospitalsvæsenet, henvises til 86.91.00.";"- kort eller langvarig lægebehandling, diagnosticering og medicinsk behandling, herunder sygepleje og andre sundhedsydelser til indlagte patienter, og levering af de specialiserede indkvarteringsmuligheder, som indlagte patienter kræver, på almindelige og specialiserede hospitaler (fx lokale og regionale hospitaler, hospitaler drevet af almennyttige organisationer, universitetshospitaler, militærhospitaler og fængselshospitaler). Aktiviteterne retter sig hovedsagligt mod indlagte patienter, udføres under direkte lægeligt tilsyn og omfatter:
 • læger- og paramedicineres virke
 • laboratorietjenester og tekniske tjenester, fx radiologi og anæstesi
 • skadestuer
 • operationsstuetjenester, farmaceutiske tjenester, forplejning og andre hospitalstjenester
 • fertilitetsklinikker, som tilbyder lægebehandling, fx sterilisation og svangerskabsafbrydelse, med patientindlæggelse";- psykiatriske hospitaler, som tilbyder diagnostisk og lægefaglig behandling;"- laboratorieprøver og undersøgelse af materialer og produkter af enhver art, undtagen medicinske laboratorieundersøgelser, jf. 71.20.20
- dyrlægers aktiviteter, jf. 75.00.00
- sundhedsaktiviteter for militærpersonel i felten, jf. 84.22.00
- private konsulentydelser til indlagte patienter, jf. 86.2
- tandlægearbejde i almindelige praksisser og specialtandlægepraksisser, fx tandbehandling, endodontisk og pædiatrisk tandbehandling, oral patologi og tandregulering, jf. 86.23.00
- billeddiagnostiske undersøgelser og medicinske laboratorieaktiviteter, som ikke er en del af hospitalsvæsenet, jf. 86.91.00
- patienttransport med ambulance, jf. 86.92.00"
2580;3;R;86.2;862;;Læge- og tandlægeaktiviteter;Medical and dental practice activities;"Denne gruppe omfatter konsultation og behandling udført af alment praktiserende læger og speciallæger, fx læger og tandlæger med ret til at behandle patienter. Aktiviteterne kan udøves i privat praksis, lægecentre samt på hospitalsambulatorier og i klinikker, der er tilknyttet virksomheder, skoler, plejehjem eller faglige organisationer, samt i patienternes hjem.

Gruppen omfatter også:
- private konsulentydelser til indlagte patienter, jf. 86.2";;;
2581;4;R;86.21;8621;;Alment praktiserende lægers aktiviteter;General medical practice activities;;;;
2582;5;R;86.21.00;862100;;Alment praktiserende lægers aktiviteter;General medical practice activities;"Branchen omfatter konsultation og behandling udført af alment praktiserende læger og vagtlæger, hvad enten det foregår i individuel praksis, i lægehuse eller patientens hjem. Der skelnes ikke mellem private og offentlige læger. 

Lægeaktiviteter med andre specialer end almen medicin henvises til 86.22.00 og hospitalsaktiviteter i forhold til indlagte patienter henvises til 86.10.00.";- konsultation og behandling inden for almen medicin udført af praktiserende læger;;"- hospitalsaktiviteter i forhold til indlagte patienter, jf. 86.10.00
- speciallægers aktiviteter, jf. 86.22.00
- sygepleje- og jordmoderaktiviteter, jf. 86.94.00
- fysioterapeutaktiviteter, jf. 86.95.00
- traditionelle, komplementære og alternative behandlingsformer, jf. 86.96.00"
2583;4;R;86.22;8622;;Speciallægers aktiviteter;Medical specialists activities;;;;
2584;5;R;86.22.00;862200;;Speciallægers aktiviteter;Medical specialists activities;"Branchen omfatter speciallægers aktiviteter, fx fertilitetsklinikker, kosmetisk kirurgi, strålebehandling, vaccinationscentre og psykiatere. 

Psykoterapeuters aktiviteter henvises til 86.93.00.";- konsultation og behandling inden for medicin og på speciallægeområdet udført af speciallæger og kirurger;"- fertilitetsklinikker som tilbyder lægebehandling, fx sterilisation og svangerskabsafbrydelse, med patientindlæggelse
- kosmetisk kirurgi udført af lægefaglige specialister
- behandling på ambulatorier, klinikker eller dagsafsnit, fx dialyse, kemoterapi, insulinterapi, åndedrætsbehandling, strålebehandling mv.
- lægefaglig analyse og fortolkning af billeddiagnostisk materiale (røntgen, elektrokardiogrammer, endoskopier mv.)
- psykiateres aktiviteter
- vaccinationscentres aktiviteter (vaccination og podning)
- trombosecentres aktiviteter";"- hospitalsaktiviteter i forhold til indlagte patienter, jf. 86.10.00
- psykoterapeutaktiviteter, jf. 86.93.00
- sygepleje- og jordmoderaktiviteter, jf. 86.94.00
- skønhedsbehandlinger, som ikke udføres af lægefaglige specialister, fx udført af kosmetologer, jf. 96.22.00"
2585;4;R;86.23;8623;;Tandlægers aktiviteter;Dental practice care activities;;;;
2586;5;R;86.23.00;862300;;Tandlægers aktiviteter;Dental practice care activities;"Branchen omfatter både almindelig og specialiseret tandlægebehandling, herunder tandregulering og tandlægearbejde på operationsstuer. 

Fremstilling af kunstige tænder eller tandproteser henvises til 32.50.00 og aktiviteter udført af tandlægeassistenter, fx tandplejere og klinikassistenter, henvises til 86.99.00.";"- tandlægearbejde i almindelige praksisser og specialtandlægepraksisser, fx tandbehandling, endodontisk og pædiatrisk tandbehandling og oral patologi
- tandregulering";- tandlægearbejde på operationsstuer;"- fremstilling af kunstige tænder og tandproteser, der udføres af tandteknikere, jf. 32.50.00
- hospitalsaktiviteter i forhold til indlagte patienter, jf. 86.10.00
- aktiviteter udført af tandlægeassistenter, fx tandplejere og klinikassistenter, jf. 86.99.00"
2587;3;R;86.9;869;;Andre aktiviteter inden for sundhedsvæsen;Other human health activities;Denne gruppe omfatter aktiviteter inden for sundhedsvæsenet (uden indlæggelsesmuligheder), som ikke udøves på hospitaler eller af praktiserende læger, men af praktiserende paramedicinere og personer med sundhedsfaglig baggrund.;;;
2588;4;R;86.91;8691;;Billeddiagnostiske undersøgelser og medicinske laboratorieaktiviteter;Diagnostic imaging services and medical laboratory activities;Denne undergruppe omfatter medicinske laboratorier, der tilbyder analyse- og diagnostiske tjenester (uden selve den lægefaglige analyse eller fortolkning), herunder analyse af kropsvæsker eller genetiske prøver, direkte til ambulante patienter med eller uden henvisning fra autoriseret sundhedspersonale.;;;
2589;5;R;86.91.00;869100;;Billeddiagnostiske undersøgelser og medicinske laboratorieaktiviteter;Diagnostic imaging services and medical laboratory activities;"Branchen omfatter billeddiagnostiske undersøgelser og medicinske laboratorieaktiviteter samt laboratorieaktiviteter til dopingkontrol. 

Lægefaglig analyse og fortolkning af billeddiagnostisk materiale (røntgen, elektrokardiogrammer, endoskopier mv.) henvises til 86.22.00.";"- røntgenlaboratorier og andre billeddiagnostiske centre
- blodanalyselaboratorier
- DNA-sekvensering til udelukkelse eller helbredelse af en bestemt sygdom";- laboratorieaktiviteter til dopingkontrol;"- ikke-medicinske laboratorieundersøgelser, undersøgelser inden for fødevarehygiejne og retsmedicinske laboratorieundersøgelser, jf. 71.20
- lægefaglig analyse og fortolkning af billeddiagnostisk materiale (røntgen, elektrokardiogrammer og endoskopier mv.), jf. 86.22.00
- genetikdatacentre eller blod- og organbanker, jf. 86.99.00"
2590;4;R;86.92;8692;;Patienttransport med ambulance;Patient transportation by ambulance;;;;
2591;5;R;86.92.00;869200;;Patienttransport med ambulance;Patient transportation by ambulance;Branchen omfatter patienttransport med ambulance samt specialtransport af patienter med ledsagelse af paramedicinere.;- ambulancetransport af patienter med enhver transportform, inklusive fly, med paramedicinere/læger og livreddende udstyr ombord;"- specialtransport af patienter med ledsagelse af paramedicinere
- primær sundhedspleje udført af paramediciner eller læge under ambulancetransporten";"- transport af patienter i køretøjer uden paramedicinere og livreddende udstyr, jf. hovedgruppe 49 og 50
- transport af patienter i flyvemaskiner uden paramedicinere og livreddende udstyr, jf. hovedgruppe 51
- transport af blod og organer/kropsvæsker, jf. 86.99.00"
2592;4;R;86.93;8693;;Psykologisk og psykoterapeutisk rådgivning;Activities of psychologists and psychotherapists, except medical doctors;;;;
2593;5;R;86.93.00;869300;;Psykologisk og psykoterapeutisk rådgivning;Activities of psychologists and psychotherapists, except medical doctors;"Branchen omfatter konsultation og behandling udført af psykologer, sundhedspsykologer og psykoterapeuter. 

Psykiateres aktiviteter henvises til 86.22.00.";- konsultation og behandling udført af psykologer, fx kliniske psykologer, sundhedspsykologer og psykoterapeuter, undtagen læger;- musikterapi udført af psykoterapeuter/psykologer;- psykiateres aktiviteter, jf. 86.22.00
2594;4;R;86.94;8694;;Sundhedspleje, hjemmesygepleje, jordemoderaktiviteter mv.;Nursing and midwifery activities;;;;
2595;5;R;86.94.00;869400;;Sundhedspleje, hjemmesygepleje, jordemoderaktiviteter mv.;Nursing and midwifery activities;"Branchen omfatter ydelser udført af uafhængige sygeplejersker i egne konsultationslokaler eller i patienternes hjem, herunder også fødeklinikker uden permanent lægetilsyn. 

Hjemmepleje henvises til 88.10.10.";"- sundhedspleje og jordemoderarbejde, som ikke udføres af læger, fx:
 • ydelser fra uafhængige sygeplejersker, som arbejder i egne konsultationslokaler eller i patienternes hjem
 • fødeklinikker, der ikke er under permanent tilsyn af læger";"- sygeplejere
- palliativ behandling og pleje for ambulante patienter";"- fødeafsnit på hospitaler under direkte tilsyn af læger, jf. 86.10.00
- institutionsophold med sygepleje, jf. 87.10.20
- hjemmepleje, jf. 88.10.10"
2596;4;R;86.95;8695;;Fysio- og ergoterapi;Physiotherapy activities;Denne undergruppe omfatter behandling udført af uafhængige fagfolk for at forbedre mobilitet, genskabe funktion eller nedsætte smerter. Den tilbudte behandling omfatter fysioterapi mv.;;;
2597;5;R;86.95.00;869500;;Fysio- og ergoterapi;Physiotherapy activities;"Branchen omfatter fysio- og ergoterapi udført af lægefaglige behandlere.

Osteopat-, kiropraktor- og akupunktøraktiviteter henvises til 86.96.00. Sportsmassage og andre kropsbehandlingsteknikker henvises til 86.99.00. Ikke-lægefaglig massage henvises til 96.23.00.";- lægefaglige fysiske terapiaktiviteter med fokus på at behandle specifikke medicinske tilstande, fx ved at forbedre mobilitet, genoprette funktion eller reducere smerte;"- lægefaglige behandlere, der fx udøver fysio- og ergoterapi
- ergoterapeutaktiviteter";"- osteopataktiviteter, jf. 86.96.00
- kiropraktoraktiviteter, jf. 86.96.00
- kropsbehandlingsteknikker, fx sportsmassage, shiatsu, thaimassage, watsu og tuina qigong, jf. 86.99.00
- massageklinikker, der tilbyder ikke-lægefaglig massage, jf. 96.23.00"
2598;4;R;86.96;8696;;Traditionelle, komplementære og alternative behandlingsformer;Traditional, complementary and alternative medicine activities;Denne undergruppe omfatter forebyggende, helbredende eller rehabiliterende sundhedsydelser udført af sundhedsfagfolk. De helbredsmæssige effekter af disse ydelser er ikke baseret på videnskabelige data for diagnosticering og behandling af sygdomme og er indtil videre ikke anerkendte behandlingsformer.;;;
2599;5;R;86.96.00;869600;;Traditionelle, komplementære og alternative behandlingsformer;Traditional, complementary and alternative medicine activities;"Branchen omfatter traditionelle, komplementære og alternative behandlingsformer, fx traditionel kinesisk urtemedicin, aromaterapi, osteopati, zoneterapi og hypnoterapi. 

Kropsbehandlingsteknikker som fx sportsmassage, shiatsu, thaimassage og watsu henvises til 86.99.00. Ikke-lægefaglig massage henvises til 96.23.00.";"- traditionelle behandlinger, der omfatter en række mangeårige praksisser, som stadig er under udvikling, og udviklet inden for forskellige samfund før eller under udviklingen af moderne medicin, fx traditionelle kinesiske behandlinger som kinesisk urtemedicin, Unani og traditionel afrikansk medicin
- komplementære terapeutiske ydelser, fx Alexanderterapi, aromaterapi, Bachterapi og andre blomsterterapier, kropsterapi, Ayurvedisk medicin og urtemedicin, naturlægekunst og ernæringsterapi
- alternative terapeutiske ydelser, fx homøpati, kiropraktik, osteopati, krystalterapi, irisanalyse, kinesiologi og elektromagnetisk terapi";"- healeraktiviteter
- hypnoterapi
- zoneterapi
- Cesar- og Mensendieck-terapeuter
- naprapati
- akupunktur";"- kropsbehandlingsteknikker, fx sportsmassage, shiatsu, thaimassage, watsu og tuina qigong, jf. 86.99.00
- sundhedsorganisationers aktiviteter, jf. 94.99.00"
2600;4;R;86.97;8697;;Formidlingsaktiviteter inden for læge- og tandlægeaktiviteter samt sundhedsvæsen i øvrigt;Intermediation service activities for medical, dental and other human health services;Denne undergruppe omfatter formidling af læge-, tandlæge- og andre sundhedsydelser ved at sætte kunder og udbydere i forbindelse med hinanden mod et honorar eller provision, hvor formidleren ikke selv udbyder de læge-, tandlæge- og sundhedsydelser i øvrigt, som formidles. Formidlingen kan foregå på digitale platforme eller via ikke-digitale kanaler (ansigt-til-ansigt, herunder dør-til-dør, telefon og post mv.). Honoraret eller provisionen kan modtages enten fra kunden eller fra udbyderen af læge-, tandlæge- og sundhedsydelser i øvrigt. Indtægter fra formidlingen kan indbefatte andre indtægtskilder, fx indtægter fra salg af annonceplads.;;;
2601;5;R;86.97.00;869700;;Formidlingsaktiviteter inden for læge- og tandlægeaktiviteter samt sundhedsvæsen i øvrigt;Intermediation service activities for medical, dental and other human health services;"Branchen omfatter formidlingsaktiviteter inden for læge- og tandlægearbejde og sundhedsvæsen i øvrigt. 

Formidlingsaktiviteter i forbindelse med institutionsophold henvises til 87.91.00.";;- tidsbestilling inden for læge- og tandlægearbejde og sundhedsvæsen i øvrigt;- formidlingsaktiviteter i forbindelse med institutionsophold, jf. 87.91.00
2602;4;R;86.99;8699;;Drift af sundhedsvæsen i øvrigt i.a.n.;Other human health activities n.e.c.;;;;
2603;5;R;86.99.00;869900;;Drift af sundhedsvæsen i øvrigt i.a.n.;Other human health activities n.e.c.;"Branchen omfatter drift af sundhedsvæsen i øvrigt, fx optometri, taleterapi, fodterapi, fodpleje, diætister, hudterapeuter og thaimassage. En række forskellige ""banker"", fx blodbanker, banker for transplantationsorganer, vævsbanker mv. Sundhedsrelateret overvågning er også omfattet.

Fysio- og ergoterapi henvises til 86.95.00. Osteopat-, kiropraktor- og akupunktøraktiviteter henvises til 86.96.00. Ikke-lægefaglige massøraktiviteter, der primært har fokus på velvære, afslapning og generel muskelafspænding, henvises til 96.23.00.";"- sundhedsydelser i.a.n.:
 • paramedicinske aktiviteter inden for optometri, hydroterapi, taleterapi, fodpleje/fodterapi mv.";"- aktiviteter udført af tandlægeparamedicinsk personale, fx tandterapeuter, skoletandplejer, tandlægehygiejnepersonale, som kan arbejde fjernt fra, men periodisk overvåges af tandlæger
- aktiviteter i blodbanker, vævsbanker, sædbanker, transplantationsorganbanker, biobanker, genomdatacentre mv., herunder indsamling, behandling, opbevaring og forsendelse
- drift af knoglemarvsdonorregistre
- ortoptisters aktiviteter
- fodterapeuters aktiviteter
- hudterapeuters aktiviteter
- sundhedsrelaterede overvågningsaktiviteter (spædbørnsernæring og børns sundhed)
- diætisters aktiviteter
- forebyggende sundhedsaktiviteter og sygdomsdetektion (kræft, tuberkulose og kønssygdomme)
- transport af blod og kropsorganer og væsker
- kropsbehandlingsteknikker, fx sportsmassage, shiatsu, thaimassage, watsu, tuina qigong mv.
- dyreterapiaktiviteter, fx hippoterapi
- colon hydroterapi
- dans og bevægelsesterapi
- kunstterapi";"- fremstilling af kunstige tænder og tandproteser, der udføres af tandteknikere, jf. 32.50.00
- ikke-medicinske laboratorieaktiviteter, jf. 71.20.20
- undersøgelser inden for fødevarehygiejne, jf. 71.20.10
- hospitalsaktiviteter, jf. 86.10.00
- praktiserende lægers og tandlægers aktiviteter, jf. 86.2
- billeddiagnostiske undersøgelser og medicinske laboratorieaktiviteter, jf. 86.91.00
- psykologaktiviteter, fx kliniske psykologer og sundhedspsykologer og psykoterapeuter, undtagen læger, jf. 86.93.00
- sygepleje- og jordmoderaktiviteter, jf. 86.94.00
- fysioterapeutaktiviteter, jf. 86.95.00
- ergoterapiaktiviteter, jf. 86.95.00
- osteopat-, kiropraktor- og akupunktøraktiviteter, jf. 86.96.00
- ikke-lægefaglige massøraktiviteter, jf. 96.23.00
- institutionsophold med sygepleje, jf. 87.10.20"
2604;2;R;87;87;;Aktiviteter i forbindelse med institutionsophold;Residential care activities;"Denne hovedgruppe omfatter institutionsophold i kombination med sygepleje, tilsyn eller andre former for pleje alt efter beboernes behov. Institutionsophold er en blanding af sundhedspleje og sociale foranstaltninger, hvor sundhedsplejen overvejende består af en eller anden grad af sygepleje. Aktiviteter i forbindelse med institutionsophold ydes til beboere, som kan være midlertidige beboere.

Denne hovedgruppe omfatter også aktiviteter i plejecentre (som sørger for regelmæssig pleje i bebyggelser, der er specielt bygget eller tilpasset til bestemte målgrupper). Enheder klassificeres afhængigt af målgruppen.

Denne hovedgruppe omfatter ikke:
- sygepleje uden institutionsophold, jf. 86.94.00
- pleje uden institutionsophold, jf. hovedgruppe 88";;;
2605;3;R;87.1;871;;Aktiviteter i forbindelse med institutionsophold med sygepleje;Residential nursing care activities;;;;
2606;4;R;87.10;8710;;Aktiviteter i forbindelse med institutionsophold med sygepleje;Residential nursing care activities;Denne undergruppe omfatter aktiviteter i forbindelse med institutionsophold med medicinsk hjælp, sygepleje og rehabiliteringsbehandlinger. Disse institutioner har en kerne af faste medarbejdere med en uddannelse som sygeplejersker, samt andet personale, som yder sygepleje i kombination med personlig pleje. De medicinske eller sygeplejemæssige opgaver omfatter typisk at give medicin og forbinde sår og de udføres hovedsagelig uden tilsyn af en læge på stedet.;;;
2607;5;R;87.10.10;871010;;Drift af plejehjem;Operation of nursing homes;Branchen omfatter drift af plejehjem for ældre med sygepleje.;- plejehjem for ældre med sygepleje;;"- palliativ behandling og pleje for ambulante patienter, jf. 86.94.00
- aktiviteter på hjem for ældre borgere uden tilknyttet sygepleje eller med et minimum af sygepleje, jf. 87.30.20"
2608;5;R;87.10.20;871020;;Institutionsophold med sygepleje i.a.n.;Institutional stay with nursing care n.e.c.;"Branchen omfatter bl.a. rekreationshjem, som ikke er psykiatriske hospitaler eller misbrugsafvænningsklinikker, hvilehjem med sygepleje og hospicer, herunder for hospitalspatienter til palliativ behandling. 

Palliativ behandling og pleje for ambulante patienter henvises til 86.94.00.";"- rekreationshjem, som ikke er psykiatriske hospitaler eller misbrugsafvænningsklinikker
- hvilehjem med sygepleje
- sygeplejefaciliteter
- hospicer
- hospicer for hospitalspatienter til palliativ behandling";;"- palliativ behandling og pleje for ambulante patienter, jf. 86.94.00
- aktiviteter på hjem for ældre borgere uden tilknyttet sygepleje eller med et minimum af sygepleje, jf. 87.30.20
- tilbud om institutionsophold og indkvarteringshjælp, fx børnehjem, skolehjem og ungdomshjem, midlertidige herberger for hjemløse, jf. 87.99.90"
2609;3;R;87.2;872;;Aktiviteter i forbindelse med institutionsophold for personer med psykiske funktionsnedsættelser eller stofmisbrug;Residential care activities for persons living with or having a diagnosis of a mental illness or substance abuse;;;;
2610;4;R;87.20;8720;;Aktiviteter i forbindelse med institutionsophold for personer med psykiske funktionsnedsættelser eller stofmisbrug;Residential care activities for persons living with or having a diagnosis of a mental illness or substance abuse;Denne undergruppe omfatter institutionsophold (men ikke godkendt hospitalsbehandling), beskyttelsestilsyn og rådgivning til personer med psykiske funktionsnedsættelser eller stofmisbrug, uanset alder.;;;
2611;5;R;87.20.10;872010;;Drift af døgninstitutioner for personer med psykiske handicap;Residential care activitivities in institutions for persons with mental disabilities;Branchen omfatter bl.a. rekreationshjem for psykisk syge, bofællesskaber for personer med følelsesmæssige problemer og plejeboliger for personer med diagnosticeret psykisk funktionsnedsættelse.;"- rekreationshjem for psykisk syge
- bofællesskaber for personer med følelsesmæssige problemer
- udslusningsboliger for psykisk syge
- plejeboliger for personer med diagnosticeret psykisk funktionsnedsættelse";;"- psykiatriske hospitaler, jf. 86.10.00
- institutionsophold med sygepleje og rehabiliteringshjælp til andre end personer med psykiske funktionsnedsættelser, jf. 87.10.20 og 87.30.10
- pleje af personer, der ikke er på institution, og som lever med psykiske funktionsnedsættelser, fx på psykiatriske hospitaler, jf. hovedgruppe 88"
2612;5;R;87.20.20;872020;;Drift af behandlingshjem for stofmisbrugere og alkoholskadede;Residential care activitivities in institutions for drug addicts and alcoholics;Branchen omfatter behandlingssteder, fx for behandling af alkohol- eller stofmisbrug.;- behandling af alkohol- eller stofmisbrug;;- sociale foranstaltninger med ophold, fx midlertidige herberger for hjemløse, jf. 87.99.90
2613;3;R;87.3;873;;Aktiviteter i forbindelse med institutionsophold for ældre eller personer med fysiske funktionsnedsættelser;Residential care activities for older persons or persons with physical disabilities;;;;
2614;4;R;87.30;8730;;Aktiviteter i forbindelse med institutionsophold for ældre eller personer med fysiske funktionsnedsættelser;Residential care activities for older persons or persons with physical disabilities;Denne undergruppe omfatter institutionsophold og personlig pleje for ældre eller ældre med fysiske funktionsnedsættelser, som ikke er i stand til at tage fuldt vare på dem selv og/eller som ikke ønsker at bo alene. Plejen omfatter normalt logi, kost, tilsyn og bistand i dagligdagen som fx rengøring og hushjælp. I visse tilfælde tilbydes beboerne sygepleje i særskilte lokaler på stedet.;;;
2615;5;R;87.30.10;873010;;Drift af døgninstitutioner for personer med fysisk handicap;Residential care activitivities in institutions for people with physical disabilities;Branchen omfatter drift af døgninstitutioner for personer med fysiske handicap, som ikke er i stand til at tage fuldt vare på dem selv og/eller som ikke ønsker at bo alene.;"- drift af døgninstitutioner for personer med fysisk funktionsnedsættelse, fx:
 • hjem for børn og unge med vidtgående fysisk funktionsnedsættelse
 • døgninstitutioner for voksne med vidtgående fysisk funktionsnedsættelse
 • bofællesskaber for personer med vidtgående fysisk funktionsnedsættelse";;"- institutionsophold med sygepleje for ældre, jf. 87.10.10
- institutionsophold med sygepleje og rehabiliteringshjælp til ældre eller personer med psykiske funktionsnedsættelser, jf. 87.20.10
- sociale foranstaltninger med ophold, jf. 87.99.90"
2616;5;R;87.30.20;873020;;Drift af beskyttede boliger o. lign.;Residential care activitivities in sheltered housing, etc.;"Branchen omfatter drift af beskyttede boliger, fx plejeboliger, seniorbofællesskaber med pleje, plejehjem for ældre med minimalt behov for sygepleje samt hvilehjem uden sygepleje. 

Institutionsophold med sygepleje for ældre henvises til gruppe 87.10.10.";"- drift af beskyttede boliger o. lign., fx
 • seniorbofællesskaber med pleje
 • plejehjem for ældre med minimalt behov for sygepleje
 • hvilehjem uden sygepleje";;"- institutionsophold med sygepleje for ældre, jf. 87.10.10
- institutionsophold med sygepleje og rehabiliteringshjælp til ældre eller personer med psykiske funktionsnedsættelser, jf. 87.20.10
- sociale foranstaltninger med ophold, jf. 87.99.90"
2617;3;R;87.9;879;;Andre aktiviteter i forbindelse med institutionsophold;Other residential care activities;;;;
2618;4;R;87.91;8791;;Formidlingsaktiviteter i forbindelse med institutionsophold;Intermediation service activities for residential care activities;Denne undergruppe omfatter formidling af institutionsophold ved at bringe kunder og serviceudbydere sammen for et honorar eller provision, hvor formidleren ikke selv tilbyder de institutionsophold, der formidles. Formidlingen kan foregå på digitale platforme eller via ikke-digitale kanaler (ansigt-til-ansigt, herunder dør-til-dør, telefon og post mv.). Honoraret eller provisionen kan betales enten af kunden eller af udbyderen af institutionsophold. Indtægter fra formidlingen kan indbefatte andre indtægtskilder, fx indtægter fra salg af annonceplads.;;;
2619;5;R;87.91.00;879100;;Formidlingsaktiviteter i forbindelse med institutionsophold;Intermediation service activities for residential care activities;Branchen omfatter formidlingsaktiviteter inden for institutionsophold.;;;- formidlingsaktiviteter inden for læge- og tandlægearbejde og sundhedsvæsen i øvrigt, jf. 86.97.00
2620;4;R;87.99;8799;;Andre aktiviteter i forbindelse med institutionsophold i.a.n.;Other residential care activities n.e.c.;Denne undergruppe omfatter institutionsophold og hjælp til personer undtagen ældre og personer med fysiske funktionsnedsættelser, som ikke er i stand til at tage fuldt vare på dem selv, eller som ikke ønsker at bo alene. Det er normalt regeringskontorer eller private organisationer, der står for disse aktiviteter.;;;
2621;5;R;87.99.10;879910;;Drift af døgninstitutioner for børn og unge;Operation of residential institutions for children and young people;"Branchen omfatter drift af bl.a. spædbørnshjem, børnehjem, skolehjem, ungdomshjem og -pensioner samt svangre- og mødrehjem. 

Pasningsordninger for børn henvises til undergruppe 88.91.";"- drift af døgninstitutioner med social bistand hele døgnet til børn og unge, hvor lægebehandling eller undervisning ikke er væsentlige elementer, fx:
 • spædbørnshjem
 • børnehjem
 • skolehjem
 • ungdomshjem og-pensioner";- drift af svangre- og mødrehjem;"- finansiering og administration af obligatoriske ordninger til social sikring, jf. 84.30.00
- behandlingssteder, jf. 87.10.20
- institutionsophold med sygepleje og rehabiliteringshjælp til personer med psykiske funktionsnedsættelser, jf. 87.20.10
- hjemmepleje for personer med psykiske funktionsnedsættelser, jf. 87.20.10
- institutionsophold for ældre eller personer med fysiske funktionsnedsættelser, jf. 87.30.10
- pasningsordninger for børn, jf. 88.91
- adoptionsaktiviteter, jf. 88.99.90"
2622;5;R;87.99.20;879920;;Familiepleje;Family care activities;"Branchen omfatter døgnpleje af børn og unge eller personer med vidtgående fysiske eller psykiske handicap anbragt i private hjem i henhold til kontakt med offentlige myndigheder. 

Hjemmepleje for personer med psykiske funktionsnedsættelser henvises til 87.20.10.";- døgnpleje af børn og unge eller personer med vidtgående fysiske eller psykiske handicap anbragt i private hjem i henhold til kontakt med offentlige myndigheder;- andre former for indkvarteringstilbud til familier;"- finansiering og administration af obligatoriske ordninger til social sikring, jf. 84.30.00
- behandlingssteder, jf. 87.10.20
- institutionsophold med sygepleje og rehabiliteringshjælp til personer med psykiske funktionsnedsættelser, jf. 87.20.10
- hjemmepleje for personer med psykiske funktionsnedsættelser, jf. 87.20.10
- institutionsophold for ældre eller personer med fysiske funktionsnedsættelser, jf. 87.30.10"
2623;5;R;87.99.30;879930;;Drift af flygtninge- og asylcentre;Operation of refugee and asylum centres;Branchen omfatter indkvartering af katastrofeofre, flygtninge og indvandrere, herunder midlertidigt eller længerevarende ophold.;- indkvartering af flygtninge, immigranter mv.;;
2624;5;R;87.99.90;879990;;Drift af andre former for institutionsophold;Operation of other forms of institutional accommodation;"Branchen omfatter drift af forsorgshjem, optagelseshjem, beskyttede pensionater, herberger for hjemløse, krisecentre mv.

Institutionsophold med sygepleje henvises til 87.10.20.";- drift af og indkvartering på forsorgshjem, optagelseshjem, beskyttede pensionater, herberger for hjemløse, krisecentre o. lign.;"- drift af resocialiseringscentre for fx:
 • personer med sociale eller personlige problemer
 • tidligere fængselsindsatte
- drift af anbringelseshjem for unge kriminelle";"- finansiering og administration af obligatoriske ordninger til social sikring, jf. 84.30.00
- behandlingssteder, jf. 87.10.20
- institutionsophold med sygepleje og rehabiliteringshjælp til personer med psykiske funktionsnedsættelser, jf. 87.20.10
- hjemmepleje for personer med psykiske funktionsnedsættelser, jf. 87.20.10
- institutionsophold for ældre eller personer med fysiske funktionsnedsættelser, jf. 87.30.10"
2625;2;R;88;88;;Sociale foranstaltninger uden institutionsophold;Social work activities without accommodation;Denne hovedgruppe omfatter forskellige former for direkte social bistand til borgere. Aktiviteterne i denne hovedgruppe omfatter ikke institutionsophold, bortset fra midlertidige ophold.;;;
2626;3;R;88.1;881;;Sociale foranstaltninger uden institutionsophold for ældre eller personer med funktionsnedsættelser;Social work activities without accommodation for older persons or persons with disabilities;;;;
2627;4;R;88.10;8810;;Sociale foranstaltninger uden institutionsophold for ældre eller personer med funktionsnedsættelser;Social work activities without accommodation for older persons or persons with disabilities;Denne undergruppe omfatter sociale foranstaltninger, rådgivning, velfærdsforanstaltninger, henvisning til institutioner og lignende tjenesteydelser, der ydes til ældre og personer med funktionsnedsættelse i deres hjem eller andetsteds af offentlige institutioner eller private organisationer, nationale eller lokale hjælpeorganisationer samt specialister, der tilbyder rådgivning;;;
2628;5;R;88.10.10;881010;;Drift af hjemmehjælp;Operation of domestic help services;"Branchen omfatter drift af hjemmehjælp, fx praktisk bistand i hjemmet til ældre, handicappede eller syge, herunder også andet omsorgsarbejde end hjemmehjælp. 

Hjemmesygepleje henvises til 86.94.00.";"- sociale foranstaltninger, rådgivning, velfærdsforanstaltninger, henvisning til institutioner og lignende tjenesteydelser, der ydes til ældre og personer med funktionsnedsættelse i deres hjem, fx:
 • omsorgspersoners hjælp i huset
 • hjemmehjælp til ældre eller personer med funktionsnedsættelse
 • besøg hos ældre og personer med funktionsnedsættelse
 • hjemmehjælp, såsom at udføre huslige opgaver, der ydes til personer med diagnosen midlertidig medicinsk funktionsnedsættelse";;"- finansiering og administration af obligatoriske ordninger til social sikring, jf. 84.30.00
- hjemmesygepleje, jf. 86.94.00
- hjemmehjælp, der er en del af integreret plejeordning, jf. 87.10.10
- aktiviteter, som svarer til beskrivelsen i denne undergruppe, men inkl. ophold, jf. 87.30.20
- pasningsordninger for børn med funktionsnedsættelser, jf. 88.91"
2629;5;R;88.10.20;881020;;Drift af dagcentre mv.;Operation of day centres, etc.;"Branchen omfatter drift af dagcentre mv., fx åbne dagcentre, væresteder og aktivitetscentre. 

Daghjem, der også er en del af integreret plejeordning, henvises til 87.10.10.";"- sociale foranstaltninger, rådgivning, velfærdsforanstaltninger, henvisning til institutioner og lignende tjenesteydelser, der ydes til ældre og personer med funktionsnedsættelse, af offentlige institutioner eller private organisationer, nationale eller lokale hjælpeorganisationer samt specialister, der tilbyder rådgivning:
 • dagcentre for ældre eller voksne med funktionsnedsættelse";;"- finansiering og administration af obligatoriske ordninger til social sikring, jf. 84.30.00
- daghjem, der normalt er en del af integreret plejeordning, jf. 87.10.10
- aktiviteter, som svarer til beskrivelsen i denne undergruppe, men som er med ophold, jf. 87.30.20
- pasningsordninger for børn med funktionsnedsættelser, jf. 88.91"
2630;5;R;88.10.30;881030;;Drift af revalideringsinstitutioner;Operation of rehabilitation institutions;"Branchen omfatter drift af revalideringsklinikker samt beskyttede værksteder. 

Institutioner for stofmisbrugere og alkoholskadede henvises til 87.20.20.";"- sociale foranstaltninger, rådgivning, velfærdsforanstaltninger, henvisning til institutioner og lignende tjenesteydelser, der ydes til ældre og personer med funktionsnedsættelse, af offentlige institutioner eller private organisationer, nationale eller lokale hjælpeorganisationer samt specialister, der tilbyder rådgivning:
 • erhvervsrevalidering og kvalificeringsaktiviteter for personer med fysisk funktionsnedsættelse, hvor uddannelsesdelen er begrænset
 • beskyttede værksteder";;"- finansiering og administration af obligatoriske ordninger til social sikring, jf. 84.30.00
- institutioner for stofmisbrugere og alkoholskadede, jf. 87.20.20
- særlige daginstitutioner for børn med vidtgående fysiske eller psykiske handicap, jf. 87.30.10 og 87.20.10
- aktiviteter, som svarer til beskrivelsen i denne undergruppe, men som er med ophold, jf. 87.30.20
- pasningsordninger for børn med funktionsnedsættelser, jf. 88.91"
2631;3;R;88.9;889;;Andre sociale foranstaltninger uden institutionsophold;Other social work activities without accommodation;;;;
2632;4;R;88.91;8891;;Børnedagpleje;Child day-care activities;"Denne undergruppe omfatter pasningsordninger for børn i private hjem eller børnehaver samt fritidsordninger.

Denne undergruppe omfatter også:
- pasningsordninger for børn med funktionsnedsættelser";;;
2633;5;R;88.91.10;889110;;Drift af dagpleje;Day-care activities in private homes for age 0-2;Branchen omfatter drift af dagpleje, hvor børn passes i private hjem, formidlet af kommunen eller uden offentlig støtte. Branchen omfatter også dagpleje for børn med funktionsnedsættelser.;"- pasning af børn i private hjem med offentlig støtte
- privat dagpleje af børn uden offentlig støtte";- drift af pasningsordninger for børn med funktionsnedsættelser i private hjem;
2634;5;R;88.91.20;889120;;Drift af vuggestuer;Day-care activities for age 0-2;"Branchen omfatter drift af vuggestuer og daginstitutioner for børn i alderen 0-3 år, herunder også pasningsordninger for børn med funktionsnedsættelser. 

Aldersintegrerede institutioner henvises til 88.91.50.";- drift af vuggestuer, for børn overvejende i alderen 0-2 år;- drift af pasningsordninger for børn med funktionsnedsættelser, overvejende i alderen 0-2 år;- drift af aldersintegrerede institutioner, jf. 88.91.50
2635;5;R;88.91.30;889130;;Drift af børnehaver;Day-care activities for age 3-6;"Branchen omfatter drift af børnehaver og daginstitutioner for børn i alderen 2-6 år, herunder også pasningsordninger for børn med funktionsnedsættelser.

Aldersintegrerede institutioner henvises til 88.91.50.";- drift af daginstitutioner for børn overvejende i alderen 3-6 år;- drift af pasningsordninger for børn med funktionsnedsættelser, overvejende i alderen 3-6 år;- drift af aldersintegrerede institutioner, jf. 88.91.50
2636;5;R;88.91.40;889140;;Drift af skolefritidsordninger og fritidshjem;Operation of municipal after-school care facilities for age 5-14;Branchen omfatter drift af skolefritidsordninger og fritidshjem, fritidsklubber for børn og pasningsordninger overvejende for børn i alderen 5-14 år samt byggelegepladser.;;"- drift af fritidsklubber for børn og pasningsordninger, overvejende for børn i alderen 7-14 år
- drift af byggelegepladser";
2637;5;R;88.91.50;889150;;Drift af aldersintegrerede institutioner;Day-care activities for age 0-6;Branchen omfatter drift af aldersintegrerede institutioner, fx daginstitutioner der er beregnet til børn i alderen 0-14 år, 0-6 år eller 3-14 år, herunder særlige daginstitutioner for børn med vidtgående fysiske eller psykiske handicap.;"- drift af daginstitutioner, for børn i alderen 0-14 år, 0-6 år eller 3-14 år
- drift af daginstitutioner for børn med vidtgående fysiske eller psykiske handicap
- drift af legepladser
- drift af legestuer";;
2638;5;R;88.91.60;889160;;Drift af fritids- og ungdomsklubber;Operation of municipal after-school leisure centres for age 10-18;"Branchen omfatter drift af fritids- og ungdomsklubber primært for større børn og unge. 

Drift af fritidshjem henvises til 88.91.40.";"- drift af fritidsordninger
- drift af fritids- og ungdomsklubber primært beregnet for større børn og unge";;"- idrætsklubber, jf. 93.12.00
- fritidshjem, jf. 88.91.40"
2639;4;R;88.99;8899;;Andre sociale foranstaltninger uden institutionsophold i.a.n.;Other social work activities without accommodation n.e.c.;;;;
2640;5;R;88.99.10;889910;;Støtteaktiviteter relateret til sygdomsbekæmpende, sociale og velgørende formål;Support activities related to health, social and charitable purposes;Branchen omfatter bl.a. indsamling af midler til velgørende formål, herunder sygdomsbekæmpelse.;"- drift af nødhjælpsorganisationer og nationale eller lokale hjælpeorganisationer samt specialister, der tilbyder rådgivning:
 • pengeindsamlinger eller andet socialt arbejde";;- finansiering og administration af obligatoriske ordninger til social sikring, jf. 84.30.00
2641;5;R;88.99.20;889920;;Aktiviteter til støtte for flygtninge- og katastrofeofre mv.;Activities to support refugees and disaster victims, etc.;Branchen omfatter bl.a. aktiviteter, herunder rådgivning, til flygtninge, katastrofeofre og indvandrere.;"- aktiviteter for katastrofeofre, flygtninge, indvandrere mv.:
 • indsatser for ofre for katastrofer, flygtninge, indvandrere mv.
 • kulturel og interkulturel mediering, der har til formål at forebygge vanskeligheder hos voksne, som har svært ved at indgå i sociale sammenhænge og på arbejdsmarkedet, ophæve den sociale marginalisering af børn og unge, rehabilitere voksne og mindreårige i fængsel, på prøveløsladelse og løsladte, og resocialisere voksne til et aktivt liv
 • ydelser, inkl. rådgivning, forbundet med genbosættelse for flygtninge og katastrofeofre mv.";;"- juridiske mæglingsaktiviteter, jf. 69.10.00
- finansiering og administration af obligatoriske ordninger til social sikring, jf. 84.30.00
- aktiviteter, som svarer til beskrivelsen i denne undergruppe, men som er med ophold, jf. 87.99.30
- drift af foreninger, legater og fonde med velgørende formål, jf. 88.99.10"
2642;5;R;88.99.90;889990;;Andre sociale støtte- og rådgivningsaktiviteter uden institutionsophold;Other social support and counseling activities without accomodation;Branchen omfatter sociale foranstaltninger inden for støtte og rådgivning, herunder hjælpemiddelcentraler.;"- sociale foranstaltninger inden for støtte og rådgivning, fx:
• støtte til børn og unge
• adoptionsaktiviteter
• indsatser til forebyggelse af mishandling af børn og voksne
• økonomisk rådgivning til familier, ægteskabs- og familierådgivning, låne- og gældsrådgivning
• lokalt socialarbejde
• erhvervsrevalidering og kvalificeringsaktiviteter for arbejdsløse, forudsat at uddannelsesdelen er begrænset
• vurdering af støtteberettigelse i forbindelse med socialhjælp, huslejetilskud eller lignende
• væresteder for hjemløse og andre socialt udsatte grupper";;"- juridiske mæglingsaktiviteter, jf. 69.10.00
- finansiering og administration af obligatoriske ordninger til social sikring, jf. 84.30.00
- aktiviteter, som svarer til beskrivelsen i denne undergruppe, men som er med ophold, jf. 87.99.90"
2643;1;S;S;S;;KULTUR, SPORT OG FRITIDSAKTIVITETER;ARTS, SPORTS AND RECREATION;"Denne hovedafdeling omfatter en bred vifte af kultur-, sports- og fritidsaktiviteter, herunder live-optrædener, underholdning, drift af kultur- og naturarvsområder samt spil.

Denne hovedafdeling omfatter også serviceydelser, der giver mulighed for underholdningsevents og live-optrædender.";;;
2644;2;S;90;90;;Kunstnerisk skaben og aktiviteter i forbindelse med scenekunst;Arts creation and performing arts activities;"Denne hovedgruppe omfatter kunstnerisk skaben og aktiviteter i forbindelse med scenekunst samt drift af faciliteter og levering af serviceydelser, der imødekommer efterspørgslen efter kultur og underholdning. Det omfatter produktion og markedsføring af samt deltagelse i live-optrædender, events eller udstillinger med offentlig adgang; bidrag med kunstneriske, kreative eller tekniske færdigheder til produktionen af kunstneriske produkter og live-optrædener og events.

Denne hovedgruppe omfatter ikke:
- film- og videoproduktion og distribution, jf. 59.11.00, 59.12.00 og 59.13.00
- filmfremvisning, jf. 59.14.00
- radio- og TV-transmission, jf. 60.10.00 og 60.20.00
- fotografiske aktiviteter, jf. 74.20.00
- kulturuddannelse (ikke-akademisk undervisning i at spille på instrumenter, male, spille skuespil, danse mv.), jf. 85.52.00
- drift af museer af enhver art, arkæologiske og historiske områder og monumenter, biblioteker, arkiver, botaniske og zoologiske haver; bevaring af historiske steder; aktiviteter i forbindelse med naturreservater, jf. hovedgruppe 91
- konservering og restaurering af kulturarv, jf. 91.30.00
- lotteri- og andre spilleaktiviteter, jf. hovedgruppe 92
- sport, forlystelser og fritidsaktiviteter, jf. hovedgruppe 93";;;
2645;3;S;90.1;901;;Kunstnerisk skaben;Arts creation activities;Denne gruppe omfatter aktiviteter inden for skabelse af litteratur, komponering af musik og skabelse af billedkunst og relaterede aktiviteter.;;;
2646;4;S;90.11;9011;;Litteratur- og musikkomposition;Literary creation and musical composition activities;;;;
2647;5;S;90.11.00;901100;;Litteratur- og musikkomposition;Literary creation and musical composition activities;Branchen omfatter komponering af musik og forfatning af tekster, fx manuskriptforfatteres og journalisters aktiviteter mv. Branchen omfatter også teknisk forfatterarbejde og bloggerarbejde.;"- individuelle forfatteres arbejde inden for alle genrer, herunder fiktion mv.
- komponering af musik
- forfatning af tekster og skrivning af kompositioner på andres vegne
- manuskriptforfatteres aktiviteter
- journalistarbejde, der udgives af en tredjepart
- bloggerarbejde, der udgives af en tredjepart";- teknisk forfatterarbejde;"- (re)produktion og distribution af bøger og musik, jf. hovedafdeling J
- oversættere, der arbejder for bogredaktører, jf. 74.30.00
- uafhængige musikere og skuespillere, der medvirker i video- og audiovisuelt indhold af enhver art, jf. 90.20.20"
2648;4;S;90.12;9012;;Billedkunstnerisk skaben;Visual arts creation activities;Denne undergruppe omfatter aktiviteter i forbindelse med skabelse og produktion af billedkunstværker.;;;
2649;5;S;90.12.00;901200;;Billedkunstnerisk skaben;Visual arts creation activities;Branchen omfatter billedkunstnerisk skaben, herunder billedhuggere, malere og bladtegnere, inkl. digital skabelse af billedkunst samt lydinstallationer.;"- uafhængige kunstnere, fx billedhuggere, malere, bladtegnere, kalligrafer, gravører mv.
- digital skabelse af billedkunst
- skabelse af kunst, hvor lysinstallationer spiller en hovedrolle";;"- frembringelse af statuer, bortset fra den kunstneriske original, jf. 23.70.00
- film- og videoproduktion, jf. 59.11.00 og 59.12.00
- drift af biografer, jf. 59.14.00
- fotografiske aktiviteter, jf. 74.20.00
- personlige manageres eller agenturers aktiviteter for skuespillere og andre kunstnere, jf. 74.99.90
- casting, jf. 78.10.00
- tjenesteydelser i forbindelse med formidling af billetter til teater, sport, forlystelser eller underholdning, jf. 82.40.00
- koreografiske aktiviteter, jf. 90.13.00
- skabelse og præsentation af lys- og lydshows, som del af underholdning, jf. 93.29.90"
2650;4;S;90.13;9013;;Anden kunstnerisk skaben;Other arts creation activities;;;;
2651;5;S;90.13.00;901300;;Anden kunstnerisk skaben;Other arts creation activities;Branchen omfatter aktiviteter i forbindelse med scenekunst, fx koreografiske aktiviteter.;- koreografiske aktiviteter;;"- renovering, fornyelse, rekonstruktion og istandsættelse af historiske og arkæologiske områder og bygninger, jf. 43.99.00
- drift af museer af enhver art, jf. 91.21.00
- reparation af møbler, som ikke betragtes som kulturarv eller historiske, jf. 95.24.00"
2652;3;S;90.2;902;;Aktiviteter i forbindelse med scenekunst;Activities of performing arts;;;;
2653;4;S;90.20;9020;;Aktiviteter i forbindelse med scenekunst;Activities of performing arts;Denne undergruppe omfatter aktiviteter inden for scenekunst og relaterede aktiviteter.;;;
2654;5;S;90.20.10;902010;;Teater- og koncertproduktioner;Theater and concert productions;Branchen omfatter teater- og koncertproduktioner, herunder live sceneproduktioner, fx koncerter, opera, dans, opført af grupper af kunstnere, cirkusser, bands, orkestre mv.;"- live sceneproduktioner (teaterforestillinger, koncerter, operaer, danseforestillinger mm.), fx opført af:
• grupper af udøvende kunstnere, cirkusser eller grupper, orkestre eller bands";;
2655;5;S;90.20.20;902020;;Selvstændigt udøvende scenekunstnere;Activities of self-employed performing artists;"Branchen omfatter selvstændigt udøvende scenekunstnere, fx live sceneproduktioner som teaterforestillinger, koncerter, opera mv., opført af selvstændigt udøvende scenekunstnere. Branchen omfatter også freelance fotomodeller, uafhængige musikere, skuespillere mv.

Personlige manageres eller agenturers aktiviteter for skuespillere og andre personer henvises til 74.99.90.";"- live sceneproduktioner, (teaterforestillinger, koncerter, opera, dans mv.), fx opført af:
• selvstændigt udøvende scenekunstnere, fx skuespillere (herunder standup komikere), dansere, musikere (herunder uafhængige organister) og dirigenter";"- freelance fotomodeller
- uafhængige musikere og skuespillere, der medvirker i video- og audiovisuelt indhold af enhver art
- drift af kunstfaciliteter for eget ensemble
- aktiviteter udøvet af influencers, der optræder i vlogs udgivet af en tredjepart";"- udgivelse af tekst og fotos og andet indhold uden video, fx af bloggere og influencers, jf. 58.19.00
- produktion af video og audiovisuelt indhold, inklusiv vlogs, jf. 59.11.00
- personlige manageres eller agenturers aktiviteter for skuespillere og andre kunstnere, jf. 74.99.90
- casting, jf. 78.10.00
- bloggere, som ikke selv publicerer det indhold, de skaber, jf. 90.11.00"
2656;3;S;90.3;903;;Levering af serviceydelser i forbindelse med kunstnerisk skaben og scenekunst;Support activities to arts creation and performing arts;Denne gruppe omfatter støtteaktiviteter i forbindelse med kunstnerisk skaben og scenekunst. Det omfatter støtteaktiviteter inden for produktion af teater-, opera- og balletforestillinger, musicals, events med mere, virksomhed udført af programledere for kunstneriske optrædener, både i og uden for huset.;;;
2657;4;S;90.31;9031;;Drift af teater- og koncertsale, kulturhuse mv.;Operation of arts facilities and sites;;;;
2658;5;S;90.31.00;903100;;Drift af teater- og koncertsale, kulturhuse mv.;Operation of arts facilities and sites;Branchen omfatter drift af kulturfaciliteter, fx teater- og koncertsale og kulturhuse, samt kulturfaciliteter som støtter kunstnerisk skaben inden for billedkunst.;"- drift af kulturfaciliteter, fx teater- og koncertsale og kulturhuse
- drift af kulturfaciliteter, som støtter kunstnerisk skaben inden for billedkunst";- drift af spillesteder og lignende faciliteter til live-optrædener;"- detailhandel med malerier og skulpturer (fx gennem kommercielle kunstgallerier), jf. 47.69.20
- severing af hovedsageligt drikkevarer i barer, pubber og lignende steder, kan omfatte levende musik og dansegulv, hvor hovedvægten er på drikkevarer, jf. 56.30.20
- drift af biografer, jf. 59.14.00
- tjenesteydelser i forbindelse med formidling af billetter til teater, sport, forlystelser og underholdning, jf. 82.40.00
- drift af kunstfaciliteter til eget ensemble, jf. 90.20.20
- drift af museer af enhver art, jf. 91.21.00
- drift af dansesteder og dansehaller, hvor servering af drikkevarer ikke er hovedaktiviteten, jf. 93.29.90"
2659;4;S;90.39;9039;;Levering af andre serviceydelser i forbindelse med kunstnerisk skaben og scenekunst;Other support activities to arts and performing arts;;;;
2660;5;S;90.39.10;903910;;Teknisk planlægning, levering, opsætning og betjening af udstyr til events;Technical planning, delivery, setup and operation of equipment for events;"Branchen omfatter udlejning af teknisk udstyr, med operatører, til hovedsageligt arrangører af kunstneriske arrangementer, fx koncerter, teaterforestillinger, musikfestivaller mv.

Udlejning og leasing af andet materiel og udstyr, uden installation og operatører, henvises til 77.39.10 og 77.39.90.";"- teknisk planlægning, levering, opsætning og betjening af audiovisuelt udstyr og ’special effects’ i forbindelse med afholdelse af kunstneriske begivenheder, fx
• professionelt radio-, TV- og kommunikationsudstyr
• udstyr til filmproduktion
- udlejning af udstyr og personale til kunstneriske begivenheder, fx til opsætning og betjening af lys, lyd og sceneudstyr
- udlejning og installation af møbler og andet udstyr til kunstneriske begivenheder";;"- produktion af film, herunder digital distribution, til direkte visning i biografer eller til TV-transmission eller streaming, jf. 59.11.00
- TV-transmission af live-optrædener og begivenheder, jf. 60.20.00
- udlejning af møbler, uden installation, jf. 77
- teknisk planlægning, levering, opsætning og betjening af audiovisuelt udstyr og ’special effects’, til ikke-kunstneriske events, jf. 93.29.90
- udlejning af andet udstyr og personale til fx opsætning og betjening af lys, lyd og sceneudstyr, til ikke-kunstneriske events, fx sportsarrangementer eller messer, jf. 93.29.90"
2661;5;S;90.39.20;903920;;Levering af andre serviceydelser i forbindelse med kunstnerisk skaben og scenekunst i.a.n.;Other support activities to arts and performing arts n.e.c.;"Branchen omfatter serviceydelser til produktion af live optrædener, herunder teaterforestillinger, koncerter, operaer mv. Serviceydelserne omfatter programledelse, kulissedesignere, lysteknikere, film- og teaterinstruktører mv.

Personlige manageres eller agenturers aktiviteter for skuespillere og andre personer henvises til 74.99.90.";"- serviceydelser i forbindelse med kunstnerisk skaben til produktion af live sceneoptrædener, fx teaterforestillinger, koncerter, opera, dans og andre sceneproduktioner, fx leveret af:
• programledere, kulissedesignere, kulissemedarbejdere, sceneskiftere, lysteknikere mv.
- organisering af kultur- og underholdningsbegivenheder, fx filmfestivaller eller musik- og dansefestivaller
- film- og teaterinstruktører, dramaturger, filmpromoters og programlæggere eller programchefers aktiviteter";- programledere for eller arrangører af live kulturevents;"- produktion af film, herunder digital distribution, til direkte visning i biografer eller til TV-transmission eller streaming, jf. 59.11.00
- TV-transmission af live-optrædener og begivenheder, jf. 60.20.00
- personlige manageres eller agenturers aktiviteter for skuespillere og andre personer, jf. 74.99.90
- casting, jf. 78.10.00
- organisering af konferencer, kongresser, messer og udstillinger, jf. 82.30.00
- programledelse for eller organsering af sportsbegivenheder, med eller uden faciliteter, jf. 93.19.00
- udøvende kunstnere og gruppers aktiviteter, jf. 90.20.20
- teknisk planlægning, levering, opsætning og betjening af audiovisuelt udstyr og ’special effects’ i forbindelse med afholdelse af andre begivenheder end kunstneriske begivenheder, jf. 93.29.90"
2662;2;S;91;91;;Biblioteks-, arkiv- og museumsaktiviteter samt andre kulturelle aktiviteter;Libraries, archives, museums and other cultural activities;"Denne hovedgruppe omfatter:
- biblioteker og arkivers aktiviteter
- drift af museer af enhver art, alle typer af kulturarvssamlinger, herunder biblioteks- og arkivdokumenter, botaniske og zoologiske haver
- drift af arkæologiske og historiske områder eller bygninger samt naturreservaters aktiviteter

Hovedgruppen omfatter desuden identifikation, indsamling, statusopgørelse, konservering-restaurering og formidling af kulturarv eller naturarv, materiel og immateriel arv.

Hovedgruppen omfatter også bevaring og udstilling af objekter, steder og naturfænomener af historisk, kulturel eller uddannelsesmæssig interesse (fx områder udpeget til at være verdensnaturarv mv.).

Denne hovedgruppe omfatter ikke:
- fremstilling af musikinstrumenter, jf. 32.20.00
- renovering, fornyelse, rekonstruktion og istandsættelse af historiske og arkæologiske områder og bygninger, jf. 43.99.00
- detailhandel af genbrugsvarer, jf. 47.79.00
- detailhandel af malerier og skulpturer (kommercielle kunstgalleriers aktiviteter), jf. 47.69.20
- transport- og oplagringsaktiviteter, jf. hovedgruppe 52
- forsikringsaktiviteter, jf. hovedgruppe 66
- retslige auktioner, jf. 69.10.00
- arkitektaktiviteter til støtte for bevaring og restaurering af kulturarvsejendomme, jf. 71.11.00
- forskningsaktiviteter, konserveringsvidenskab helliget kulturarv, jf. hovedgruppe 72
- turistguideaktiviteter, jf. 79.90.00
- sport, forlystelser og fritidsaktiviteter, fx drift af badestrande og fritidsparker, jf. hovedgruppe 93
- reparation af musikinstrumenter, som ikke betragtes som kulturarv eller historiske, jf. 95.29.00";;;
2663;3;S;91.1;911;;Biblioteks- og arkivaktiviteter;Library and archive activities;"Denne gruppe omfatter aktiviteter relateret til forvaltning, pasning, bevaring og vurdering af biblioteker og arkiver. 

Gruppen omfatter også:
- dokumentations- og informationsaktiviteter udøvet af alle slags biblioteker (inkl. digitale), herunder læsesale, audiovisuelle rum og forevisningslokaler, hvorved der stilles biblioteks- og arkivtjenester til rådighed for et bestemt publikum, fx studerende, forskere, personale mv.
- drift af offentlige arkiver (på statsligt, regionalt eller kommunalt plan) eller private arkiver (kunstner-, historiker- og forfatterarkiver mv.)
- etablering af en bibliotekssamling, uanset om den er inden for et bestemt fagområde eller ej katalogisering af samlinger
- udlån og opmagasinering af bøger, kort, tidsskrifter, film, grammofonplader, bånd, kunstværker, arkiver mv.
- kildesøgning for brugere mv.

Gruppen omfatter ikke:
- konservering og restaurering af kulturarv, jf. 91.30.00";;;
2664;4;S;91.11;9111;;Biblioteksaktiviteter;Library activities;;;;
2665;5;S;91.11.00;911100;;Biblioteksaktiviteter;Library activities;Branchen omfatter aktiviteter på alle slags biblioteker, læsesale mv. Pædagogiske centraler og filmbiblioteker er også omfattet.;"- dokumentations- og informationsaktiviteter udøvet af biblioteker af enhver art (herunder digitale biblioteker), læsesale, audiovisuelle rum og forevisningslokaler:
• etablering af en samling, uanset om den er inden for et bestemt fagområde eller ej
• katalogisering af samlinger
• udlån og opmagasinering af bøger, kort, tidsskrifter, film, plader, bånd, kunstværker mv.
• kildesøgning for brugere mv.";;- konservering og restaurering af kulturarv, jf. 91.30.00
2666;4;S;91.12;9112;;Arkivaktiviteter;Archive activities;Denne undergruppe omfatter aktiviteter udøvet af arkivtjenester af enhver art med henblik på at opbygge, opbevare og klassificere fysiske eller digitale arkivsamlinger og formidle dem til offentligheden eller til en bestemt brugergruppe.;;;
2667;5;S;91.12.00;911200;;Arkivaktiviteter;Archive activities;"Branchen omfatter arkivering af bøger, film, kunstværker mv., inkl. fotolagre og digitalisering af arkivdokumenter. Branchen omfatter også arkivering af alle typer dokumenter. 

Lagring af datafiler henvises til 63.10.00.";"- offentlige arkivaktiviteter, der betjener offentligheden eller et særligt klientel, fx studerende, forskere, personale, medlemmer samt drift af statslige arkiver
- aktiviteter i forbindelse med anskaffelse eller samling af arkiver
- aktiviteter i forbindelse med identifikation, lageropgørelse, beskrivelse og klassifikation af arkiver
- aktiviteter i forbindelse med samlingers sikkerhed og vedligeholdelse (overvågning af deres sundhedstilstand og klimaforhold, sikkerhed og istandsættelse)
- aktiviteter i forbindelse med formidling af arkiver til offentligheden på stedet eller på anden vis
- digitalisering af arkivdokumenter til digitale arkivsamlinger";- arkivering af alle typer dokumenter (i papirform eller elektronisk);"- detailhandel med manuskripter, jf. 47.69.90
- lagring af datafiler, jf. 63.10.00
- digitalisering af filer (i forbindelse med viderebehandling af data), jf. 63.10.00
- digitalisering af filer (uden anden relateret aktivitet), jf. 82.10.00
- konservering og restaurering af kulturarv, jf. 91.30.00"
2668;3;S;91.2;912;;Museumsaktiviteter og aktiviteter i forbindelse med samlinger, fortidsminder, mindesmærker mv.;Museum, collection, historical site and monument activities;"Denne gruppe omfatter drift, forvaltning, pasning, bevaring, udstilling og vurdering af kulturarv: materiel, immateriel og digital i en bred vifte af samlingstyper (både private og offentlige). Det omfatter aktiviteter, der er forbundet med kulturarvssteder som følge af menneskets indgriben i sine omgivelser, fra landskaber til haver, fra historiske og arkæologiske fundsteder til bygninger.

Gruppen omfatter ikke:
- renovering, fornyelse, rekonstruktion og istandsættelse af historiske og arkæologiske områder og bygninger, jf. 43.99.00
- detailhandel af malerier og skulpturer (kommercielle kunstgalleriers aktiviteter), jf. 47.69.20
- arkitektaktiviteter, der støtter bevaring og restaurering af kulturarvsejendomme, jf. 71.11.00
- aktiviteter i forbindelse med konservering og restaurering af kulturarv, jf. 91.30.00";;;
2669;4;S;91.21;9121;;Museumsaktiviteter og aktiviteter i forbindelse med samlinger;Museum and collection activities;;;;
2670;5;S;91.21.00;912100;;Museumsaktiviteter og aktiviteter i forbindelse med samlinger;Museum and collection activities;Branchen omfatter drift og bevarelse af fortidsminder og mindesmærker, herunder pasning, vurdering og udstilling af museumssamlinger af enhver art.;"- drift, forvaltning, pasning, bevaring, vurdering og udstilling af museumssamlinger af enhver art:
• museer eller kunstmuseer, kunsthåndværk- og designmuseer (fx for smykker, møbler, tøj, keramik og sølvtøj)
• naturhistoriske, naturvidenskabelige og teknologiske museer, historiske museer, herunder krigsmuseer
• andre specialmuseer
- friluftsmuseer, økologimuseer samt digitale og virtuelle museer
- samlinger i historiske huse og nationale gallerier, fortolkningscentre for etnografisk kunst, religiøs kunst og folkekunst på lokalt eller regionalt plan
- kunstgalleriers aktiviteter og udstilling af kunst (som ikke er til salg)";;"- detailhandel med malerier og skulpturer (kommercielle kunstgalleriers aktiviteter), jf. 47.69.20
- bibliotekers aktiviteter, jf. 91.11.00
- arkivaktiviteter, jf. 91.12.00
- konservering og restaurering af kulturarv, jf. 91.30.00
- reparation af møbler, som ikke betragtes som kulturarv eller historiske, jf. 95.24.00"
2671;4;S;91.22;9122;;Drift og bevarelse af fortidsminder, mindesmærker mv.;Historical site and monument activities;Denne undergruppe omfatter drift og bevaring af kulturarv som følge af menneskelig indgriben i omgivelserne, fra landskaber til haver, fra bygninger til steder (konstrueret kulturarv såvel som naturarv).;;;
2672;5;S;91.22.00;912200;;Drift og bevarelse af fortidsminder, mindesmærker mv.;Historical site and monument activities;"Branchen omfatter drift og vedligeholdelse af historiske monumenter, bygninger og lignende attraktioner.

Renovering, fornyelse, restaurerung, rekonstruktion og istandsættelse af historiske og arkæologiske områder og bygninger henvises til 43.99.00.";"- drift og bevaring af historiske steder og bygninger
- drift og bevaring af arkæologiske fundsteder, der er åbne for besøgende";;"- renovering, fornyelse, rekonstruktion og istandsættelse af historiske og arkæologiske områder og bygninger, jf. 43.99.00
- konservering og restaurering af kulturarv, jf. 91.30.00
- arkitektaktiviteter, der støtter bevaring og restaurering af kulturarvsejendomme, jf. 71.11.00
- arkæologiske udgravninger, jf. 72.20.00"
2673;3;S;91.3;913;;Konservering, restaurering og andre serviceydelser inden for kulturarv;Conservation, restoration and other support activities for cultural heritage;;;;
2674;4;S;91.30;9130;;Konservering, restaurering og andre serviceydelser inden for kulturarv;Conservation, restoration and other support activities for cultural heritage;;;;
2675;5;S;91.30.00;913000;;Konservering, restaurering og andre serviceydelser inden for kulturarv;Conservation, restoration and other support activities for cultural heritage;"Branchen omfatter konservering og restaurering af historiske og arkæologiske værdier af ethvert materiale. Branchen omfatter også konsulentydelser vedrørende konservering og restaurering.

Renovering, fornyelse, restaurerung, rekonstruktion og istandsættelse af historiske og arkæologiske områder og bygninger henvises til 43.99.00.";- konservering og restaurering af historiske og arkæologiske værdier af ethvert materiale, både flytbare og stationære værdier;"- konsulentydelser vedrørende konservering og restaurering af kulturarv
- aktiviteter, som er nødvendige for digitaliseringen af kulturarv, fx:
• indsamling af nødvendig information og data til at danne virtuelle replika";"- renovering, fornyelse, rekonstruktion og istandsættelse af historiske og arkæologiske områder og bygninger, jf. 43.99.00
- arkitektaktiviteter, der støtter bevaring og restaurering af kulturarvsejendomme, jf. 71.11.00
- konserveringsvidenskab (forsknings- og udviklingsaktiviteter helliget kulturarv), jf. hovedgruppe 72
- arkæologiske udgravninger, jf. 72.20.00
- reparation af møbler, som ikke betragtes som kulturarv eller historiske, jf. 95.24.00
- reparation af musikinstrumenter, som ikke betragtes som kulturarv eller historiske, jf. 95.29.00"
2676;3;S;91.4;914;;Drift af botaniske og zoologiske haver og naturreservater;Botanical and zoological garden and nature reserve activities;;;;
2677;4;S;91.41;9141;;Drift af botaniske og zoologiske haver;Botanical and zoological garden activities;;;;
2678;5;S;91.41.00;914100;;Drift af botaniske og zoologiske haver;Botanical and zoological garden activities;Branchen omfatter drift af botaniske og zoologiske haver samt akvarier.;"- drift af botaniske og zoologiske haver, herunder børnezoo
- drift af akvarier";;"- landskabsgartner- og gartneraktiviteter, jf. 81.30.00
- drift af fiskereservater og jagtområder, jf. 93.19.00"
2679;4;S;91.42;9142;;Drift af naturreservater;Nature reserve activities;;;;
2680;5;S;91.42.00;914200;;Drift af naturreservater;Nature reserve activities;Branchen omfatter drift af naturreservater, herunder vildtbeskyttelse og tjenesteydelser til naturpleje og vedligeholdse af disse områder.;"- drift af naturreservater, herunder vildtbeskyttelse mv.
- tjenesteydelser til naturpleje og vedligeholdelse af nationalparker, naturparker og reservater";;"- beskyttelse eller genopretning af landbrugsjord, jf. hovedgruppe 01
- beskyttelse eller genopretning af skovområder, jf. hovedgruppe 02
- beskyttelse eller genopretning af landskaber (fx parker og haver), jf. 81.30.00
- drift af sportsfiskerireservater og jagtområder, jf. 93.19.00"
2681;2;S;92;92;;Lotteri- og andre spilleaktiviteter;Gambling and betting activities;"Denne hovedgruppe omfatter drift af spillefaciliteter, fx casinoer, bingohaller og elektroniske gamblingmaskiner samt spilleaktiviteter som fx lotterier og betting. Lotteri- og spilleaktiviteterne kan foregå i spillefaciliteter eller online.

Denne hovedgruppe omfatter ikke:
- drift af spil med møntindkast, jf. 93.29.90";;;
2682;3;S;92.0;920;;Lotteri- og andre spilleaktiviteter;Gambling and betting activities;;;;
2683;4;S;92.00;9200;;Lotteri- og andre spilleaktiviteter;Gambling and betting activities;;;;
2684;5;S;92.00.00;920000;;Lotteri- og andre spilleaktiviteter;Gambling and betting activities;Branchen omfatter drift af spillefaciliteter, fx kasino og bingohaller, samt spilleaktiviteter, fx spilleautomater, bookmakere og salg af lodsedler. Dette gælder også drift af online versioner af samme.;"- lotteri- og spilleaktiviteter, fx:
- bookmakeraktiviteter og andre spilleaktiviteter
- betting uden for banen
- drift af casinoer
- salg af lotterisedler
- drift af spil med møntindkast
- abonnementer på quiz-apps med gevinster
- sportsbetting
- drift af kortspil som en bettingaktivitet
- drift af spil og lotterier";;- drift af kortspilsklubber, fx bridgeklubber, jf. 93.12.00
2685;2;S;93;93;;Sportsaktiviteter, forlystelser og fritidsaktiviteter;Sports activities and amusement and recreation activities;"Denne hovedgruppe omfatter sportsaktiviteter, herunder enhver form for fysisk aktivitet med det formål at dyrke og forbedre den fysiske form, mentale velvære og etablere socialt netværk eller for at konkurrerere på alle niveauer.

Denne hovedgruppe omfatter udbud af fritids- og forlystelsesaktiviteter.

Hovedgruppen omfatter også organisering af sportsbegivenheder.

Denne hovedgruppe omfatter ikke:
- scenekunst, musik og andre kunstarter og underholdning, fx produktion af live teaterforestillinger, koncerter og opera- eller danseproduktioner samt andre sceneproduktioner, jf. hovedgruppe 90
- drift af ??museer af enhver art, arkæologiske og historiske steder og monumenter, biblioteker, arkiver, botaniske og zoologiske haver; bevarelse af historiske steder; aktiviteter i naturreservater, jf. hovedgruppe 91";;;
2686;3;S;93.1;931;;Sportsaktiviteter;Sports activities;"Denne gruppe omfatter:
- drift af sportsfaciliteter
- sportshold eller sportsklubber, som hovedsagligt deltager i sportsbegivenheder
- uafhængige atleter, der deltager i sportsbegivenheder eller væddeløb
- aktiviteter relateret til træning af dyr mhp. deltagelse i sport eller underholdning
- sportstrænere, der udøver specialiserede tjenester til støtte for deltagere i sportsbegivenheder eller konkurrencer
- driftsledere af arenaer og stadioner
- andre aktiviteter i forbindelse med organisering, markedsføring eller styring af sportsbegivenheder i.a.n.

Gruppen omfatter ikke:
- undervisning inden for sport og fritid, jf. 85.51.00";;;
2687;4;S;93.11;9311;;Drift af sportsanlæg;Operation of sports facilities;;;;
2688;5;S;93.11.00;931100;;Drift af sportsanlæg;Operation of sports facilities;Branchen omfatter drift af alle former for inden- og udendørs sportsanlæg. Tilrettelæggelse og afvikling af sportsbegivenheder på egne anlæg samt styring og formidling af personale til driften er også omfattet.;"- drift af faciliteter til indendørs eller udendørs sportsbegivenheder (åbne, indhegnede eller overdækkede, med eller uden tilskuerpladser)
- tilrettelæggelse og afvikling af udendørs eller indendørs sportsbegivenheder for professionelle eller amatører forestået af organisationer (ikke sportsklubber)";"- styring og levering af personale til at drive faciliteterne
- levering af udstyr til at drive faciliteterne
- drift af sportsarealer, som kan omfatte drift af kabelbaner, skilifte og stolelifte
- forvaltning af udearealer med sportsudstyr
- drift af sportsaktiviteter på alle niveauer
- drift af sportsfaciliteter";"- transport via kabelbaner, skilifte og stolelifte, som kan omfatte forberedelse af skiløjper, jf. 49.34.00
- udlejning af fritids- og sportsudstyr, jf. 77.21.00
- tilrettelæggelse og afvikling af udendørs eller indendørs sportsbegivenheder for professionelle eller amatører forestået af sportsklubber, jf. 93.12.00
- aktiviteter i forbindelse med fitnessfaciliteter, jf. 93.13.00
- tilrettelæggelse og afvikling af udendørs eller indendørs sportsbegivenheder for professionelle eller amatører forestået af organisationer (ikke sportsklubber) uden egne faciliteter, jf. 93.19.00
- aktiviteter i forbindelse med park og strand, jf. 93.29.90"
2689;4;S;93.12;9312;;Drift af sportsklubber;Activities of sports clubs;"Denne undergruppe omfatter aktiviteter i forbindelse med sportsklubber, både professionelle, halvprofessionelle og amatørklubber, som giver deres medlemmer mulighed for at dyrke sport.

Sportsklubber er typisk organisationer med almennyttigt formål, men omfattet af sportssektoren på grundlag af det overvejende formål med aktiviteten (fremme af sportsudøvelse). Aktiviteter i forbindelse med levering af undervisning, træning, salg af annonceplads og klubhuse er i denne sammenhæng underordnede aktiviteter, som kan have hovedvægt i økonomisk forstand, men som tjener som et middel til det overordnede formål med aktiviteterne og til fortsættelse af disse.";;;
2690;5;S;93.12.00;931200;;Drift af sportsklubber;Activities of sports clubs;"Branchen omfatter drift af alle former for sportsklubber og idrætsforbund, herunder klubber for e-sport eller kortspil.

Drift af sportsanlæg henvises til 93.11.00.";"- drift af sportsklubber, fx:
• fodboldklubber
• bowlingklubber
• svømmeklubber
• golfklubber
• bokseklubber
• vintersportsklubber
• skakklubber
• atletikklubber
• skydeklubber mv.
• e-sportsklubber
• kortspilsklubber, fx bridgeklubber";"- tilrettelæggelse og afvikling af udendørs eller indendørs sportsbegivenheder for professionelle eller amatører forestået af sportsklubber
- levering af klubhustjenester udført af sportsklubber
- træning forestået af sportsklubber";"- sportsinstruktion givet af individuelle instruktører, trænere, jf. 85.51.00
- drift af sportsanlæg, jf. 93.11.00
- aktiviteter udøvet af selvstændige sportsfolk og atleter, kampledere, dommere, tidtagere mv., jf. 93.19.00
- aktiviteter udøvet af selvstændige deltagere i e-sport, jf. 93.19.00
- aktiviteter udøvet af sportsforbund, jf. 93.19.00"
2691;4;S;93.13;9313;;Drift af fitnesscentre;Activities of fitness centres;;;;
2692;5;S;93.13.00;931300;;Drift af fitnesscentre;Activities of fitness centres;Branchen omfatter fitnesscentre, sundheds- og bodybuilderklubber samt aerobicinstitutter, der inkluderer et medlemskab. Undervisning i at udføre aktiviteter i disse centre er også omfattet.;"- fitnesscentre
- yogastudier
- pilatesstudier 
- tai chi-studier";- fitnessinstruktion i fitnessklubber, yogastudier og lignende faciliteter;- sportsinstruktion givet af individuelle instruktører eller trænere, jf. 85.51.00
2693;4;S;93.19;9319;;Sportsaktiviteter i.a.n.;Sports activities n.e.c.;;;;
2694;5;S;93.19.00;931900;tilpasset teskt;Sportsaktiviteter i.a.n.;Sports activities n.e.c.;"Branchen omfatter andre former for sportsaktiviteter, fx aktiviteter for at fremme sportsbegivenheder, aktiviteter udøvet af professionelle sportsfolk, drift af områder til sportsfiskeri og jagt samt stalde for væddeløbsheste og hunde.

Drift af stalde for væddeløbsheste og rideskoler, hvis de har avlsaktiviteter, henvises til 01.43.00.";"- aktiviteter udført af programledere af sportsbegivenheder, med eller uden faciliteter
- aktiviteter udøvet af selvstændige sportsfolk og atleter, kampledere, dommere, tidtagere mv.
- aktiviteter udøvet af selvstændige deltagere i e-sport
- aktiviteter udøvet af idrætsforbund, sportsforbund og andre styrende organer
- aktiviteter i forbindelse med fremme af sportsbegivenheder
- stalde til væddeløbsheste, kenneler til væddeløbshunde og garager til væddeløbsbiler
- drift af sportsfiskerireservater og jagtområder
- aktiviteter udøvet af bjergførere
- støtteaktiviteter til fiskeri og jagt som sport eller fritidsaktivitet
- drift af vertikale, aerodynamiske vindtunneller
- aktiviteter i forbindelse med træning af dyr til sport og underholdning
- tilrettelæggelse og afvikling af udendørs eller indendørs sportsbegivenheder for professionelle eller amatører forestået af organisationer (ikke sportsklubber) uden egne faciliteter
- aktiviteter udøvet af sportsforbund";;"- drift af stalde for væddeløbsheste og rideskoler, hvis de har avlsaktiviteter, jf. 01.43.00
- TV-transmission af live-optrædener og begivenheder, jf. 60.20.00
- udlejning af sportsudstyr, jf. 77.21.00
- afholdelse af konferencer, kongresser, messer og udstillinger, jf. 82.30.00
- aktiviteter i forbindelse med sportsskoler og spilleskoler, jf. 85.51.00
- professionelle sportstrænere, lærere og instruktørers aktiviteter, jf. 85.51.00
- teknisk planlægning, levering, opsætning og betjening af audiovisuelt udstyr og special effects i forbindelse med afholdelse af kunstneriske begivenheder, jf. 90.39.20
- levering af personale og udstyr som en del af tilrettelæggelsen og afviklingen af en sportsbegivenhed (som ikke drives af sportsklubber) med egne faciliteter, jf. 93.11.00
- drift af e-sportsklubber, jf. 93.12.00
- tilrettelæggelse og afvikling af udendørs eller indendørs sportsbegivenheder for professionelle eller amatører forestået af sportsklubber, jf. 93.12.00
- teknisk planlægning, levering, opsætning og betjening af audiovisuelt udstyr og special effects i forbindelse med afholdelse af andre begivenheder end kunstneriske begivenheder, jf. 93.29.90
- aktiviteter i forbindelse med park og strand, jf. 93.29.90"
2695;3;S;93.2;932;;Forlystelser og fritidsaktiviteter;Amusement and recreation activities;"Denne gruppe omfatter en lang række enheder, der driver anlæg eller tilbyder tjenester for at imødekomme deres kunders forskellige fritidsinteresser. Den omfatter drift af en lang række attraktioner som fx mekaniske forlystelser, vandrutsjebaner, spil, forestillinger, temaudstillinger og udflugtsområder.

Gruppen omfatter ikke:
- scenekunst, musik og andre kunstarter, jf. hovedgruppe 90
- sportsaktiviteter, jf. 93.1
- aktiviteter i forbindelse med sportsfaciliteter og -anlæg (fx svømmebasiner og legepladser), jf. 93.11.00";;;
2696;4;S;93.21;9321;;Drift af forlystelsesparker o.lign.;Activities of amusement parks and theme parks;;;;
2697;5;S;93.21.00;932100;;Drift af forlystelsesparker o.lign.;Activities of amusement parks and theme parks;"Branchen omfatter drift af forlystelsesparker samt andre attraktioner, fx badelande, vandrutsjebaner, temaudstillinger og udflugtsområder.

Drift af rutsjebaner, spil og forestillinger af selvstændige udbydere, fx på markedspladser, festivaller og julemarkeder, henvises til 93.29.90.";- aktiviteter i forbindelse med permanente forlystelsesparker med fast beliggenhed, inkl. drift af forskellige attraktioner, fx: rutsjebaner, karruseller, spil, skydetelte, forestillinger, temaudstillinger og picnicpladser, der tilbydes under en central operatørs økonomiske og driftsmæssige ledelse. Disse parker ligger typisk i et indhegnet område, som kunder betaler for adgang til;- bade-/vandlande;"- drift af spil og lotterier, jf. 92.00.00
- drift af rutsjebaner, spil og forestillinger af selvstændige udbydere, fx på markedspladser, festivaller og julemarkeder, jf. 93.29.90"
2698;4;S;93.29;9329;;Forlystelser og fritidsaktiviteter i.a.n.;Amusement and recreation activities n.e.c.;Denne undergruppe omfatter aktiviteter i forbindelse med underholdning og fritid (bortset fra forlystelsesparker o.lign.), som ikke er nævnt andetsteds.;;;
2699;5;S;93.29.10;932910;;Drift af lystbådehavne;Operation of marinas;Branchen omfatter drift af lystbådehavne til fornøjelser og fritidsaktiviteter.;- fornøjelser og fritidsaktiviteter i forbindelse med marinaers infrastruktur;;- lystfiskerture, jf. 50.10.00 og 50.30.00
2700;5;S;93.29.90;932990;;Drift af andre forlystelser og fritidsaktiviteter;Operation of other amusements and leisure activities;Branchen omfatter forlystelser og fritidsaktiviteter, fx drift af skibakker inkl. udlejning af skiudstyr, udlejning af badehuse og aflåselige skabe samt drift af dansesteder (uden servering).;"- drift af spil med møntindkast
- udlejning af udstyr til fritids- og rekreative formål, der indgår som en integreret del af rekreative faciliteter
- drift af omrejsende forlystelser af selvstændige udbydere, fx på markedspladser, festivaller og julemarkeder
- drift af strande, herunder udlejning af faciliteter, fx badehuse, bokse, strandstole, strandparasoller/strandparaplyer mv.
- uafhængige animatorer i forlystelses- og fritidsfaciliteter
- drift af dansesteder og dansehaller, hvor servering af drikkevarer ikke er hovedaktiviteten
- drift af lokaler, hvor der kan spilles computerspil
- drift af selvbetjente (mekaniske) forlystelser, fx gyngestole/-heste/biler/rumskibe 
- drift af airsoft- og paintball-baner
- drift af spil/oplevelser med virtual reality eller geolokalisering
- drift af billiardhaller
- drift af escape rooms
- drift af bowlinghaller
- skabelse og præsentation af lys- og lydshows
- aktiviteter i forbindelse med guides på undervandsudflugter
- skabelse og præsentation af festfyrværkeri
- drift af picnicområder, som ikke er forbundet med naturreservater
- drift af laserspil
- underholdningsaktiviteter på alderdomshjem";"- aktiviteter udført af arrangører af levende underholdning, med eller uden faciliteter
- teknisk planlægning, levering, opsætning og betjening af audiovisuelt udstyr og special effects i forbindelse ikke-kunstneriske begivenheder";"- transport via kabelbaner, skilifte og stolelifte, som kan omfatte forberedelse af skiløjper, jf. 49.34.00
- plads og faciliteter til korte ophold af besøgende i fritidsparker og skove samt på lejrpladser, jf. 55.30.00
- fritidslejre, jagt- og fiskerilejre, lejrpladser og campingpladser, jf. 55.30.00
- mobilt salg af fødevarer, jf. 56.12.00
- sikkerhedspersoners aktiviteter til arrangementer, koncerter, messer og udstillinger, jf. 80.01.00
- afholdelse af konferencer, kongresser, messer og udstillinger, jf. 82.30.00
- tjenesteydelser i forbindelse med messer, events og udstillinger, som hører under offentlig orden og sikkerhed, jf. 84.24.00
- teater- og cirkustrupper, jf. 90.20.10
- drift af kulturfaciliteter, fx koncertsale, spillesteder, auditorier og faciliteter til liveoptræden af kunstnere, jf. 90.31.00
- teknisk planlægning, levering, opsætning og betjening af audiovisuelt udstyr og special effects i forbindelse med kunstneriske begivenheder, jf. 90.39.20
- drift af spil og lotterier, jf. 92.00.00
- drift af sportsfaciliteter, fx svømmebassiner og skøjteanlæg, jf. 93.11.00
- vandsportsklubber (kanosejlads, rosport og seljsport mv.), jf. 93.12.00
- forlystelsesparker o.lign., jf. 93.21.00"
2701;1;T;T;T;;ANDRE SERVICEYDELSER;OTHER SERVICE ACTIVITIES;Denne hovedafdeling (som er en opsamlingskategori) omfatter aktiviteter i forbindelse med medlemsorganisationer, reparation af computere, varer til personlig brug og husholdningsbrug, motorkøretøjer og motorcykler samt en række forskellige personlige serviceydelser, der ikke indgår andre steder i nomenklaturen.;;;
2702;2;T;94;94;;Organisationers og foreningers aktiviteter;Activities of membership organisations;"Denne hovedgruppe omfatter aktiviteter i interesseorganisationer. Disse organisationer har normalt en kreds af medlemmer, men ikke-medlemmer kan også deltage i deres aktiviteter og drage fordel af dem. 

Denne hovedgruppe opdeles primært efter det formål, som disse organisationer tjener, nemlig arbejdsgiveres, selvstændige erhvervsdrivendes og faglige sammenslutningers interesser (gruppe 94.1), arbejdstageres interesser (gruppe 94.2) eller fremme af religiøse, politiske, kulturelle, uddannelsesmæssige eller rekreative idéer og aktiviteter (gruppe 94.9).";;;
2703;3;T;94.1;941;;Erhvervs- og arbejdsgiverorganisationers og faglige sammenslutningers aktiviteter;Activities of business, employers and professional membership organisations;Denne gruppe omfatter erhvervs- og arbejdsgiverorganisationers og faglige sammenslutningers aktiviteter. Denne gruppe omfatter aktiviteter i forbindelse med varetagelse af interesser for medlemmer af erhvervs- og arbejdsgiverorganisationer. For faglige sammenslutningers vedkommende omfatter den også varetagelse af de faglige interesser for folk inden for det pågældende erhverv.;;;
2704;4;T;94.11;9411;;Erhvervs- og arbejdsgiverorganisationers aktiviteter;Activities of business and employers membership organisations;;;;
2705;5;T;94.11.00;941100;;Erhvervs- og arbejdsgiverorganisationers aktiviteter;Activities of business and employers membership organisations;Branchen omfatter erhvervs- og arbejdsgiverorganisationer, som varetager særlige gruppers interesser eller fremmer idéer for offentligheden. Disse organisationer har for det meste en medlemskreds.;"- organisationer, hvor medlemmerne koncentrerer sig om udvikling og fremme af virksomheder inden for en bestemt branche eller et forretningsområde, herunder landbrug, eller om den økonomiske vækst og erhvervsklimaet i et bestemt geografisk område eller politisk delområde uanset branche 
- aktiviteter i forbund af foreninger
- aktiviteter i handelskamre, håndværkerlaug og lignende organisationer
- formidling af information, repræsentation over for det offentlige, PR-arbejde og overenskomstforhandlinger";;"- faglige sammenslutninger, jf. 94.12.00
- fagforeninger, jf. 94.20.00
- andre medlemsorganisationer, jf. 94.99.00
- internationale organisationers aktiviteter af administrativ karakter, jf. 99.00.20"
2706;4;T;94.12;9412;;Faglige sammenslutningers aktiviteter;Activities of professional membership organisations;;;;
2707;5;T;94.12.00;941200;;Faglige sammenslutningers aktiviteter;Activities of professional membership organisations;Branchen omfatter faglige sammenslutninger, hvor aktiviteten hovedsaglig består i formidling af viden for og mellem medlemmerne.;"- organisationer, hvor medlemmerne koncentrerer sig om et bestemt videnskabeligt område eller professionspraksis eller teknisk område, fx lægeforeninger, advokatsamfund, revisorsammenslutninger, ingeniørforeninger, arkitektforbund mv.
- foreninger af fagfolk inden for videnskabelige, akademiske eller kulturelle aktiviteter, fx forbund for forfattere, kunstmalere, forskellige udøvende kunstnere, journalister mv.
- faglige sammenslutningers formidling af information, etablering af og tilsyn med praksisstandarder, repræsentation over for det offentlige og PR-arbejde";- videnskabelige samfund;"- undervisning leveret af disse sammenslutninger, jf. hovedgruppe 85
- erhvervs- og arbejdsgiverorganisationer, jf. 94.11.00
- fagforeninger, jf. 94.20.00
- andre medlemsorganisationer, jf. 94.99.00"
2708;3;T;94.2;942;;Fagforeningers aktiviteter;Activities of trade unions;;;;
2709;4;T;94.20;9420;;Fagforeningers aktiviteter;Activities of trade unions;;;;
2710;5;T;94.20.00;942000;;Fagforeningers aktiviteter;Activities of trade unions;Branchen omfatter fagforeninger, der varetager lønmodtagernes interesser.;- varetagelse af fagforeningsmedlemmernes interesser;- foreninger, hvor medlemmerne er arbejdstagere, som først og fremmest er interesseret i, at deres synspunkter bliver repræsenteret i forhold til løn- og arbejdsvilkår, og i koordinering af fællesaktioner;"- undervisning leveret af fagforeninger, jf. hovedgruppe 85
- faglige sammenslutninger, jf. 94.12.00"
2711;3;T;94.9;949;;Andre organisationers og foreningers aktiviteter;Activities of other membership organisations;Denne gruppe omfatter aktiviteter i forbindelse med enheder (bortset fra erhvervs- og arbejdsgiverorganisationer, faglige sammenslutninger og fagforeninger), som varetager deres medlemmers interesser.;;;
2712;4;T;94.91;9491;;Religiøse institutioners og foreningers aktiviteter;Activities of religious organisations;;;;
2713;5;T;94.91.00;949100;;Religiøse institutioners og foreningers aktiviteter;Activities of religious organisations;Branchen omfatter religiøse foreninger eller enkeltpersoner, som leverer ydelser til diverse trossamfund.;"- religiøse foreninger eller enkeltpersoner, som leverer ydelser direkte til de troende i kirker, moskeer, templer, synagoger og andre steder
- organisationer med munke- og nonneklostertjenester
- religiøse refugier";- religiøse begravelsestjenester;"- undervisning leveret af religiøse foreninger, jf. hovedgruppe 85
- sundhedspleje leveret af religiøse foreninger, jf. hovedgruppe 86
- socialt arbejde leveret af religiøse foreninger, jf. hovedgruppe 87 og 88"
2714;4;T;94.92;9492;;Politiske partiers aktiviteter;Activities of political organisations;;;;
2715;5;T;94.92.00;949200;;Politiske partiers aktiviteter;Activities of political organisations;Branchen omfatter politiske partier og deres støtteorganisationer, fx ungdomsorganisationer.;- politiske partier og deres støtteorganisationer, fx ungdomsorganisationer. Disse organisationers hovedfunktion er at påvirke beslutningstagningen i offentlige forvaltningsorganer ved at få medlemmer eller tilhængere af partiet ind i politiske hverv, og omfatter formidling af oplysninger, PR-arbejde, tilvejebringelse af midler mv.;;
2716;4;T;94.99;9499;;Andre organisationers og foreningers aktiviteter i.a.n.;Activities of other membership organisations n.e.c.;;;;
2717;5;T;94.99.00;949900;;Andre organisationers og foreningers aktiviteter i.a.n.;Activities of other membership organisations n.e.c.;Branchen omfatter en bred vifte af forskellige organisationer og foreninger med forskellige mål, der ikke er tilknyttet til et politisk parti, fx borgerinitiativer, protestbevægelser, miljø- og økologibevægelser og organisationer, der understøtter kultur- og uddannelsesinstitutioner.;"- aktiviteter i organisationer (som ikke er direkte tilknyttet et politisk parti), som arbejder for at fremme sager af offentlig interesse ved hjælp af oplysningskampagner, politisk indflydelse, tilvejebringelse af midler mv.:
 • borgerinitiativer eller protestbevægelser
 • miljø- og økologibevægelser
 • organisationer, der understøtter kultur- og uddannelsesinstitutioner i.a.n.
 • organisationer, der arbejder for beskyttelse og forbedring af vilkårene for særlige grupper, fx etniske grupper og andre minoritetsgrupper
 • foreninger med patriotiske formål, herunder foreninger for krigsveteraner
 • foreninger til sundhedsfremme, fx samaritter
 • foreninger til dyrebeskyttelse
 • forbrugerorganisationer
- aktiviteter i bilforeninger (andet end sport)
- aktiviteter i foreninger, hvis formål er socialt samvær, fx rotary-klubber, loger mv.
- aktiviteter i ungdomsforeninger, fx spejderorganisationer, studenterforeninger og klubber mv.
- aktiviteter i foreninger med kulturelle eller rekreative aktiviteter eller hobbyer (bortset fra sport og spil), fx litteraturforeninger, lokalhistoriske foreninger, haveselskaber, film- og fotoklubber, musik- og kunstforeninger, håndværkerforeninger, frimærkeklubber mv.";"- tildeling af legater fra medlemsorganisationer eller andre
- filantropiske formidlere og fremme af frivilligt arbejde
- internationalt samarbejde og solidaritet
- serviceaktiviteter til fremme af jagt og fældefangst";"- velgørenhedsaktiviteter som indsamling af midler til socialt arbejde, jf. 88.99.10
- sportsklubber, jf. 93.12.00
- sportsforbund og -foreninger, jf. 93.19.00
- faglige sammenslutninger, jf. 94.12.00
- internationale organisationers aktiviteter under internationale traktater mellem stater, jf. 99.00.20"
2718;2;T;95;95;;Reparation og vedligeholdelse af computere, varer til personlig brug og husholdningsbrug samt motorkøretøjer og motorcykler;Repair and maintenance of computers, personal and household goods, and motor vehicles and motorcycles;"Denne hovedgruppe omfatter reparation og vedligeholdelse af computere og perifert computerudstyr, kommunikationsudstyr, forbrugerelektronik, haveudstyr, fodtøj og lædervarer, møbler og boligudstyr, tøj, sportsudstyr, musikinstrumenter og andre varer til personlig brug og husholdningsbrug samt reparation og vedligeholdelse af motorkøretøjer og motorcykler.

Denne hovedgruppe omfatter ikke:
- specialiseret vedligeholdelse og reparation af industrielle, erhvervsmæssige og lignende maskiner og udstyr, som ikke anvendes i husholdninger, jf. hovedgruppe 33";;;
2719;3;T;95.1;951;;Reparation og vedligeholdelse af computere og kommunikationsudstyr;Repair and maintenance of computers and communication equipment;Denne gruppe omfatter reparation og vedligeholdelse af computere og perifert computerudstyr samt kommunikationsudstyr.;;;
2720;4;T;95.10;9510;;Reparation og vedligeholdelse af computere og kommunikationsudstyr;Repair and maintenance of computers and communication equipment;;;;
2721;5;T;95.10.00;951000;;Reparation og vedligeholdelse af computere og kommunikationsudstyr;Repair and maintenance of computers and communication equipment;Branchen omfatter reparation og vedligeholdelse af computere, kommunikationsudstyr, it-udstyr og ydre enheder samt kasseterminaler.;"- reparation og vedligeholdelse af elektronisk udstyr, som fx computere og datalogiske maskiner, perifert udstyr og kommunikationsudstyr, fx:
 • stationære computere
 • bærpare pc'er
 • diskdrev og disketteenheder
 • optiske diskdrev
 • renovering af disketter
 • printere
 • skærme
 • tastaturer
 • webkameraer
 • høretelefoner, herunder ledningsfri in-ear headsets
 • mus, joysticks og trackball-tilbehør
 • interne og eksterne computermodemmer
 • lukkede dataterminaler
 • computerservere
 • scannere, herunder stregkodescannere
 • smartkortlæsere
 • virtual reality-hjelme
 • computerprojektorer
 • trådløse telefoner
 • smartphones og tablets
 • bærbart telekommunikationsudstyr
 • transmissionsudstyr, fx routere, broer, modemmer
 • radiosender- og -modtagerudstyr
 • professionelle TV- og videokameraer";"- reparation og vedligeholdelse af dataterminaler som fx hæveautomater og kasseterminaler, som ikke er mekanisk betjente
- reparation og vedligeholdelse af håndholdte computere (PDA´er)";"- genpåfyldning af blæk- og tonerpatroner i detailhandelsleddet, jf. 47.40.00
- reparation og vedligeholdelse af forbrugerelektronik, jf. 95.21.00"
2722;3;T;95.2;952;;Reparation og vedligeholdelse af varer til personlig brug og husholdningsbrug;Repair and maintenance of personal and household goods;Denne gruppe omfatter reparation og vedligeholdelse af varer til personlig brug og husholdningsbrug.;;;
2723;4;T;95.21;9521;;Reparation og vedligeholdelse af forbrugerelektronik;Repair and maintenance of consumer electronics;;;;
2724;5;T;95.21.00;952100;;Reparation og vedligeholdelse af forbrugerelektronik;Repair and maintenance of consumer electronics;Branchen omfatter reparation og vedligeholdelse af forbrugerelektronik, som ikke er computere eller kommunikationsudstyr, til privat brug, fx TV og radio.;"- reparation og vedligeholdelse af forbrugerelektronik, fx:
 • TV og radio
 • lyd- og videoafspillere
 • videokameraer og fotoudstyr til privat brug
 • spillekonsoller";;
2725;4;T;95.22;9522;;Reparation og vedligeholdelse af husholdningsapparater og redskaber til hus og have;Repair and maintenance of household appliances and home and garden equipment;;;;
2726;5;T;95.22.00;952200;;Reparation og vedligeholdelse af husholdningsapparater og redskaber til hus og have;Repair and maintenance of household appliances and home and garden equipment;Branchen omfatter reparation og serviceeftersyn af apparater til husholdninger, fx køleskabe, vaskemaskiner og ovne samt redskaber til hus og have, fx plæneklippere og kantklippere.;"- reparation og vedligeholdelse af husholdningsapparater, fx:
 • køleskabe, komfurer, vaskemaskiner, tørretumblere, airconditionanlæg mv.
- reparation og serviceeftersyn af udstyr til hus og have
 • græsslåmaskiner, kantklippere, sne- og løvblæsere, trimmere mv.";;"- reparation af håndholdte motordrevne værktøjer og erhvervsmæssig køleteknik, jf. 33.12.00
- reparation af centrale airconditionsystemer, jf. 43.22.00"
2727;4;T;95.23;9523;;Reparation og vedligeholdelse af fodtøj og lædervarer;Repair and maintenance of footwear and leather goods;;;;
2728;5;T;95.23.00;952300;;Reparation og vedligeholdelse af fodtøj og lædervarer;Repair and maintenance of footwear and leather goods;Branchen omfatter reparation og vedligeholdelse af fodtøj og lædervarer.;"- reparation og vedligeholdelse af fodtøj og lædervarer, fx:
 • reparation af støvler, sko, rejseartikler mv.
 • forsåling";;- skopudsning, jf. 96.99.00
2729;4;T;95.24;9524;;Reparation og vedligeholdelse af møbler og boligudstyr;Repair and maintenance of furniture and home furnishings;;;;
2730;5;T;95.24.00;952400;;Reparation og vedligeholdelse af møbler og boligudstyr;Repair and maintenance of furniture and home furnishings;Branchen omfatter reparation, restaurering og vedligeholdelse af møbler og boligudstyr.;"- ompolstring, oppudsning og reparation af møbler og boligudstyr, herunder kontormøbler
- samling af fritstående møbler";;
2731;4;T;95.25;9525;;Reparation og vedligeholdelse af ure og smykker;Repair and maintenance of watches, clocks and jewellery;;;;
2732;5;T;95.25.00;952500;;Reparation og vedligeholdelse af ure og smykker;Repair and maintenance of watches, clocks and jewellery;"Branchen omfatter reparation af smykker og ure samt dele hertil, fx urkasser og -kabinetter. 

Reparation af kontrolure, tid- og datostempler og andre tidtagningsprodukter henvises til 33.13.00.";"- reparation af ure og dele heraf, som fx urkasser og -kabinetter af ethvert materiale
- reparation af smykker";;- reparation af kontrolure, stempelure, tidsindstillelige låse o.lign. tidsregistreringsapparater, jf. 33.13.00
2733;4;T;95.29;9529;;Reparation og vedligeholdelse af varer til personlig brug og husholdningsbrug i.a.n.;Repair and maintenance of personal and household goods n.e.c.;;;;
2734;5;T;95.29.00;952900;tilpasset teskt;Reparation og vedligeholdelse af varer til personlig brug og husholdningsbrug i.a.n.;Repair and maintenance of personal and household goods n.e.c.;Branchen omfatter reparation af en bred vifte af varer til personligt husholdningsbrug, fx cykler, musikinstrumenter, bøger, legetøj, campingudstyr og sportsudstyr.;"- reparation af varer til personlig brug eller husholdningsbrug, fx:
 • cykler, el-cykler, hoverboards og løbehjul
 • sportsudstyr (bortset fra våben) og campingudstyr
 • bøger
 • ikke-historiske musikinstrumenter
 • legetøj o.lign.
- reparation og skræddertilpasning af tøj
- klaverstemning
- knivslibning
- fremstilling eller kopiering af nøgler";"- ""mens du venter""-indgravering";"- industriel indgravering af metaller, jf. 25.53.00
- reparation af våben til sport og fritid, jf. 33.11.00
- reparation af håndholdte motordrevne værktøjer, jf. 33.12.00
- installation af elektroniske sikkerhedssystemer, fx tyverialarmer, overvågningsanlæg og brandalarmer, uden senere overvågning og fjernovervågningsaktiviteter, jf. 43.21.00
- installation af mekaniske låseanordninger, uden senere overvågning og fjernovervågningsaktiviteter, fx låsesmedes aktiviteter, jf. 43.24.00
- overvågning og fjernovervågning af elektroniske sikkerhedssystemer, fx tyveri- og brandalarmer, herunder installation og vedligeholdelse heraf, jf. 80.09.00"
2735;3;T;95.3;953;;Reparation og vedligeholdelse af motorkøretøjer og motorcykler;Repair and maintenance of motor vehicles and motorcycles;Denne gruppe omfatter reparation og vedligeholdelse af motorkøretøjer og motorcykler.;;;
2736;4;T;95.31;9531;;Reparation og vedligeholdelse af motorkøretøjer;Repair and maintenance of motor vehicles;;;;
2737;5;T;95.31.10;953110;;Dækservice;Tire service activities;Branchen omfatter reparation, montering og udskiftning af dæk.;- reparation, montering eller udskiftning af dæk;;- vulkanisering og genopbygning af dæk, jf. 22.11.00
2738;5;T;95.31.20;953120;;Reparation og lakering af karosseri samt undervognsbehandling;Repair and painting of bodywork and undercarriage treatment;Branchen omfatter reparation og lakering af karosseri på last- og personbiler mv.;"- reparation og lakering af last- og personbiler mv., fx:
 • sprøjtelakering og maling
 • reparation af karrosseri
- vask, polering mv., fx i vaskehal
- behandling med rustbeskyttelse";;
2739;5;T;95.31.90;953190;;Reparation og vedligeholdelse af motorkøretøjer i.a.n.;Repair and maintenance of motor vehicles n.e.c.;Branchen omfatter reparation og vedligeholdelse af motorkøretøjer, herunder trailere og anhængere.;"- reparation og vedligeholdelse af motorkøretøjer, herunder trailere og anhængere
- mekaniske reparationer
- elektroniske reparationer
- reparationer af elektroniske indsprøjtningssystemer
- reparation og vedligeholdelse af ikke-militære amfibiekøretøjer
- installation af dele og tilbehør, som ikke er installeret under produktionen
- reparation af motorkøretøjsdele
- almindelige serviceeftersyn
- reparation af mekatroniske systemer og diagnosticeringsservices
- reparation af bilsæder";- reparation og vedligeholdelse af campingvogne- og autocampere;"- montering af ekstraudstyr til campingvogne og autocampere, jf. 29.20.00
- reparation af gaffeltrucks og landbrugstraktorer, jf. 33.12.00"
2740;4;T;95.32;9532;;Reparation og vedligeholdelse af motorcykler;Repair and maintenance of motorcycles;;;;
2741;5;T;95.32.00;953200;;Reparation og vedligeholdelse af motorcykler;Repair and maintenance of motorcycles;Branchen omfatter reparation og vedligeholdelse af motorcykler, inklusiv lakering og malerarbejde.;"- reparation og vedligeholdelse af motorcykler
- lakering og malerarbejde på motorcykler, motorcykeludstyr og dele heraf
- reparation af karrosseri på motorcykler
- vask, polering mv. af motorcykler";;- reparation og vedligeholdelse af cykler og el-cykler, jf. 95.29.00
2742;3;T;95.4;954;;Formidlingsaktiviteter i forbindelse med reparation og vedligeholdelse af computere, varer til personlig brug og husholdningsbrug samt motorkøretøjer og motorcykler;Intermediation service activities for repair and maintenance of computers, personal and household goods, and motor vehicles and motorcycles;;;;
2743;4;T;95.40;9540;;Formidlingsaktiviteter i forbindelse med reparation og vedligeholdelse af computere, varer til personlig brug og husholdningsbrug samt motorkøretøjer og motorcykler;Intermediation service activities for repair and maintenance of computers, personal and household goods, and motor vehicles and motorcycles;Denne undergruppe omfatter formidlingsaktiviteter inden for reparation og vedligeholdelse af computere, varer til personligt brug og husholdningsbrug, samt motorkøretøjer og motorcykler ved at bringe kunder og udbydere af services sammen for et honorar eller provision, hvor formidleren ikke selv tilbyder de formidlede ydelser. Formidlingen kan foregå på digitale platforme eller via ikke-digitale kanaler (ansigt-til-ansigt, herunder dør-til-dør, telefon og post mv.). Honoraret eller provisionen kan betales enten af kunden eller af udbyderen af reparations- og vedligeholdelsesydelsen. Indtægter fra formidlingen kan indbefatte andre indtægtskilder, fx indtægter fra salg af annonceplads.;;;
2744;5;T;95.40.00;954000;;Formidlingsaktiviteter i forbindelse med reparation og vedligeholdelse af computere, varer til personlig brug og husholdningsbrug samt motorkøretøjer og motorcykler;Intermediation service activities for repair and maintenance of computers, personal and household goods, and motor vehicles and motorcycles;Branchen omfatter formidlingsaktiviteter inden for reparation og vedligeholdelse af computere, varer til personlig brug og husholdningsbrug samt motorkøretøjer og motorcykler.;"- formidlingsaktiviteter inden for reparation og vedligeholdelse ved at bringe kunder og udbydere af services sammen for et honorar eller provision, hvor formidleren ikke selv tilbyder de formidlede ydelser, fx af:
 • computere
 • varer til personlig brug og husholdningsbrug
 • motorkøretøjer og motorcykler";;
2745;2;T;96;96;;Personlige serviceydelser;Personal service activities;Denne hovedgruppe omfatter alle personlige serviceydelser, som ikke er nævnt andre steder i nomenklaturen. Den omfatter navnligt serviceydelser som fx vaskerier og renserier, frisør- og skønhedssaloner, dagspa mv., bedemænd og begravelsesvæsen.;;;
2746;3;T;96.1;961;;Vask og rensning af tekstiler og pelsværk;Washing and cleaning of textile and fur products;;;;
2747;4;T;96.10;9610;;Vask og rensning af tekstiler og pelsværk;Washing and cleaning of textile and fur products;;;;
2748;5;T;96.10.10;961010;;Drift af erhvervs- og institutionsvaskerier;Operation of commercial and institutional laundries;Branchen omfatter kombinerede udlejnings- og vaskeservices, herunder vask og rengøring af tekstiler.;"- kombinerede udlejnings- og vaskeservices, herunder vask og rengøring af tekstiler, fx sengetøj, arbejdsuniformer og relaterede varer
- tjenester, der tilbyder levering af genbrugsbleer";;
2749;5;T;96.10.20;961020;;Drift af renserier og selvbetjeningsvaskerier mv.;Operation of dry cleaners and self-service laundries, etc;"Branchen omfatter drift af renserier og selvbetjeningsvaskerier samt rengøring af tæpper og gardiner, fx hjemme hos kunden.

Reparation og skræddertilpasning af tøj henvises til 95.29.00.";"- vask og rensning, rulning mv. af alle typer tøj (herunder pels) og tekstiler ved hjælp af mekanisk udstyr, i hånden eller ved selvbetjening af møntvaskerimaskiner, både til private og erhvervskunder
- rengøring af tæpper og gardiner, eventuelt hjemme hos kunden";;- reparation og skræddertilpasning af tøj, jf. 95.29.00
2750;3;T;96.2;962;;Drift af frisør- og skønhedssaloner, dagspa mv.;Hairdressing, beauty treatment, day spa and similar activities;;;;
2751;4;T;96.21;9621;;Drift af frisør- og barbersaloner;Hairdressing and barber activities;;;;
2752;5;T;96.21.00;962100;;Drift af frisør- og barbersaloner;Hairdressing and barber activities;Branchen omfatter drift af frisør- og barbersaloner.;"- hårvask, klipning, sætning, farvning, toning, udtrækning af krøl mv.
- hårstyling
- barbering og skægtrimning";;- fremstilling af parykker, jf. 32.99.00
2753;4;T;96.22;9622;;Skønhedspleje og anden skønhedsbehandling;Beauty care and other beauty treatment activities;Denne undergruppe omfatter skønhedsbehandlinger, som ikke udføres af lægefaglige specialister, fx udført af kosmetologer, fx. ansigtsmassage, manicure, pedicure, permanent makeup, hårfjerning, spraytanning.;;;
2754;5;T;96.22.00;962200;;Skønhedspleje og anden skønhedsbehandling;Beauty care and other beauty treatment activities;"Branchen omfatter skønhedspleje og anden skønhedsbehandling.

Kosmetisk kirurgi udført af lægefaglige specialister henvises til 86.22.00.";- skønhedsbehandlinger, som ikke udføres af lægefaglige specialister, fx udført af kosmetologer, som fx ansigtsmassage, manicure, pedicure, permanent makeup, hårfjerning og spraytanning;;- kosmetisk kirurgi udført af lægefaglige specialister, jf. 86.22.00
2755;4;T;96.23;9623;;Drift af dagspa, saunaer og dampbade;Day spa, sauna and steam bath activities;;;;
2756;5;T;96.23.00;962300;;Drift af dagspa, saunaer og dampbade;Day spa, sauna and steam bath activities;Branchen omfatter drift af dagspa, slankeklinikker, solarier, saunaer, dampbade mv., samt ikke-lægefaglige massageaktiviteter som fx wellness massage.;"- tyrkiske bade, sauna og dampbade, dagspaer, solarier, slankeklinikker mv.
- ikke-lægefaglig massage som fx wellness massage, der primært har fokus på velvære, afslapning og generel muskelafspænding";;"- fysiske wellness-ydelser som en del af et ophold, jf. hovedgruppe 55
- fysio- og ergoterapiaktiviteter, jf. 86.95.00
- kropsbehandlingsteknikker, fx sportsmassage, shiatsu, thaimassage, watsu og tuina qigong, jf. 86.99.00
- fitnesscentre, bodybuildingklubber og træningsklubber med massage- og behandlingsrum, jf. 93.13.00"
2757;3;T;96.3;963;;Drift af bedemandsforretninger og begravelsesvæsen;Funeral and related activities;;;;
2758;4;T;96.30;9630;;Drift af bedemandsforretninger og begravelsesvæsen;Funeral and related activities;;;;
2759;5;T;96.30.00;963000;;Drift af bedemandsforretninger og begravelsesvæsen;Funeral and related activities;"Branchen omfatter drift af bedemandsforretninger og begravelsesvæsen, herunder klargøring af døde og tjenester i forbindelse med begravelse og salg af gravsten. 

Religiøse begravelsestjenester henvises til 94.91.00.";"- begravelse og ligbrænding af mennesker og dyr samt relaterede aktiviteter:
 • klargøring af døde til begravelse eller kremering og balsamering og bedemandstjenester
 • tjenester i forbindelse med begravelse og kremering
 • udlejning af plads i ligkapeller
- udlejning eller salg af gravsteder
- vedligeholdelse af gravsteder og mausoleer
- transport af menneskelige, jordiske rester";;"- gartnerarbejde på kirkegård, jf. 81.30.00
- religiøse begravelsestjenester, jf. 94.91.00"
2760;3;T;96.4;964;;Formidlingsaktiviteter inden for personlige serviceydelser;Intermediation service activities for personal services;;;;
2761;4;T;96.40;9640;;Formidlingsaktiviteter inden for personlige serviceydelser;Intermediation service activities for personal services;Denne undergruppe omfatter formidling af personlige serviceydelser ved at bringe kunder og udbydere af services sammen for et honorar eller provision, hvor formidleren ikke selv tilbyder de formidlede ydelser. Formidlingen kan foregå på digitale platforme eller via ikke-digitale kanaler (ansigt-til-ansigt, herunder dør-til-dør, telefon og post mv.). Honoraret eller provisionen kan betales enten af kunden eller af udbyderen af personlige serviceydelser. Indtægter fra formidlingen kan indbefatte andre indtægtskilder, fx indtægter fra salg af annonceplads.;;;
2762;5;T;96.40.00;964000;;Formidlingsaktiviteter inden for personlige serviceydelser;Intermediation service activities for personal services;Branchen omfatter formidlingsaktiviteter inden for personlige serviceydelser.;- formidling af personlige serviceydelser ved at bringe kunder og udbydere af services sammen for et honorar eller provision, hvor formidleren ikke selv tilbyder de formidlede ydelser;;
2763;3;T;96.9;969;;Andre personlige serviceydelser;Other personal service activities;;;;
2764;4;T;96.91;9691;;Levering af personlige serviceydelser i hjemmet;Provision of domestic personal service activities;Denne undergruppe omfatter levering af en bred vifte af personlige serviceydelser, som fx madlavning, rengøring og strygning i private hjem. Når der kun udføres en enkelt aktivitet, skal det klassificeres i henhold til den pågældende aktivitet.;;;
2765;5;T;96.91.00;969100;;Levering af personlige serviceydelser i hjemmet;Provision of domestic personal service activities;"Branchen omfatter levering af personlige serviceydelser i hjemmet.

Hjemmehjælp til ældre henvises til 88.10.10.";- levering af en bred vifte af personlige serviceydelser, som fx madlavning, rengøring og strygning i private hjem. Når der kun udføres en enkelt aktivitet, skal det klassificeres i henhold til den pågældende aktivitet;;"- rengøring af bygninger, jf. hovedgruppe 81.21.00
- hjemmehjælp til ældre, herunder hjælpere, der bor hos den ældre, jf. 88.10.10
- pasningsordninger for børn hos dagplejer enten i dagplejerens eller barnets hjem, jf. 88.91.10
- fritidsordninger, jf. 88.91.40"
2766;4;T;96.99;9699;;Andre personlige serviceydelser i.a.n.;Other personal service activities n.e.c.;Denne undergruppe omfatter aktiviteter, der fortrinsvist tilbydes til enkeltpersoner.;;;
2767;5;T;96.99.00;969900;;Andre personlige serviceydelser i.a.n.;Other personal service activities n.e.c.;Branchen omfatter personlige serviceydelser som fx astrologi- og spiritualitetsaktiviteter og sociale ydelser, fx escortservices, datingservices, ægteskabsbureauer mv.;"- udbud af ydelser, der fortrinsvist tilbydes til enkeltpersoner.:
- astrologi- og spiritualitetsaktiviteter
- sociale ydelser, som fx escortservices, datingservices og ægteskabsbureauer
- fremskaffelse eller arrangering af seksuelle ydelser, organisering af prostitution eller drift af prostitutionsforetagender
- tjenester ifm. kæledyr, fx pension, opstaldning, pasning eller træning af kæledyr
- drift af dyreinternater for herreløse dyr
- genealogiske aktiviteter
- tatoverings- og piercingsaloners aktiviteter
- skopudsere, portører, parkeringsservicemedarbejdere mv.
- koncessionsdrift af møntindkastmaskiner til personlige tjenesteydelser, fx fotobokse, personvægte eller bagageopbevaringsbokse
- drift af fotoautomater til print af fotos fra elektroniske optagelser, fx fra telefon, hukommelseskort og USB-stik
- dating- og andre speed-netværksformidlere
- tatovører, der arbejder med biologiske midler, fx henna, til midlertidig dekorering
- hestehviskeraktiviteter
- huspasningsaktiviteter for bortrejste personer
- bryllupsarrangøraktiviteter";;"- dyrlægers aktiviteter, jf. 75.00.00
- rengøringsydelser i private hjem, jf. 81.21.00
- yoga- eller pilatesinstruktion, jf. 85.51.00
- alternative terapeutiske ydelser, fx homøpati, kiropraktik, osteopati, krystalterapi, irisanalyse, kinesiologi og elektromagnetisk terapi, jf. 86.96.00
- healeraktiviteter, jf. 86.96.00
- udøvere af kropsbehandlingsteknikker, fx shiatsu, thaimassage, watsu og tuina qigong, jf. 86.99.00
- hjemmehjælp til ældre, herunder hjælpere, der bor hos den ældre, jf. 88.10.10
- pasningsordninger for børn hos dagplejer enten i dagplejerens eller barnets hjem, jf. 88.91.10
- fritidsordninger, jf. 88.91.40
- drift af spillemaskiner med møntindkast, jf. 92.00.00
- drift af vaskemaskiner med møntindkast, jf. 96.10.20"
2768;1;U;U;U;;AKTIVITETER I HUSHOLDNINGER MED ANSAT MEDHJÆLP OG HUSHOLDNINGERS PRODUKTION AF UDIFFERENTIEREDE VARER OG TJENESTEYDELSER TIL EGET BRUG;ACTIVITIES OF HOUSEHOLDS AS EMPLOYERS AND UNDIFFERENTIATED GOODS – AND SERVICE-PRODUCING ACTIVITIES OF HOUSEHOLDS FOR OWN USE;;;;
2769;2;U;97;97;;Aktiviteter i husholdninger med ansat medhjælp;Activities of households as employers of domestic personnel;"Denne hovedgruppe omfatter kun aktiviteter i private husholdninger med ansat medhjælp. Resultatet af disse aktiviteter betragtes som produktion i ESA (European System of Accounts). Til det formål og til visse undersøgelser er denne hovedgruppe medtaget i klassifikationen.

Når de samme aktiviteter udføres af uafhængige serviceudbydere (i modsætning til medhjælpere ansat i private husholdninger), klassificeres de ikke her: fx klassificeres babysitting i undergruppe 88.91, vask af tekstiler i 96.10 og parkeringsservices i 96.99 mv.";;;
2770;3;U;97.0;970;;Aktiviteter i husholdninger med ansat medhjælp;Activities of households as employers of domestic personnel;;;;
2771;4;U;97.00;9700;;Aktiviteter i husholdninger med ansat medhjælp;Activities of households as employers of domestic personnel;"Denne undergruppe omfatter husholdningers beskæftigelse af hushjælp, fx kokke, rengøringsmedhjælpere, gartnere, chauffører, portnere, babysittere og personlige assistenter mv. 

Det giver de ansatte medhjælpere mulighed for at angive deres arbejdsgivers aktivitet i statistiske optællinger eller undersøgelser, selvom arbejdsgiveren er en privatperson. Det produkt, som fremkommer ved denne aktivitet, forbruges af den husholdning, hvor medhjælperen er ansat.";;;
2772;5;U;97.00.00;970000;;Aktiviteter i husholdninger med ansat medhjælp;Activities of households as employers of domestic personnel;Branchen omfatter private husholdninger med ansat medhjælp, fx kokke, gartnere, sekretærer og husassistenter, fx au pair. Personer med funktionsnedsættelse med egen ansat hjælp er også omfattet.;- husholdningers beskæftigelse af hushjælp, fx kokke, rengøringsmedhjælpere, gartnere, chauffører, portnere, babysittere, personlige assistenter mv. Det produkt, som fremkommer ved denne aktivitet, forbruges af den husholdning, hvor medhjælpen er ansat;- personer med funktionsnedsættelser med egen ansat hjælper;- personlige ydelser eller husholdningsydelser (fx rengøring, strygning, madlavning, havearbejde, hjemmepleje) udført af serviceudbydere (kommercielle, almennyttige, offentlige organisationer eller selvstændige), jf. den pågældende type af service
2773;2;U;98;98;;Private husholdningers produktion af udifferentierede varer og tjenesteydelser til eget brug;Undifferentiated goods- and service-producing activities of private households for own use;"Denne hovedgruppe omfatter husholdningers produktion af ikke nærmere angivne varer og tjenester til eget forbrug. 

Husholdninger skal kun klassificeres her, hvis det ikke er muligt at identificere en primær aktivitet for husholdningens selvforsyningsaktiviteter. Hvis husholdningen tager del i markedsaktiviteter, skal de klassificeres efter den primære markedsaktivitet, der udføres.";;;
2774;3;U;98.1;981;;Private husholdningers produktion af udifferentierede varer til eget brug;Undifferentiated goods-producing activities of private households for own use;;;;
2775;4;U;98.10;9810;;Private husholdningers produktion af udifferentierede varer til eget brug;Undifferentiated goods-producing activities of private households for own use;"Denne undergruppe omfatter husholdningers produktion af ikke nærmere angivne varer til egen forsørgelse, dvs. aktiviteter i husholdninger, der foretager sig forskellige aktiviteter til produktion af varer til egen forsørgelse. Disse aktiviteter omfatter jagt og indsamling, dyrkning af jord, produktion af læskure og beklædning og andre varer produceret af husholdningen til egen forsørgelse.

Hvis husholdningerne også beskæftiger sig med produktion af markedsførte produkter, klassificeres de under den relevante fremstillingsbranche. Hvis de primært er beskæftiget med produktion af en bestemt vare til egen forsørgelse, klassificeres de under den relevante fremstillingsbranche.";;;
2776;5;U;98.10.00;981000;;Private husholdningers produktion af udifferentierede varer til eget brug;Undifferentiated goods-producing activities of private households for own use;Branchen omfatter husholdningers produktion af varer til eget forbrug, fx jagt, indsamling, landbrug samt produktion af beklædning til egen forsørgelse.;- husholdningers produktion af ikke nærmere angivne varer til egen forsørgelse, dvs. aktiviteter i husholdninger, der foretager sig forskellige aktiviteter til produktion af varer til egen forsørgelse. Disse aktiviteter omfatter jagt og indsamling, dyrkning af jord, produktion af læskure og beklædning og andre varer produceret af husholdningen til egen forsørgelse;;"- hvis private husholdninger producerer markedsførte produkter, klassificeres de under den pågældende vareproducerende industri i NACE
- hvis private husholdninger hovedsageligt producerer ét sepcifikt produkt til egen forsørgelse, klassificeres dette under den pågældende vareproducerende branche"
2777;3;U;98.2;982;;Private husholdningers produktion af udifferentierede tjenesteydelser til eget brug;Undifferentiated service-producing activities of private households for own use;;;;
2778;4;U;98.20;9820;;Private husholdningers produktion af udifferentierede tjenesteydelser til eget brug;Undifferentiated service-producing activities of private households for own use;"Denne undergruppe omfatter husholdningers ikke nærmere angivne produktion af tjenesteydelser til egen forsørgelse. Disse aktiviteter omfatter madlavning, undervisning, pleje af medlemmer af husholdningen og tjenesteydelser produceret af husholdninger til egen forsørgelse.

Denne undergruppe omfatter ikke hvis husholdningerne også beskæftiger sig med produktion af mange forskellige varer til eget brug. I dette tilfælde klassificeres de under husholdningers ikke nærmere angivne produktion af varer til egen forsørgelse.";;;
2779;5;U;98.20.00;982000;;Private husholdningers produktion af udifferentierede tjenesteydelser til eget brug;Undifferentiated service-producing activities of private households for own use;Branchen omfatter ydelser som fx madlavning, pasning af husholdningens medlemmer, undervisning og andre tjenesteydelser, som husholdningen producerer til egen forsørgelse.;- private husholdningers produktion af tjenesteydelser til eget forbrug, herunder madlavning, undervisning, pleje af medlemmer af husholdningen, og tjenesteydelser produceret af husholdninger til egen forsørgelse;;- hvis private husholdninger producerer både varer og tjenester til egen forsørgelse, jf. 98.10.00
2780;1;V;V;V;;EKSTERRITORIALE ORGANISATIONERS OG ORGANERS AKTIVITETER;ACTIVITIES OF EXTRATERRITORIAL ORGANISATIONS AND BODIES;;;;
2781;2;V;99;99;;Eksterritoriale organisationers og organers aktiviteter;Activities of extraterritorial organisations and bodies;;;;
2782;3;V;99.0;990;;Eksterritoriale organisationers og organers aktiviteter;Activities of extraterritorial organisations and bodies;;;;
2783;4;V;99.00;9900;;Eksterritoriale organisationers og organers aktiviteter;Activities of extraterritorial organisations and bodies;;;;
2784;5;V;99.00.10;990010;;Ambassaders eksterritoriale aktivitet;Extraterritorial activity of embassies;Branchen omfatter andre landes ambassader og konsulater.;- andre landes ambassader og konsultaters aktiviteter;;
2785;5;V;99.00.20;990020;;Andre eksterritoriale organisationers og organers aktiviteter;Activities of other extraterritorial organisations and bodies;Branchen omfatter internationale organisationer, fx Verdensbanken, Den Europæiske Frihandelssammenslutning og FN-systemets organer.;"- internationale organisationer under internationale traktater mellem stater, fx: 
 • FN og FN-systemets særlige organer, regionale organer mv.
 • Den Internationale Valutafond og Verdensbanken
 • Verdenstoldorganisationen (WCO) og OECD
 • OPEC, Den Europæiske Frihandelssammenslutning (EFTA) mv.
- Den Europæiske Unions institutioner og organer";- andre landes statslige organer, fx militærbaser, forskningsstationer mv.;- andre landes ambassader og konsulater, jf. 99.00.10
